2025-08-08 19:14:37,761:WARNING:
'cuml' is a soft dependency and not included in the pycaret installation. Please run: `pip install cuml` to install.
2025-08-08 19:14:37,761:WARNING:
'cuml' is a soft dependency and not included in the pycaret installation. Please run: `pip install cuml` to install.
2025-08-08 19:14:37,761:WARNING:
'cuml' is a soft dependency and not included in the pycaret installation. Please run: `pip install cuml` to install.
2025-08-08 19:14:37,761:WARNING:
'cuml' is a soft dependency and not included in the pycaret installation. Please run: `pip install cuml` to install.
2025-08-08 19:14:39,016:INFO:PyCaret ClassificationExperiment
2025-08-08 19:14:39,016:INFO:Logging name: clf-default-name
2025-08-08 19:14:39,016:INFO:ML Usecase: MLUsecase.CLASSIFICATION
2025-08-08 19:14:39,016:INFO:version 3.3.2
2025-08-08 19:14:39,016:INFO:Initializing setup()
2025-08-08 19:14:39,016:INFO:self.USI: e692
2025-08-08 19:14:39,016:INFO:self._variable_keys: {'y_test', '_ml_usecase', 'fold_groups_param', 'exp_id', 'pipeline', 'fold_shuffle_param', 'target_param', 'X_test', 'fold_generator', 'exp_name_log', 'n_jobs_param', 'fix_imbalance', 'log_plots_param', 'idx', 'y_train', 'gpu_n_jobs_param', 'is_multiclass', '_available_plots', 'X_train', 'seed', 'X', 'memory', 'gpu_param', 'y', 'data', 'html_param', 'USI', 'logging_param'}
2025-08-08 19:14:39,017:INFO:Checking environment
2025-08-08 19:14:39,017:INFO:python_version: 3.11.13
2025-08-08 19:14:39,017:INFO:python_build: ('main', 'Jun  5 2025 13:12:00')
2025-08-08 19:14:39,017:INFO:machine: x86_64
2025-08-08 19:14:39,017:INFO:platform: Linux-6.8.0-1030-azure-x86_64-with-glibc2.39
2025-08-08 19:14:39,017:INFO:Memory: svmem(total=8330579968, available=1996201984, percent=76.0, used=5937917952, free=201900032, active=3670478848, inactive=3801858048, buffers=44331008, cached=2146430976, shared=65966080, slab=445710336)
2025-08-08 19:14:39,017:INFO:Physical Core: 1
2025-08-08 19:14:39,018:INFO:Logical Core: 2
2025-08-08 19:14:39,018:INFO:Checking libraries
2025-08-08 19:14:39,018:INFO:System:
2025-08-08 19:14:39,018:INFO:    python: 3.11.13 (main, Jun  5 2025, 13:12:00) [GCC 11.2.0]
2025-08-08 19:14:39,018:INFO:executable: /workspaces/TechCatalyst_DE_2025/pycaret_env/bin/python
2025-08-08 19:14:39,018:INFO:   machine: Linux-6.8.0-1030-azure-x86_64-with-glibc2.39
2025-08-08 19:14:39,018:INFO:PyCaret required dependencies:
2025-08-08 19:14:39,899:INFO:                 pip: 24.0
2025-08-08 19:14:39,899:INFO:          setuptools: 65.5.0
2025-08-08 19:14:39,899:INFO:             pycaret: 3.3.2
2025-08-08 19:14:39,899:INFO:             IPython: 9.4.0
2025-08-08 19:14:39,899:INFO:          ipywidgets: 8.1.7
2025-08-08 19:14:39,899:INFO:                tqdm: 4.67.1
2025-08-08 19:14:39,899:INFO:               numpy: 1.26.4
2025-08-08 19:14:39,899:INFO:              pandas: 2.1.4
2025-08-08 19:14:39,899:INFO:              jinja2: 3.1.6
2025-08-08 19:14:39,899:INFO:               scipy: 1.11.4
2025-08-08 19:14:39,899:INFO:              joblib: 1.3.2
2025-08-08 19:14:39,900:INFO:             sklearn: 1.4.2
2025-08-08 19:14:39,900:INFO:                pyod: 2.0.5
2025-08-08 19:14:39,900:INFO:            imblearn: 0.13.0
2025-08-08 19:14:39,900:INFO:   category_encoders: 2.7.0
2025-08-08 19:14:39,900:INFO:            lightgbm: 4.6.0
2025-08-08 19:14:39,900:INFO:               numba: 0.61.2
2025-08-08 19:14:39,900:INFO:            requests: 2.32.4
2025-08-08 19:14:39,900:INFO:          matplotlib: 3.7.5
2025-08-08 19:14:39,900:INFO:          scikitplot: 0.3.7
2025-08-08 19:14:39,900:INFO:         yellowbrick: 1.5
2025-08-08 19:14:39,900:INFO:              plotly: 5.24.1
2025-08-08 19:14:39,900:INFO:    plotly-resampler: Not installed
2025-08-08 19:14:39,900:INFO:             kaleido: 1.0.0
2025-08-08 19:14:39,900:INFO:           schemdraw: 0.15
2025-08-08 19:14:39,901:INFO:         statsmodels: 0.14.5
2025-08-08 19:14:39,901:INFO:              sktime: 0.26.0
2025-08-08 19:14:39,902:INFO:               tbats: 1.1.3
2025-08-08 19:14:39,902:INFO:            pmdarima: 2.0.4
2025-08-08 19:14:39,902:INFO:              psutil: 7.0.0
2025-08-08 19:14:39,902:INFO:          markupsafe: 3.0.2
2025-08-08 19:14:39,902:INFO:             pickle5: Not installed
2025-08-08 19:14:39,902:INFO:         cloudpickle: 3.1.1
2025-08-08 19:14:39,902:INFO:         deprecation: 2.1.0
2025-08-08 19:14:39,902:INFO:              xxhash: 3.5.0
2025-08-08 19:14:39,902:INFO:           wurlitzer: 3.1.1
2025-08-08 19:14:39,902:INFO:PyCaret optional dependencies:
2025-08-08 19:14:43,230:INFO:                shap: 0.44.1
2025-08-08 19:14:43,230:INFO:           interpret: 0.6.9
2025-08-08 19:14:43,231:INFO:                umap: 0.5.7
2025-08-08 19:14:43,231:INFO:     ydata_profiling: 4.14.0
2025-08-08 19:14:43,231:INFO:  explainerdashboard: 0.4.8
2025-08-08 19:14:43,231:INFO:             autoviz: Not installed
2025-08-08 19:14:43,231:INFO:           fairlearn: 0.7.0
2025-08-08 19:14:43,231:INFO:          deepchecks: Not installed
2025-08-08 19:14:43,231:INFO:             xgboost: 3.0.3
2025-08-08 19:14:43,231:INFO:            catboost: 1.2.8
2025-08-08 19:14:43,231:INFO:              kmodes: 0.12.2
2025-08-08 19:14:43,231:INFO:             mlxtend: 0.23.4
2025-08-08 19:14:43,231:INFO:       statsforecast: 1.5.0
2025-08-08 19:14:43,231:INFO:        tune_sklearn: Not installed
2025-08-08 19:14:43,231:INFO:                 ray: Not installed
2025-08-08 19:14:43,231:INFO:            hyperopt: 0.2.7
2025-08-08 19:14:43,231:INFO:              optuna: 4.4.0
2025-08-08 19:14:43,232:INFO:               skopt: 0.10.2
2025-08-08 19:14:43,232:INFO:              mlflow: 3.2.0
2025-08-08 19:14:43,232:INFO:              gradio: 5.41.1
2025-08-08 19:14:43,232:INFO:             fastapi: 0.116.1
2025-08-08 19:14:43,232:INFO:             uvicorn: 0.35.0
2025-08-08 19:14:43,232:INFO:              m2cgen: 0.10.0
2025-08-08 19:14:43,232:INFO:           evidently: 0.4.40
2025-08-08 19:14:43,232:INFO:               fugue: 0.8.7
2025-08-08 19:14:43,232:INFO:           streamlit: Not installed
2025-08-08 19:14:43,232:INFO:             prophet: Not installed
2025-08-08 19:14:43,232:INFO:None
2025-08-08 19:14:43,232:INFO:Set up data.
2025-08-08 19:14:43,239:INFO:Set up folding strategy.
2025-08-08 19:14:43,239:INFO:Set up train/test split.
2025-08-08 19:14:43,244:INFO:Set up index.
2025-08-08 19:14:43,245:INFO:Assigning column types.
2025-08-08 19:14:43,249:INFO:Engine successfully changes for model 'lr' to 'sklearn'.
2025-08-08 19:14:43,324:INFO:Engine for model 'knn' has not been set explicitly, hence returning None.
2025-08-08 19:14:43,328:INFO:Engine for model 'rbfsvm' has not been set explicitly, hence returning None.
2025-08-08 19:14:43,373:INFO:Soft dependency imported: xgboost: 3.0.3
2025-08-08 19:14:43,375:INFO:Soft dependency imported: catboost: 1.2.8
2025-08-08 19:14:43,441:INFO:Engine for model 'knn' has not been set explicitly, hence returning None.
2025-08-08 19:14:43,442:INFO:Engine for model 'rbfsvm' has not been set explicitly, hence returning None.
2025-08-08 19:14:43,468:INFO:Soft dependency imported: xgboost: 3.0.3
2025-08-08 19:14:43,470:INFO:Soft dependency imported: catboost: 1.2.8
2025-08-08 19:14:43,471:INFO:Engine successfully changes for model 'knn' to 'sklearn'.
2025-08-08 19:14:43,515:INFO:Engine for model 'rbfsvm' has not been set explicitly, hence returning None.
2025-08-08 19:14:43,536:INFO:Soft dependency imported: xgboost: 3.0.3
2025-08-08 19:14:43,538:INFO:Soft dependency imported: catboost: 1.2.8
2025-08-08 19:14:43,611:INFO:Engine for model 'rbfsvm' has not been set explicitly, hence returning None.
2025-08-08 19:14:43,654:INFO:Soft dependency imported: xgboost: 3.0.3
2025-08-08 19:14:43,658:INFO:Soft dependency imported: catboost: 1.2.8
2025-08-08 19:14:43,659:INFO:Engine successfully changes for model 'rbfsvm' to 'sklearn'.
2025-08-08 19:14:43,770:INFO:Soft dependency imported: xgboost: 3.0.3
2025-08-08 19:14:43,774:INFO:Soft dependency imported: catboost: 1.2.8
2025-08-08 19:14:43,858:INFO:Soft dependency imported: xgboost: 3.0.3
2025-08-08 19:14:43,860:INFO:Soft dependency imported: catboost: 1.2.8
2025-08-08 19:14:43,861:INFO:Preparing preprocessing pipeline...
2025-08-08 19:14:43,862:INFO:Set up simple imputation.
2025-08-08 19:14:43,863:INFO:Set up column name cleaning.
2025-08-08 19:14:43,882:INFO:Finished creating preprocessing pipeline.
2025-08-08 19:14:43,886:INFO:Pipeline: Pipeline(memory=FastMemory(location=/tmp/joblib),
         steps=[('numerical_imputer',
                 TransformerWrapper(exclude=None,
                                    include=['Number of times pregnant',
                                             'Plasma glucose concentration a 2 '
                                             'hours in an oral glucose '
                                             'tolerance test',
                                             'Diastolic blood pressure (mm Hg)',
                                             'Triceps skin fold thickness (mm)',
                                             '2-Hour serum insulin (mu U/ml)',
                                             'Body mass index (weight in '
                                             'kg/(height in m)^2)',
                                             'Diab...
                ('categorical_imputer',
                 TransformerWrapper(exclude=None, include=[],
                                    transformer=SimpleImputer(add_indicator=False,
                                                              copy=True,
                                                              fill_value=None,
                                                              keep_empty_features=False,
                                                              missing_values=nan,
                                                              strategy='most_frequent'))),
                ('clean_column_names',
                 TransformerWrapper(exclude=None, include=None,
                                    transformer=CleanColumnNames(match='[\\]\\[\\,\\{\\}\\"\\:]+')))],
         verbose=False)
2025-08-08 19:14:43,886:INFO:Creating final display dataframe.
2025-08-08 19:14:43,981:INFO:Setup _display_container:                     Description             Value
0                    Session id               123
1                        Target    Class variable
2                   Target type            Binary
3           Original data shape          (768, 9)
4        Transformed data shape          (768, 9)
5   Transformed train set shape          (537, 9)
6    Transformed test set shape          (231, 9)
7              Numeric features                 8
8                    Preprocess              True
9               Imputation type            simple
10           Numeric imputation              mean
11       Categorical imputation              mode
12               Fold Generator   StratifiedKFold
13                  Fold Number                10
14                     CPU Jobs                -1
15                      Use GPU             False
16               Log Experiment             False
17              Experiment Name  clf-default-name
18                          USI              e692
2025-08-08 19:14:44,111:INFO:Soft dependency imported: xgboost: 3.0.3
2025-08-08 19:14:44,115:INFO:Soft dependency imported: catboost: 1.2.8
2025-08-08 19:14:44,215:INFO:Soft dependency imported: xgboost: 3.0.3
2025-08-08 19:14:44,219:INFO:Soft dependency imported: catboost: 1.2.8
2025-08-08 19:14:44,221:INFO:setup() successfully completed in 5.21s...............
2025-08-08 19:14:49,198:INFO:Initializing compare_models()
2025-08-08 19:14:49,201:INFO:compare_models(self=<pycaret.classification.oop.ClassificationExperiment object at 0x72c32d2c6550>, include=None, exclude=None, fold=None, round=4, cross_validation=True, sort=Accuracy, n_select=1, budget_time=None, turbo=True, errors=ignore, fit_kwargs=None, groups=None, experiment_custom_tags=None, probability_threshold=None, verbose=True, parallel=None, caller_params={'self': <pycaret.classification.oop.ClassificationExperiment object at 0x72c32d2c6550>, 'include': None, 'exclude': None, 'fold': None, 'round': 4, 'cross_validation': True, 'sort': 'Accuracy', 'n_select': 1, 'budget_time': None, 'turbo': True, 'errors': 'ignore', 'fit_kwargs': None, 'groups': None, 'experiment_custom_tags': None, 'probability_threshold': None, 'engine': None, 'verbose': True, 'parallel': None, '__class__': <class 'pycaret.classification.oop.ClassificationExperiment'>})
2025-08-08 19:14:49,201:INFO:Checking exceptions
2025-08-08 19:14:49,212:INFO:Preparing display monitor
2025-08-08 19:14:49,263:INFO:Initializing Logistic Regression
2025-08-08 19:14:49,263:INFO:Total runtime is 2.5312105814615887e-06 minutes
2025-08-08 19:14:49,268:INFO:SubProcess create_model() called ==================================
2025-08-08 19:14:49,268:INFO:Initializing create_model()
2025-08-08 19:14:49,268:INFO:create_model(self=<pycaret.classification.oop.ClassificationExperiment object at 0x72c32d2c6550>, estimator=lr, fold=StratifiedKFold(n_splits=10, random_state=None, shuffle=False), round=4, cross_validation=True, predict=True, fit_kwargs={}, groups=None, refit=False, probability_threshold=None, experiment_custom_tags=None, verbose=False, system=False, add_to_model_list=True, metrics=None, display=<pycaret.internal.display.display.CommonDisplay object at 0x72c30adb1550>, model_only=True, return_train_score=False, error_score=0.0, kwargs={})
2025-08-08 19:14:49,268:INFO:Checking exceptions
2025-08-08 19:14:49,268:INFO:Importing libraries
2025-08-08 19:14:49,268:INFO:Copying training dataset
2025-08-08 19:14:49,273:INFO:Defining folds
2025-08-08 19:14:49,273:INFO:Declaring metric variables
2025-08-08 19:14:49,277:INFO:Importing untrained model
2025-08-08 19:14:49,280:INFO:Logistic Regression Imported successfully
2025-08-08 19:14:49,287:INFO:Starting cross validation
2025-08-08 19:14:49,288:INFO:Cross validating with StratifiedKFold(n_splits=10, random_state=None, shuffle=False), n_jobs=-1
2025-08-08 19:14:56,137:INFO:Calculating mean and std
2025-08-08 19:14:56,140:INFO:Creating metrics dataframe
2025-08-08 19:14:56,147:INFO:Uploading results into container
2025-08-08 19:14:56,148:INFO:Uploading model into container now
2025-08-08 19:14:56,148:INFO:_master_model_container: 1
2025-08-08 19:14:56,151:INFO:_display_container: 2
2025-08-08 19:14:56,151:INFO:LogisticRegression(C=1.0, class_weight=None, dual=False, fit_intercept=True,
                   intercept_scaling=1, l1_ratio=None, max_iter=1000,
                   multi_class='auto', n_jobs=None, penalty='l2',
                   random_state=123, solver='lbfgs', tol=0.0001, verbose=0,
                   warm_start=False)
2025-08-08 19:14:56,151:INFO:create_model() successfully completed......................................
2025-08-08 19:14:56,679:INFO:SubProcess create_model() end ==================================
2025-08-08 19:14:56,679:INFO:Creating metrics dataframe
2025-08-08 19:14:56,688:INFO:Initializing K Neighbors Classifier
2025-08-08 19:14:56,688:INFO:Total runtime is 0.12374961773554484 minutes
2025-08-08 19:14:56,695:INFO:SubProcess create_model() called ==================================
2025-08-08 19:14:56,695:INFO:Initializing create_model()
2025-08-08 19:14:56,695:INFO:create_model(self=<pycaret.classification.oop.ClassificationExperiment object at 0x72c32d2c6550>, estimator=knn, fold=StratifiedKFold(n_splits=10, random_state=None, shuffle=False), round=4, cross_validation=True, predict=True, fit_kwargs={}, groups=None, refit=False, probability_threshold=None, experiment_custom_tags=None, verbose=False, system=False, add_to_model_list=True, metrics=None, display=<pycaret.internal.display.display.CommonDisplay object at 0x72c30adb1550>, model_only=True, return_train_score=False, error_score=0.0, kwargs={})
2025-08-08 19:14:56,695:INFO:Checking exceptions
2025-08-08 19:14:56,695:INFO:Importing libraries
2025-08-08 19:14:56,695:INFO:Copying training dataset
2025-08-08 19:14:56,701:INFO:Defining folds
2025-08-08 19:14:56,701:INFO:Declaring metric variables
2025-08-08 19:14:56,705:INFO:Importing untrained model
2025-08-08 19:14:56,709:INFO:K Neighbors Classifier Imported successfully
2025-08-08 19:14:56,716:INFO:Starting cross validation
2025-08-08 19:14:56,717:INFO:Cross validating with StratifiedKFold(n_splits=10, random_state=None, shuffle=False), n_jobs=-1
2025-08-08 19:14:57,082:INFO:Calculating mean and std
2025-08-08 19:14:57,083:INFO:Creating metrics dataframe
2025-08-08 19:14:57,085:INFO:Uploading results into container
2025-08-08 19:14:57,085:INFO:Uploading model into container now
2025-08-08 19:14:57,086:INFO:_master_model_container: 2
2025-08-08 19:14:57,086:INFO:_display_container: 2
2025-08-08 19:14:57,086:INFO:KNeighborsClassifier(algorithm='auto', leaf_size=30, metric='minkowski',
                     metric_params=None, n_jobs=-1, n_neighbors=5, p=2,
                     weights='uniform')
2025-08-08 19:14:57,087:INFO:create_model() successfully completed......................................
2025-08-08 19:14:57,274:INFO:SubProcess create_model() end ==================================
2025-08-08 19:14:57,274:INFO:Creating metrics dataframe
2025-08-08 19:14:57,280:INFO:Initializing Naive Bayes
2025-08-08 19:14:57,280:INFO:Total runtime is 0.13362456957499186 minutes
2025-08-08 19:14:57,284:INFO:SubProcess create_model() called ==================================
2025-08-08 19:14:57,284:INFO:Initializing create_model()
2025-08-08 19:14:57,284:INFO:create_model(self=<pycaret.classification.oop.ClassificationExperiment object at 0x72c32d2c6550>, estimator=nb, fold=StratifiedKFold(n_splits=10, random_state=None, shuffle=False), round=4, cross_validation=True, predict=True, fit_kwargs={}, groups=None, refit=False, probability_threshold=None, experiment_custom_tags=None, verbose=False, system=False, add_to_model_list=True, metrics=None, display=<pycaret.internal.display.display.CommonDisplay object at 0x72c30adb1550>, model_only=True, return_train_score=False, error_score=0.0, kwargs={})
2025-08-08 19:14:57,284:INFO:Checking exceptions
2025-08-08 19:14:57,284:INFO:Importing libraries
2025-08-08 19:14:57,284:INFO:Copying training dataset
2025-08-08 19:14:57,290:INFO:Defining folds
2025-08-08 19:14:57,290:INFO:Declaring metric variables
2025-08-08 19:14:57,293:INFO:Importing untrained model
2025-08-08 19:14:57,297:INFO:Naive Bayes Imported successfully
2025-08-08 19:14:57,303:INFO:Starting cross validation
2025-08-08 19:14:57,304:INFO:Cross validating with StratifiedKFold(n_splits=10, random_state=None, shuffle=False), n_jobs=-1
2025-08-08 19:14:57,631:INFO:Calculating mean and std
2025-08-08 19:14:57,632:INFO:Creating metrics dataframe
2025-08-08 19:14:57,636:INFO:Uploading results into container
2025-08-08 19:14:57,637:INFO:Uploading model into container now
2025-08-08 19:14:57,637:INFO:_master_model_container: 3
2025-08-08 19:14:57,637:INFO:_display_container: 2
2025-08-08 19:14:57,637:INFO:GaussianNB(priors=None, var_smoothing=1e-09)
2025-08-08 19:14:57,637:INFO:create_model() successfully completed......................................
2025-08-08 19:14:57,804:INFO:SubProcess create_model() end ==================================
2025-08-08 19:14:57,804:INFO:Creating metrics dataframe
2025-08-08 19:14:57,810:INFO:Initializing Decision Tree Classifier
2025-08-08 19:14:57,811:INFO:Total runtime is 0.14245996475219727 minutes
2025-08-08 19:14:57,814:INFO:SubProcess create_model() called ==================================
2025-08-08 19:14:57,814:INFO:Initializing create_model()
2025-08-08 19:14:57,814:INFO:create_model(self=<pycaret.classification.oop.ClassificationExperiment object at 0x72c32d2c6550>, estimator=dt, fold=StratifiedKFold(n_splits=10, random_state=None, shuffle=False), round=4, cross_validation=True, predict=True, fit_kwargs={}, groups=None, refit=False, probability_threshold=None, experiment_custom_tags=None, verbose=False, system=False, add_to_model_list=True, metrics=None, display=<pycaret.internal.display.display.CommonDisplay object at 0x72c30adb1550>, model_only=True, return_train_score=False, error_score=0.0, kwargs={})
2025-08-08 19:14:57,814:INFO:Checking exceptions
2025-08-08 19:14:57,814:INFO:Importing libraries
2025-08-08 19:14:57,814:INFO:Copying training dataset
2025-08-08 19:14:57,821:INFO:Defining folds
2025-08-08 19:14:57,821:INFO:Declaring metric variables
2025-08-08 19:14:57,824:INFO:Importing untrained model
2025-08-08 19:14:57,827:INFO:Decision Tree Classifier Imported successfully
2025-08-08 19:14:57,832:INFO:Starting cross validation
2025-08-08 19:14:57,833:INFO:Cross validating with StratifiedKFold(n_splits=10, random_state=None, shuffle=False), n_jobs=-1
2025-08-08 19:14:58,024:INFO:Calculating mean and std
2025-08-08 19:14:58,025:INFO:Creating metrics dataframe
2025-08-08 19:14:58,027:INFO:Uploading results into container
2025-08-08 19:14:58,028:INFO:Uploading model into container now
2025-08-08 19:14:58,029:INFO:_master_model_container: 4
2025-08-08 19:14:58,029:INFO:_display_container: 2
2025-08-08 19:14:58,029:INFO:DecisionTreeClassifier(ccp_alpha=0.0, class_weight=None, criterion='gini',
                       max_depth=None, max_features=None, max_leaf_nodes=None,
                       min_impurity_decrease=0.0, min_samples_leaf=1,
                       min_samples_split=2, min_weight_fraction_leaf=0.0,
                       monotonic_cst=None, random_state=123, splitter='best')
2025-08-08 19:14:58,029:INFO:create_model() successfully completed......................................
2025-08-08 19:14:58,191:INFO:SubProcess create_model() end ==================================
2025-08-08 19:14:58,191:INFO:Creating metrics dataframe
2025-08-08 19:14:58,200:INFO:Initializing SVM - Linear Kernel
2025-08-08 19:14:58,200:INFO:Total runtime is 0.14895652929941813 minutes
2025-08-08 19:14:58,205:INFO:SubProcess create_model() called ==================================
2025-08-08 19:14:58,205:INFO:Initializing create_model()
2025-08-08 19:14:58,205:INFO:create_model(self=<pycaret.classification.oop.ClassificationExperiment object at 0x72c32d2c6550>, estimator=svm, fold=StratifiedKFold(n_splits=10, random_state=None, shuffle=False), round=4, cross_validation=True, predict=True, fit_kwargs={}, groups=None, refit=False, probability_threshold=None, experiment_custom_tags=None, verbose=False, system=False, add_to_model_list=True, metrics=None, display=<pycaret.internal.display.display.CommonDisplay object at 0x72c30adb1550>, model_only=True, return_train_score=False, error_score=0.0, kwargs={})
2025-08-08 19:14:58,205:INFO:Checking exceptions
2025-08-08 19:14:58,205:INFO:Importing libraries
2025-08-08 19:14:58,206:INFO:Copying training dataset
2025-08-08 19:14:58,211:INFO:Defining folds
2025-08-08 19:14:58,211:INFO:Declaring metric variables
2025-08-08 19:14:58,214:INFO:Importing untrained model
2025-08-08 19:14:58,218:INFO:SVM - Linear Kernel Imported successfully
2025-08-08 19:14:58,225:INFO:Starting cross validation
2025-08-08 19:14:58,226:INFO:Cross validating with StratifiedKFold(n_splits=10, random_state=None, shuffle=False), n_jobs=-1
2025-08-08 19:14:58,415:WARNING:/workspaces/TechCatalyst_DE_2025/pycaret_env/lib/python3.11/site-packages/sklearn/metrics/_classification.py:1509: UndefinedMetricWarning: Precision is ill-defined and being set to 0.0 due to no predicted samples. Use `zero_division` parameter to control this behavior.
  _warn_prf(average, modifier, f"{metric.capitalize()} is", len(result))

2025-08-08 19:14:58,456:WARNING:/workspaces/TechCatalyst_DE_2025/pycaret_env/lib/python3.11/site-packages/sklearn/metrics/_classification.py:1509: UndefinedMetricWarning: Precision is ill-defined and being set to 0.0 due to no predicted samples. Use `zero_division` parameter to control this behavior.
  _warn_prf(average, modifier, f"{metric.capitalize()} is", len(result))

2025-08-08 19:14:58,506:INFO:Calculating mean and std
2025-08-08 19:14:58,507:INFO:Creating metrics dataframe
2025-08-08 19:14:58,509:INFO:Uploading results into container
2025-08-08 19:14:58,509:INFO:Uploading model into container now
2025-08-08 19:14:58,510:INFO:_master_model_container: 5
2025-08-08 19:14:58,510:INFO:_display_container: 2
2025-08-08 19:14:58,511:INFO:SGDClassifier(alpha=0.0001, average=False, class_weight=None,
              early_stopping=False, epsilon=0.1, eta0=0.001, fit_intercept=True,
              l1_ratio=0.15, learning_rate='optimal', loss='hinge',
              max_iter=1000, n_iter_no_change=5, n_jobs=-1, penalty='l2',
              power_t=0.5, random_state=123, shuffle=True, tol=0.001,
              validation_fraction=0.1, verbose=0, warm_start=False)
2025-08-08 19:14:58,511:INFO:create_model() successfully completed......................................
2025-08-08 19:14:58,673:INFO:SubProcess create_model() end ==================================
2025-08-08 19:14:58,673:INFO:Creating metrics dataframe
2025-08-08 19:14:58,679:INFO:Initializing Ridge Classifier
2025-08-08 19:14:58,679:INFO:Total runtime is 0.15694031318028767 minutes
2025-08-08 19:14:58,683:INFO:SubProcess create_model() called ==================================
2025-08-08 19:14:58,684:INFO:Initializing create_model()
2025-08-08 19:14:58,684:INFO:create_model(self=<pycaret.classification.oop.ClassificationExperiment object at 0x72c32d2c6550>, estimator=ridge, fold=StratifiedKFold(n_splits=10, random_state=None, shuffle=False), round=4, cross_validation=True, predict=True, fit_kwargs={}, groups=None, refit=False, probability_threshold=None, experiment_custom_tags=None, verbose=False, system=False, add_to_model_list=True, metrics=None, display=<pycaret.internal.display.display.CommonDisplay object at 0x72c30adb1550>, model_only=True, return_train_score=False, error_score=0.0, kwargs={})
2025-08-08 19:14:58,684:INFO:Checking exceptions
2025-08-08 19:14:58,684:INFO:Importing libraries
2025-08-08 19:14:58,684:INFO:Copying training dataset
2025-08-08 19:14:58,690:INFO:Defining folds
2025-08-08 19:14:58,692:INFO:Declaring metric variables
2025-08-08 19:14:58,696:INFO:Importing untrained model
2025-08-08 19:14:58,700:INFO:Ridge Classifier Imported successfully
2025-08-08 19:14:58,708:INFO:Starting cross validation
2025-08-08 19:14:58,709:INFO:Cross validating with StratifiedKFold(n_splits=10, random_state=None, shuffle=False), n_jobs=-1
2025-08-08 19:14:58,997:INFO:Calculating mean and std
2025-08-08 19:14:58,998:INFO:Creating metrics dataframe
2025-08-08 19:14:59,000:INFO:Uploading results into container
2025-08-08 19:14:59,001:INFO:Uploading model into container now
2025-08-08 19:14:59,001:INFO:_master_model_container: 6
2025-08-08 19:14:59,003:INFO:_display_container: 2
2025-08-08 19:14:59,003:INFO:RidgeClassifier(alpha=1.0, class_weight=None, copy_X=True, fit_intercept=True,
                max_iter=None, positive=False, random_state=123, solver='auto',
                tol=0.0001)
2025-08-08 19:14:59,003:INFO:create_model() successfully completed......................................
2025-08-08 19:14:59,190:INFO:SubProcess create_model() end ==================================
2025-08-08 19:14:59,191:INFO:Creating metrics dataframe
2025-08-08 19:14:59,200:INFO:Initializing Random Forest Classifier
2025-08-08 19:14:59,200:INFO:Total runtime is 0.16562464237213134 minutes
2025-08-08 19:14:59,204:INFO:SubProcess create_model() called ==================================
2025-08-08 19:14:59,204:INFO:Initializing create_model()
2025-08-08 19:14:59,204:INFO:create_model(self=<pycaret.classification.oop.ClassificationExperiment object at 0x72c32d2c6550>, estimator=rf, fold=StratifiedKFold(n_splits=10, random_state=None, shuffle=False), round=4, cross_validation=True, predict=True, fit_kwargs={}, groups=None, refit=False, probability_threshold=None, experiment_custom_tags=None, verbose=False, system=False, add_to_model_list=True, metrics=None, display=<pycaret.internal.display.display.CommonDisplay object at 0x72c30adb1550>, model_only=True, return_train_score=False, error_score=0.0, kwargs={})
2025-08-08 19:14:59,204:INFO:Checking exceptions
2025-08-08 19:14:59,204:INFO:Importing libraries
2025-08-08 19:14:59,204:INFO:Copying training dataset
2025-08-08 19:14:59,209:INFO:Defining folds
2025-08-08 19:14:59,210:INFO:Declaring metric variables
2025-08-08 19:14:59,215:INFO:Importing untrained model
2025-08-08 19:14:59,220:INFO:Random Forest Classifier Imported successfully
2025-08-08 19:14:59,227:INFO:Starting cross validation
2025-08-08 19:14:59,228:INFO:Cross validating with StratifiedKFold(n_splits=10, random_state=None, shuffle=False), n_jobs=-1
2025-08-08 19:15:01,784:INFO:Calculating mean and std
2025-08-08 19:15:01,786:INFO:Creating metrics dataframe
2025-08-08 19:15:01,791:INFO:Uploading results into container
2025-08-08 19:15:01,791:INFO:Uploading model into container now
2025-08-08 19:15:01,791:INFO:_master_model_container: 7
2025-08-08 19:15:01,792:INFO:_display_container: 2
2025-08-08 19:15:01,792:INFO:RandomForestClassifier(bootstrap=True, ccp_alpha=0.0, class_weight=None,
                       criterion='gini', max_depth=None, max_features='sqrt',
                       max_leaf_nodes=None, max_samples=None,
                       min_impurity_decrease=0.0, min_samples_leaf=1,
                       min_samples_split=2, min_weight_fraction_leaf=0.0,
                       monotonic_cst=None, n_estimators=100, n_jobs=-1,
                       oob_score=False, random_state=123, verbose=0,
                       warm_start=False)
2025-08-08 19:15:01,792:INFO:create_model() successfully completed......................................
2025-08-08 19:15:02,002:INFO:SubProcess create_model() end ==================================
2025-08-08 19:15:02,003:INFO:Creating metrics dataframe
2025-08-08 19:15:02,012:INFO:Initializing Quadratic Discriminant Analysis
2025-08-08 19:15:02,012:INFO:Total runtime is 0.21248943010965982 minutes
2025-08-08 19:15:02,016:INFO:SubProcess create_model() called ==================================
2025-08-08 19:15:02,016:INFO:Initializing create_model()
2025-08-08 19:15:02,017:INFO:create_model(self=<pycaret.classification.oop.ClassificationExperiment object at 0x72c32d2c6550>, estimator=qda, fold=StratifiedKFold(n_splits=10, random_state=None, shuffle=False), round=4, cross_validation=True, predict=True, fit_kwargs={}, groups=None, refit=False, probability_threshold=None, experiment_custom_tags=None, verbose=False, system=False, add_to_model_list=True, metrics=None, display=<pycaret.internal.display.display.CommonDisplay object at 0x72c30adb1550>, model_only=True, return_train_score=False, error_score=0.0, kwargs={})
2025-08-08 19:15:02,017:INFO:Checking exceptions
2025-08-08 19:15:02,017:INFO:Importing libraries
2025-08-08 19:15:02,017:INFO:Copying training dataset
2025-08-08 19:15:02,022:INFO:Defining folds
2025-08-08 19:15:02,022:INFO:Declaring metric variables
2025-08-08 19:15:02,026:INFO:Importing untrained model
2025-08-08 19:15:02,030:INFO:Quadratic Discriminant Analysis Imported successfully
2025-08-08 19:15:02,040:INFO:Starting cross validation
2025-08-08 19:15:02,042:INFO:Cross validating with StratifiedKFold(n_splits=10, random_state=None, shuffle=False), n_jobs=-1
2025-08-08 19:15:02,247:INFO:Calculating mean and std
2025-08-08 19:15:02,250:INFO:Creating metrics dataframe
2025-08-08 19:15:02,253:INFO:Uploading results into container
2025-08-08 19:15:02,253:INFO:Uploading model into container now
2025-08-08 19:15:02,254:INFO:_master_model_container: 8
2025-08-08 19:15:02,254:INFO:_display_container: 2
2025-08-08 19:15:02,255:INFO:QuadraticDiscriminantAnalysis(priors=None, reg_param=0.0,
                              store_covariance=False, tol=0.0001)
2025-08-08 19:15:02,255:INFO:create_model() successfully completed......................................
2025-08-08 19:15:02,456:INFO:SubProcess create_model() end ==================================
2025-08-08 19:15:02,456:INFO:Creating metrics dataframe
2025-08-08 19:15:02,463:INFO:Initializing Ada Boost Classifier
2025-08-08 19:15:02,463:INFO:Total runtime is 0.21999992926915485 minutes
2025-08-08 19:15:02,467:INFO:SubProcess create_model() called ==================================
2025-08-08 19:15:02,467:INFO:Initializing create_model()
2025-08-08 19:15:02,467:INFO:create_model(self=<pycaret.classification.oop.ClassificationExperiment object at 0x72c32d2c6550>, estimator=ada, fold=StratifiedKFold(n_splits=10, random_state=None, shuffle=False), round=4, cross_validation=True, predict=True, fit_kwargs={}, groups=None, refit=False, probability_threshold=None, experiment_custom_tags=None, verbose=False, system=False, add_to_model_list=True, metrics=None, display=<pycaret.internal.display.display.CommonDisplay object at 0x72c30adb1550>, model_only=True, return_train_score=False, error_score=0.0, kwargs={})
2025-08-08 19:15:02,468:INFO:Checking exceptions
2025-08-08 19:15:02,468:INFO:Importing libraries
2025-08-08 19:15:02,468:INFO:Copying training dataset
2025-08-08 19:15:02,473:INFO:Defining folds
2025-08-08 19:15:02,473:INFO:Declaring metric variables
2025-08-08 19:15:02,476:INFO:Importing untrained model
2025-08-08 19:15:02,479:INFO:Ada Boost Classifier Imported successfully
2025-08-08 19:15:02,484:INFO:Starting cross validation
2025-08-08 19:15:02,484:INFO:Cross validating with StratifiedKFold(n_splits=10, random_state=None, shuffle=False), n_jobs=-1
2025-08-08 19:15:02,507:WARNING:/workspaces/TechCatalyst_DE_2025/pycaret_env/lib/python3.11/site-packages/sklearn/ensemble/_weight_boosting.py:519: FutureWarning: The SAMME.R algorithm (the default) is deprecated and will be removed in 1.6. Use the SAMME algorithm to circumvent this warning.
  warnings.warn(

2025-08-08 19:15:02,507:WARNING:/workspaces/TechCatalyst_DE_2025/pycaret_env/lib/python3.11/site-packages/sklearn/ensemble/_weight_boosting.py:519: FutureWarning: The SAMME.R algorithm (the default) is deprecated and will be removed in 1.6. Use the SAMME algorithm to circumvent this warning.
  warnings.warn(

2025-08-08 19:15:02,655:WARNING:/workspaces/TechCatalyst_DE_2025/pycaret_env/lib/python3.11/site-packages/sklearn/ensemble/_weight_boosting.py:519: FutureWarning: The SAMME.R algorithm (the default) is deprecated and will be removed in 1.6. Use the SAMME algorithm to circumvent this warning.
  warnings.warn(

2025-08-08 19:15:02,691:WARNING:/workspaces/TechCatalyst_DE_2025/pycaret_env/lib/python3.11/site-packages/sklearn/ensemble/_weight_boosting.py:519: FutureWarning: The SAMME.R algorithm (the default) is deprecated and will be removed in 1.6. Use the SAMME algorithm to circumvent this warning.
  warnings.warn(

2025-08-08 19:15:02,956:WARNING:/workspaces/TechCatalyst_DE_2025/pycaret_env/lib/python3.11/site-packages/sklearn/ensemble/_weight_boosting.py:519: FutureWarning: The SAMME.R algorithm (the default) is deprecated and will be removed in 1.6. Use the SAMME algorithm to circumvent this warning.
  warnings.warn(

2025-08-08 19:15:03,004:WARNING:/workspaces/TechCatalyst_DE_2025/pycaret_env/lib/python3.11/site-packages/sklearn/ensemble/_weight_boosting.py:519: FutureWarning: The SAMME.R algorithm (the default) is deprecated and will be removed in 1.6. Use the SAMME algorithm to circumvent this warning.
  warnings.warn(

2025-08-08 19:15:03,137:WARNING:/workspaces/TechCatalyst_DE_2025/pycaret_env/lib/python3.11/site-packages/sklearn/ensemble/_weight_boosting.py:519: FutureWarning: The SAMME.R algorithm (the default) is deprecated and will be removed in 1.6. Use the SAMME algorithm to circumvent this warning.
  warnings.warn(

2025-08-08 19:15:03,269:WARNING:/workspaces/TechCatalyst_DE_2025/pycaret_env/lib/python3.11/site-packages/sklearn/ensemble/_weight_boosting.py:519: FutureWarning: The SAMME.R algorithm (the default) is deprecated and will be removed in 1.6. Use the SAMME algorithm to circumvent this warning.
  warnings.warn(

2025-08-08 19:15:03,373:WARNING:/workspaces/TechCatalyst_DE_2025/pycaret_env/lib/python3.11/site-packages/sklearn/ensemble/_weight_boosting.py:519: FutureWarning: The SAMME.R algorithm (the default) is deprecated and will be removed in 1.6. Use the SAMME algorithm to circumvent this warning.
  warnings.warn(

2025-08-08 19:15:03,511:WARNING:/workspaces/TechCatalyst_DE_2025/pycaret_env/lib/python3.11/site-packages/sklearn/ensemble/_weight_boosting.py:519: FutureWarning: The SAMME.R algorithm (the default) is deprecated and will be removed in 1.6. Use the SAMME algorithm to circumvent this warning.
  warnings.warn(

2025-08-08 19:15:03,658:INFO:Calculating mean and std
2025-08-08 19:15:03,659:INFO:Creating metrics dataframe
2025-08-08 19:15:03,664:INFO:Uploading results into container
2025-08-08 19:15:03,664:INFO:Uploading model into container now
2025-08-08 19:15:03,665:INFO:_master_model_container: 9
2025-08-08 19:15:03,665:INFO:_display_container: 2
2025-08-08 19:15:03,666:INFO:AdaBoostClassifier(algorithm='SAMME.R', estimator=None, learning_rate=1.0,
                   n_estimators=50, random_state=123)
2025-08-08 19:15:03,666:INFO:create_model() successfully completed......................................
2025-08-08 19:15:03,839:INFO:SubProcess create_model() end ==================================
2025-08-08 19:15:03,840:INFO:Creating metrics dataframe
2025-08-08 19:15:03,846:INFO:Initializing Gradient Boosting Classifier
2025-08-08 19:15:03,847:INFO:Total runtime is 0.24306239287058512 minutes
2025-08-08 19:15:03,854:INFO:SubProcess create_model() called ==================================
2025-08-08 19:15:03,858:INFO:Initializing create_model()
2025-08-08 19:15:03,858:INFO:create_model(self=<pycaret.classification.oop.ClassificationExperiment object at 0x72c32d2c6550>, estimator=gbc, fold=StratifiedKFold(n_splits=10, random_state=None, shuffle=False), round=4, cross_validation=True, predict=True, fit_kwargs={}, groups=None, refit=False, probability_threshold=None, experiment_custom_tags=None, verbose=False, system=False, add_to_model_list=True, metrics=None, display=<pycaret.internal.display.display.CommonDisplay object at 0x72c30adb1550>, model_only=True, return_train_score=False, error_score=0.0, kwargs={})
2025-08-08 19:15:03,858:INFO:Checking exceptions
2025-08-08 19:15:03,858:INFO:Importing libraries
2025-08-08 19:15:03,858:INFO:Copying training dataset
2025-08-08 19:15:03,882:INFO:Defining folds
2025-08-08 19:15:03,882:INFO:Declaring metric variables
2025-08-08 19:15:03,892:INFO:Importing untrained model
2025-08-08 19:15:03,904:INFO:Gradient Boosting Classifier Imported successfully
2025-08-08 19:15:03,933:INFO:Starting cross validation
2025-08-08 19:15:03,934:INFO:Cross validating with StratifiedKFold(n_splits=10, random_state=None, shuffle=False), n_jobs=-1
2025-08-08 19:15:06,900:INFO:Calculating mean and std
2025-08-08 19:15:06,908:INFO:Creating metrics dataframe
2025-08-08 19:15:06,915:INFO:Uploading results into container
2025-08-08 19:15:06,916:INFO:Uploading model into container now
2025-08-08 19:15:06,916:INFO:_master_model_container: 10
2025-08-08 19:15:06,916:INFO:_display_container: 2
2025-08-08 19:15:06,917:INFO:GradientBoostingClassifier(ccp_alpha=0.0, criterion='friedman_mse', init=None,
                           learning_rate=0.1, loss='log_loss', max_depth=3,
                           max_features=None, max_leaf_nodes=None,
                           min_impurity_decrease=0.0, min_samples_leaf=1,
                           min_samples_split=2, min_weight_fraction_leaf=0.0,
                           n_estimators=100, n_iter_no_change=None,
                           random_state=123, subsample=1.0, tol=0.0001,
                           validation_fraction=0.1, verbose=0,
                           warm_start=False)
2025-08-08 19:15:06,917:INFO:create_model() successfully completed......................................
2025-08-08 19:15:08,032:INFO:SubProcess create_model() end ==================================
2025-08-08 19:15:08,033:INFO:Creating metrics dataframe
2025-08-08 19:15:08,053:INFO:Initializing Linear Discriminant Analysis
2025-08-08 19:15:08,054:INFO:Total runtime is 0.313178280989329 minutes
2025-08-08 19:15:08,062:INFO:SubProcess create_model() called ==================================
2025-08-08 19:15:08,063:INFO:Initializing create_model()
2025-08-08 19:15:08,063:INFO:create_model(self=<pycaret.classification.oop.ClassificationExperiment object at 0x72c32d2c6550>, estimator=lda, fold=StratifiedKFold(n_splits=10, random_state=None, shuffle=False), round=4, cross_validation=True, predict=True, fit_kwargs={}, groups=None, refit=False, probability_threshold=None, experiment_custom_tags=None, verbose=False, system=False, add_to_model_list=True, metrics=None, display=<pycaret.internal.display.display.CommonDisplay object at 0x72c30adb1550>, model_only=True, return_train_score=False, error_score=0.0, kwargs={})
2025-08-08 19:15:08,063:INFO:Checking exceptions
2025-08-08 19:15:08,063:INFO:Importing libraries
2025-08-08 19:15:08,063:INFO:Copying training dataset
2025-08-08 19:15:08,071:INFO:Defining folds
2025-08-08 19:15:08,072:INFO:Declaring metric variables
2025-08-08 19:15:08,086:INFO:Importing untrained model
2025-08-08 19:15:08,091:INFO:Linear Discriminant Analysis Imported successfully
2025-08-08 19:15:08,108:INFO:Starting cross validation
2025-08-08 19:15:08,113:INFO:Cross validating with StratifiedKFold(n_splits=10, random_state=None, shuffle=False), n_jobs=-1
2025-08-08 19:15:08,501:INFO:Calculating mean and std
2025-08-08 19:15:08,504:INFO:Creating metrics dataframe
2025-08-08 19:15:08,506:INFO:Uploading results into container
2025-08-08 19:15:08,506:INFO:Uploading model into container now
2025-08-08 19:15:08,507:INFO:_master_model_container: 11
2025-08-08 19:15:08,507:INFO:_display_container: 2
2025-08-08 19:15:08,507:INFO:LinearDiscriminantAnalysis(covariance_estimator=None, n_components=None,
                           priors=None, shrinkage=None, solver='svd',
                           store_covariance=False, tol=0.0001)
2025-08-08 19:15:08,507:INFO:create_model() successfully completed......................................
2025-08-08 19:15:08,754:INFO:SubProcess create_model() end ==================================
2025-08-08 19:15:08,755:INFO:Creating metrics dataframe
2025-08-08 19:15:08,767:INFO:Initializing Extra Trees Classifier
2025-08-08 19:15:08,767:INFO:Total runtime is 0.3250628630320231 minutes
2025-08-08 19:15:08,771:INFO:SubProcess create_model() called ==================================
2025-08-08 19:15:08,771:INFO:Initializing create_model()
2025-08-08 19:15:08,771:INFO:create_model(self=<pycaret.classification.oop.ClassificationExperiment object at 0x72c32d2c6550>, estimator=et, fold=StratifiedKFold(n_splits=10, random_state=None, shuffle=False), round=4, cross_validation=True, predict=True, fit_kwargs={}, groups=None, refit=False, probability_threshold=None, experiment_custom_tags=None, verbose=False, system=False, add_to_model_list=True, metrics=None, display=<pycaret.internal.display.display.CommonDisplay object at 0x72c30adb1550>, model_only=True, return_train_score=False, error_score=0.0, kwargs={})
2025-08-08 19:15:08,771:INFO:Checking exceptions
2025-08-08 19:15:08,771:INFO:Importing libraries
2025-08-08 19:15:08,771:INFO:Copying training dataset
2025-08-08 19:15:08,777:INFO:Defining folds
2025-08-08 19:15:08,777:INFO:Declaring metric variables
2025-08-08 19:15:08,780:INFO:Importing untrained model
2025-08-08 19:15:08,784:INFO:Extra Trees Classifier Imported successfully
2025-08-08 19:15:08,791:INFO:Starting cross validation
2025-08-08 19:15:08,792:INFO:Cross validating with StratifiedKFold(n_splits=10, random_state=None, shuffle=False), n_jobs=-1
2025-08-08 19:15:10,653:INFO:Calculating mean and std
2025-08-08 19:15:10,655:INFO:Creating metrics dataframe
2025-08-08 19:15:10,656:INFO:Uploading results into container
2025-08-08 19:15:10,657:INFO:Uploading model into container now
2025-08-08 19:15:10,659:INFO:_master_model_container: 12
2025-08-08 19:15:10,659:INFO:_display_container: 2
2025-08-08 19:15:10,660:INFO:ExtraTreesClassifier(bootstrap=False, ccp_alpha=0.0, class_weight=None,
                     criterion='gini', max_depth=None, max_features='sqrt',
                     max_leaf_nodes=None, max_samples=None,
                     min_impurity_decrease=0.0, min_samples_leaf=1,
                     min_samples_split=2, min_weight_fraction_leaf=0.0,
                     monotonic_cst=None, n_estimators=100, n_jobs=-1,
                     oob_score=False, random_state=123, verbose=0,
                     warm_start=False)
2025-08-08 19:15:10,660:INFO:create_model() successfully completed......................................
2025-08-08 19:15:10,836:INFO:SubProcess create_model() end ==================================
2025-08-08 19:15:10,837:INFO:Creating metrics dataframe
2025-08-08 19:15:10,846:INFO:Initializing Extreme Gradient Boosting
2025-08-08 19:15:10,846:INFO:Total runtime is 0.3597192565600077 minutes
2025-08-08 19:15:10,852:INFO:SubProcess create_model() called ==================================
2025-08-08 19:15:10,853:INFO:Initializing create_model()
2025-08-08 19:15:10,853:INFO:create_model(self=<pycaret.classification.oop.ClassificationExperiment object at 0x72c32d2c6550>, estimator=xgboost, fold=StratifiedKFold(n_splits=10, random_state=None, shuffle=False), round=4, cross_validation=True, predict=True, fit_kwargs={}, groups=None, refit=False, probability_threshold=None, experiment_custom_tags=None, verbose=False, system=False, add_to_model_list=True, metrics=None, display=<pycaret.internal.display.display.CommonDisplay object at 0x72c30adb1550>, model_only=True, return_train_score=False, error_score=0.0, kwargs={})
2025-08-08 19:15:10,854:INFO:Checking exceptions
2025-08-08 19:15:10,854:INFO:Importing libraries
2025-08-08 19:15:10,854:INFO:Copying training dataset
2025-08-08 19:15:10,859:INFO:Defining folds
2025-08-08 19:15:10,859:INFO:Declaring metric variables
2025-08-08 19:15:10,867:INFO:Importing untrained model
2025-08-08 19:15:10,892:INFO:Extreme Gradient Boosting Imported successfully
2025-08-08 19:15:10,935:INFO:Starting cross validation
2025-08-08 19:15:10,936:INFO:Cross validating with StratifiedKFold(n_splits=10, random_state=None, shuffle=False), n_jobs=-1
2025-08-08 19:15:12,086:INFO:Calculating mean and std
2025-08-08 19:15:12,090:INFO:Creating metrics dataframe
2025-08-08 19:15:12,092:INFO:Uploading results into container
2025-08-08 19:15:12,092:INFO:Uploading model into container now
2025-08-08 19:15:12,093:INFO:_master_model_container: 13
2025-08-08 19:15:12,093:INFO:_display_container: 2
2025-08-08 19:15:12,094:INFO:XGBClassifier(base_score=None, booster='gbtree', callbacks=None,
              colsample_bylevel=None, colsample_bynode=None,
              colsample_bytree=None, device='cpu', early_stopping_rounds=None,
              enable_categorical=False, eval_metric=None, feature_types=None,
              feature_weights=None, gamma=None, grow_policy=None,
              importance_type=None, interaction_constraints=None,
              learning_rate=None, max_bin=None, max_cat_threshold=None,
              max_cat_to_onehot=None, max_delta_step=None, max_depth=None,
              max_leaves=None, min_child_weight=None, missing=nan,
              monotone_constraints=None, multi_strategy=None, n_estimators=None,
              n_jobs=-1, num_parallel_tree=None, ...)
2025-08-08 19:15:12,094:INFO:create_model() successfully completed......................................
2025-08-08 19:15:12,282:INFO:SubProcess create_model() end ==================================
2025-08-08 19:15:12,282:INFO:Creating metrics dataframe
2025-08-08 19:15:12,290:INFO:Initializing Light Gradient Boosting Machine
2025-08-08 19:15:12,290:INFO:Total runtime is 0.3837905089060465 minutes
2025-08-08 19:15:12,294:INFO:SubProcess create_model() called ==================================
2025-08-08 19:15:12,295:INFO:Initializing create_model()
2025-08-08 19:15:12,295:INFO:create_model(self=<pycaret.classification.oop.ClassificationExperiment object at 0x72c32d2c6550>, estimator=lightgbm, fold=StratifiedKFold(n_splits=10, random_state=None, shuffle=False), round=4, cross_validation=True, predict=True, fit_kwargs={}, groups=None, refit=False, probability_threshold=None, experiment_custom_tags=None, verbose=False, system=False, add_to_model_list=True, metrics=None, display=<pycaret.internal.display.display.CommonDisplay object at 0x72c30adb1550>, model_only=True, return_train_score=False, error_score=0.0, kwargs={})
2025-08-08 19:15:12,295:INFO:Checking exceptions
2025-08-08 19:15:12,295:INFO:Importing libraries
2025-08-08 19:15:12,295:INFO:Copying training dataset
2025-08-08 19:15:12,302:INFO:Defining folds
2025-08-08 19:15:12,302:INFO:Declaring metric variables
2025-08-08 19:15:12,306:INFO:Importing untrained model
2025-08-08 19:15:12,311:INFO:Light Gradient Boosting Machine Imported successfully
2025-08-08 19:15:12,318:INFO:Starting cross validation
2025-08-08 19:15:12,319:INFO:Cross validating with StratifiedKFold(n_splits=10, random_state=None, shuffle=False), n_jobs=-1
2025-08-08 19:15:14,906:INFO:Calculating mean and std
2025-08-08 19:15:14,908:INFO:Creating metrics dataframe
2025-08-08 19:15:14,910:INFO:Uploading results into container
2025-08-08 19:15:14,911:INFO:Uploading model into container now
2025-08-08 19:15:14,911:INFO:_master_model_container: 14
2025-08-08 19:15:14,911:INFO:_display_container: 2
2025-08-08 19:15:14,912:INFO:LGBMClassifier(boosting_type='gbdt', class_weight=None, colsample_bytree=1.0,
               importance_type='split', learning_rate=0.1, max_depth=-1,
               min_child_samples=20, min_child_weight=0.001, min_split_gain=0.0,
               n_estimators=100, n_jobs=-1, num_leaves=31, objective=None,
               random_state=123, reg_alpha=0.0, reg_lambda=0.0, subsample=1.0,
               subsample_for_bin=200000, subsample_freq=0)
2025-08-08 19:15:14,912:INFO:create_model() successfully completed......................................
2025-08-08 19:15:15,114:INFO:SubProcess create_model() end ==================================
2025-08-08 19:15:15,114:INFO:Creating metrics dataframe
2025-08-08 19:15:15,123:INFO:Initializing CatBoost Classifier
2025-08-08 19:15:15,123:INFO:Total runtime is 0.43099412520726516 minutes
2025-08-08 19:15:15,126:INFO:SubProcess create_model() called ==================================
2025-08-08 19:15:15,126:INFO:Initializing create_model()
2025-08-08 19:15:15,126:INFO:create_model(self=<pycaret.classification.oop.ClassificationExperiment object at 0x72c32d2c6550>, estimator=catboost, fold=StratifiedKFold(n_splits=10, random_state=None, shuffle=False), round=4, cross_validation=True, predict=True, fit_kwargs={}, groups=None, refit=False, probability_threshold=None, experiment_custom_tags=None, verbose=False, system=False, add_to_model_list=True, metrics=None, display=<pycaret.internal.display.display.CommonDisplay object at 0x72c30adb1550>, model_only=True, return_train_score=False, error_score=0.0, kwargs={})
2025-08-08 19:15:15,127:INFO:Checking exceptions
2025-08-08 19:15:15,127:INFO:Importing libraries
2025-08-08 19:15:15,127:INFO:Copying training dataset
2025-08-08 19:15:15,134:INFO:Defining folds
2025-08-08 19:15:15,134:INFO:Declaring metric variables
2025-08-08 19:15:15,137:INFO:Importing untrained model
2025-08-08 19:15:15,150:INFO:CatBoost Classifier Imported successfully
2025-08-08 19:15:15,156:INFO:Starting cross validation
2025-08-08 19:15:15,157:INFO:Cross validating with StratifiedKFold(n_splits=10, random_state=None, shuffle=False), n_jobs=-1
2025-08-08 19:15:39,278:INFO:Calculating mean and std
2025-08-08 19:15:39,280:INFO:Creating metrics dataframe
2025-08-08 19:15:39,282:INFO:Uploading results into container
2025-08-08 19:15:39,283:INFO:Uploading model into container now
2025-08-08 19:15:39,283:INFO:_master_model_container: 15
2025-08-08 19:15:39,284:INFO:_display_container: 2
2025-08-08 19:15:39,284:INFO:<catboost.core.CatBoostClassifier object at 0x72c30b3af0d0>
2025-08-08 19:15:39,284:INFO:create_model() successfully completed......................................
2025-08-08 19:15:39,449:INFO:SubProcess create_model() end ==================================
2025-08-08 19:15:39,450:INFO:Creating metrics dataframe
2025-08-08 19:15:39,462:INFO:Initializing Dummy Classifier
2025-08-08 19:15:39,463:INFO:Total runtime is 0.8366589903831481 minutes
2025-08-08 19:15:39,466:INFO:SubProcess create_model() called ==================================
2025-08-08 19:15:39,466:INFO:Initializing create_model()
2025-08-08 19:15:39,467:INFO:create_model(self=<pycaret.classification.oop.ClassificationExperiment object at 0x72c32d2c6550>, estimator=dummy, fold=StratifiedKFold(n_splits=10, random_state=None, shuffle=False), round=4, cross_validation=True, predict=True, fit_kwargs={}, groups=None, refit=False, probability_threshold=None, experiment_custom_tags=None, verbose=False, system=False, add_to_model_list=True, metrics=None, display=<pycaret.internal.display.display.CommonDisplay object at 0x72c30adb1550>, model_only=True, return_train_score=False, error_score=0.0, kwargs={})
2025-08-08 19:15:39,467:INFO:Checking exceptions
2025-08-08 19:15:39,467:INFO:Importing libraries
2025-08-08 19:15:39,467:INFO:Copying training dataset
2025-08-08 19:15:39,472:INFO:Defining folds
2025-08-08 19:15:39,472:INFO:Declaring metric variables
2025-08-08 19:15:39,476:INFO:Importing untrained model
2025-08-08 19:15:39,479:INFO:Dummy Classifier Imported successfully
2025-08-08 19:15:39,489:INFO:Starting cross validation
2025-08-08 19:15:39,490:INFO:Cross validating with StratifiedKFold(n_splits=10, random_state=None, shuffle=False), n_jobs=-1
2025-08-08 19:15:39,549:WARNING:/workspaces/TechCatalyst_DE_2025/pycaret_env/lib/python3.11/site-packages/sklearn/metrics/_classification.py:1509: UndefinedMetricWarning: Precision is ill-defined and being set to 0.0 due to no predicted samples. Use `zero_division` parameter to control this behavior.
  _warn_prf(average, modifier, f"{metric.capitalize()} is", len(result))

2025-08-08 19:15:39,550:WARNING:/workspaces/TechCatalyst_DE_2025/pycaret_env/lib/python3.11/site-packages/sklearn/metrics/_classification.py:1509: UndefinedMetricWarning: Precision is ill-defined and being set to 0.0 due to no predicted samples. Use `zero_division` parameter to control this behavior.
  _warn_prf(average, modifier, f"{metric.capitalize()} is", len(result))

2025-08-08 19:15:39,605:WARNING:/workspaces/TechCatalyst_DE_2025/pycaret_env/lib/python3.11/site-packages/sklearn/metrics/_classification.py:1509: UndefinedMetricWarning: Precision is ill-defined and being set to 0.0 due to no predicted samples. Use `zero_division` parameter to control this behavior.
  _warn_prf(average, modifier, f"{metric.capitalize()} is", len(result))

2025-08-08 19:15:39,606:WARNING:/workspaces/TechCatalyst_DE_2025/pycaret_env/lib/python3.11/site-packages/sklearn/metrics/_classification.py:1509: UndefinedMetricWarning: Precision is ill-defined and being set to 0.0 due to no predicted samples. Use `zero_division` parameter to control this behavior.
  _warn_prf(average, modifier, f"{metric.capitalize()} is", len(result))

2025-08-08 19:15:39,638:WARNING:/workspaces/TechCatalyst_DE_2025/pycaret_env/lib/python3.11/site-packages/sklearn/metrics/_classification.py:1509: UndefinedMetricWarning: Precision is ill-defined and being set to 0.0 due to no predicted samples. Use `zero_division` parameter to control this behavior.
  _warn_prf(average, modifier, f"{metric.capitalize()} is", len(result))

2025-08-08 19:15:39,649:WARNING:/workspaces/TechCatalyst_DE_2025/pycaret_env/lib/python3.11/site-packages/sklearn/metrics/_classification.py:1509: UndefinedMetricWarning: Precision is ill-defined and being set to 0.0 due to no predicted samples. Use `zero_division` parameter to control this behavior.
  _warn_prf(average, modifier, f"{metric.capitalize()} is", len(result))

2025-08-08 19:15:39,663:WARNING:/workspaces/TechCatalyst_DE_2025/pycaret_env/lib/python3.11/site-packages/sklearn/metrics/_classification.py:1509: UndefinedMetricWarning: Precision is ill-defined and being set to 0.0 due to no predicted samples. Use `zero_division` parameter to control this behavior.
  _warn_prf(average, modifier, f"{metric.capitalize()} is", len(result))

2025-08-08 19:15:39,681:WARNING:/workspaces/TechCatalyst_DE_2025/pycaret_env/lib/python3.11/site-packages/sklearn/metrics/_classification.py:1509: UndefinedMetricWarning: Precision is ill-defined and being set to 0.0 due to no predicted samples. Use `zero_division` parameter to control this behavior.
  _warn_prf(average, modifier, f"{metric.capitalize()} is", len(result))

2025-08-08 19:15:39,696:WARNING:/workspaces/TechCatalyst_DE_2025/pycaret_env/lib/python3.11/site-packages/sklearn/metrics/_classification.py:1509: UndefinedMetricWarning: Precision is ill-defined and being set to 0.0 due to no predicted samples. Use `zero_division` parameter to control this behavior.
  _warn_prf(average, modifier, f"{metric.capitalize()} is", len(result))

2025-08-08 19:15:39,710:WARNING:/workspaces/TechCatalyst_DE_2025/pycaret_env/lib/python3.11/site-packages/sklearn/metrics/_classification.py:1509: UndefinedMetricWarning: Precision is ill-defined and being set to 0.0 due to no predicted samples. Use `zero_division` parameter to control this behavior.
  _warn_prf(average, modifier, f"{metric.capitalize()} is", len(result))

2025-08-08 19:15:39,721:INFO:Calculating mean and std
2025-08-08 19:15:39,722:INFO:Creating metrics dataframe
2025-08-08 19:15:39,724:INFO:Uploading results into container
2025-08-08 19:15:39,725:INFO:Uploading model into container now
2025-08-08 19:15:39,725:INFO:_master_model_container: 16
2025-08-08 19:15:39,726:INFO:_display_container: 2
2025-08-08 19:15:39,726:INFO:DummyClassifier(constant=None, random_state=123, strategy='prior')
2025-08-08 19:15:39,726:INFO:create_model() successfully completed......................................
2025-08-08 19:15:39,895:INFO:SubProcess create_model() end ==================================
2025-08-08 19:15:39,895:INFO:Creating metrics dataframe
2025-08-08 19:15:39,915:WARNING:/workspaces/TechCatalyst_DE_2025/pycaret_env/lib/python3.11/site-packages/pycaret/internal/pycaret_experiment/supervised_experiment.py:339: FutureWarning: Styler.applymap has been deprecated. Use Styler.map instead.
  .applymap(highlight_cols, subset=["TT (Sec)"])

2025-08-08 19:15:39,926:INFO:Initializing create_model()
2025-08-08 19:15:39,926:INFO:create_model(self=<pycaret.classification.oop.ClassificationExperiment object at 0x72c32d2c6550>, estimator=LogisticRegression(C=1.0, class_weight=None, dual=False, fit_intercept=True,
                   intercept_scaling=1, l1_ratio=None, max_iter=1000,
                   multi_class='auto', n_jobs=None, penalty='l2',
                   random_state=123, solver='lbfgs', tol=0.0001, verbose=0,
                   warm_start=False), fold=StratifiedKFold(n_splits=10, random_state=None, shuffle=False), round=4, cross_validation=False, predict=False, fit_kwargs={}, groups=None, refit=True, probability_threshold=None, experiment_custom_tags=None, verbose=False, system=False, add_to_model_list=True, metrics=None, display=None, model_only=True, return_train_score=False, error_score=0.0, kwargs={})
2025-08-08 19:15:39,926:INFO:Checking exceptions
2025-08-08 19:15:39,928:INFO:Importing libraries
2025-08-08 19:15:39,928:INFO:Copying training dataset
2025-08-08 19:15:39,933:INFO:Defining folds
2025-08-08 19:15:39,933:INFO:Declaring metric variables
2025-08-08 19:15:39,933:INFO:Importing untrained model
2025-08-08 19:15:39,933:INFO:Declaring custom model
2025-08-08 19:15:39,934:INFO:Logistic Regression Imported successfully
2025-08-08 19:15:39,934:INFO:Cross validation set to False
2025-08-08 19:15:39,934:INFO:Fitting Model
2025-08-08 19:15:39,968:INFO:LogisticRegression(C=1.0, class_weight=None, dual=False, fit_intercept=True,
                   intercept_scaling=1, l1_ratio=None, max_iter=1000,
                   multi_class='auto', n_jobs=None, penalty='l2',
                   random_state=123, solver='lbfgs', tol=0.0001, verbose=0,
                   warm_start=False)
2025-08-08 19:15:39,969:INFO:create_model() successfully completed......................................
2025-08-08 19:15:40,166:INFO:_master_model_container: 16
2025-08-08 19:15:40,166:INFO:_display_container: 2
2025-08-08 19:15:40,167:INFO:LogisticRegression(C=1.0, class_weight=None, dual=False, fit_intercept=True,
                   intercept_scaling=1, l1_ratio=None, max_iter=1000,
                   multi_class='auto', n_jobs=None, penalty='l2',
                   random_state=123, solver='lbfgs', tol=0.0001, verbose=0,
                   warm_start=False)
2025-08-08 19:15:40,167:INFO:compare_models() successfully completed......................................
2025-08-08 19:15:46,418:INFO:Initializing predict_model()
2025-08-08 19:15:46,419:INFO:predict_model(self=<pycaret.classification.oop.ClassificationExperiment object at 0x72c32d2c6550>, estimator=LogisticRegression(C=1.0, class_weight=None, dual=False, fit_intercept=True,
                   intercept_scaling=1, l1_ratio=None, max_iter=1000,
                   multi_class='auto', n_jobs=None, penalty='l2',
                   random_state=123, solver='lbfgs', tol=0.0001, verbose=0,
                   warm_start=False), probability_threshold=None, encoded_labels=False, raw_score=False, round=4, verbose=True, ml_usecase=None, preprocess=True, encode_labels=<function _SupervisedExperiment.predict_model.<locals>.encode_labels at 0x72c3151e0e00>)
2025-08-08 19:15:46,419:INFO:Checking exceptions
2025-08-08 19:15:46,419:INFO:Preloading libraries
2025-08-08 19:16:26,945:INFO:Initializing save_model()
2025-08-08 19:16:26,946:INFO:save_model(model=LogisticRegression(C=1.0, class_weight=None, dual=False, fit_intercept=True,
                   intercept_scaling=1, l1_ratio=None, max_iter=1000,
                   multi_class='auto', n_jobs=None, penalty='l2',
                   random_state=123, solver='lbfgs', tol=0.0001, verbose=0,
                   warm_start=False), model_name=diabetes_model, prep_pipe_=Pipeline(memory=FastMemory(location=/tmp/joblib),
         steps=[('numerical_imputer',
                 TransformerWrapper(exclude=None,
                                    include=['Number of times pregnant',
                                             'Plasma glucose concentration a 2 '
                                             'hours in an oral glucose '
                                             'tolerance test',
                                             'Diastolic blood pressure (mm Hg)',
                                             'Triceps skin fold thickness (mm)',
                                             '2-Hour serum insulin (mu U/ml)',
                                             'Body mass index (weight in '
                                             'kg/(height in m)^2)',
                                             'Diab...
                ('categorical_imputer',
                 TransformerWrapper(exclude=None, include=[],
                                    transformer=SimpleImputer(add_indicator=False,
                                                              copy=True,
                                                              fill_value=None,
                                                              keep_empty_features=False,
                                                              missing_values=nan,
                                                              strategy='most_frequent'))),
                ('clean_column_names',
                 TransformerWrapper(exclude=None, include=None,
                                    transformer=CleanColumnNames(match='[\\]\\[\\,\\{\\}\\"\\:]+')))],
         verbose=False), verbose=True, use_case=MLUsecase.CLASSIFICATION, kwargs={})
2025-08-08 19:16:26,946:INFO:Adding model into prep_pipe
2025-08-08 19:16:26,956:INFO:diabetes_model.pkl saved in current working directory
2025-08-08 19:16:26,963:INFO:Pipeline(memory=Memory(location=None),
         steps=[('numerical_imputer',
                 TransformerWrapper(exclude=None,
                                    include=['Number of times pregnant',
                                             'Plasma glucose concentration a 2 '
                                             'hours in an oral glucose '
                                             'tolerance test',
                                             'Diastolic blood pressure (mm Hg)',
                                             'Triceps skin fold thickness (mm)',
                                             '2-Hour serum insulin (mu U/ml)',
                                             'Body mass index (weight in '
                                             'kg/(height in m)^2)',
                                             'Diabetes pedigre...
                 TransformerWrapper(exclude=None, include=None,
                                    transformer=CleanColumnNames(match='[\\]\\[\\,\\{\\}\\"\\:]+'))),
                ('trained_model',
                 LogisticRegression(C=1.0, class_weight=None, dual=False,
                                    fit_intercept=True, intercept_scaling=1,
                                    l1_ratio=None, max_iter=1000,
                                    multi_class='auto', n_jobs=None,
                                    penalty='l2', random_state=123,
                                    solver='lbfgs', tol=0.0001, verbose=0,
                                    warm_start=False))],
         verbose=False)
2025-08-08 19:16:26,963:INFO:save_model() successfully completed......................................
2025-08-08 19:16:32,751:INFO:Initializing load_model()
2025-08-08 19:16:32,752:INFO:load_model(model_name=diabetes_model, platform=None, authentication=None, verbose=True)
2025-08-08 19:16:48,736:INFO:Initializing create_model()
2025-08-08 19:16:48,736:INFO:create_model(self=<pycaret.classification.oop.ClassificationExperiment object at 0x72c32d2c6550>, estimator=knn, fold=None, round=4, cross_validation=True, predict=True, fit_kwargs=None, groups=None, refit=True, probability_threshold=None, experiment_custom_tags=None, verbose=True, system=True, add_to_model_list=True, metrics=None, display=None, model_only=True, return_train_score=False, error_score=0.0, kwargs={})
2025-08-08 19:16:48,736:INFO:Checking exceptions
2025-08-08 19:16:48,749:INFO:Importing libraries
2025-08-08 19:16:48,750:INFO:Copying training dataset
2025-08-08 19:16:48,754:INFO:Defining folds
2025-08-08 19:16:48,754:INFO:Declaring metric variables
2025-08-08 19:16:48,757:INFO:Importing untrained model
2025-08-08 19:16:48,760:INFO:K Neighbors Classifier Imported successfully
2025-08-08 19:16:48,765:INFO:Starting cross validation
2025-08-08 19:16:48,766:INFO:Cross validating with StratifiedKFold(n_splits=10, random_state=None, shuffle=False), n_jobs=-1
2025-08-08 19:16:49,235:INFO:Calculating mean and std
2025-08-08 19:16:49,236:INFO:Creating metrics dataframe
2025-08-08 19:16:49,244:INFO:Finalizing model
2025-08-08 19:16:49,264:INFO:Uploading results into container
2025-08-08 19:16:49,265:INFO:Uploading model into container now
2025-08-08 19:16:49,280:INFO:_master_model_container: 17
2025-08-08 19:16:49,280:INFO:_display_container: 4
2025-08-08 19:16:49,281:INFO:KNeighborsClassifier(algorithm='auto', leaf_size=30, metric='minkowski',
                     metric_params=None, n_jobs=-1, n_neighbors=5, p=2,
                     weights='uniform')
2025-08-08 19:16:49,281:INFO:create_model() successfully completed......................................
2025-08-08 19:17:34,971:INFO:PyCaret ClassificationExperiment
2025-08-08 19:17:34,972:INFO:Logging name: clf-default-name
2025-08-08 19:17:34,972:INFO:ML Usecase: MLUsecase.CLASSIFICATION
2025-08-08 19:17:34,972:INFO:version 3.3.2
2025-08-08 19:17:34,972:INFO:Initializing setup()
2025-08-08 19:17:34,972:INFO:self.USI: 0d62
2025-08-08 19:17:34,972:INFO:self._variable_keys: {'y_test', '_ml_usecase', 'fold_groups_param', 'exp_id', 'pipeline', 'fold_shuffle_param', 'target_param', 'X_test', 'fold_generator', 'exp_name_log', 'n_jobs_param', 'fix_imbalance', 'log_plots_param', 'idx', 'y_train', 'gpu_n_jobs_param', 'is_multiclass', '_available_plots', 'X_train', 'seed', 'X', 'memory', 'gpu_param', 'y', 'data', 'html_param', 'USI', 'logging_param'}
2025-08-08 19:17:34,972:INFO:Checking environment
2025-08-08 19:17:34,972:INFO:python_version: 3.11.13
2025-08-08 19:17:34,972:INFO:python_build: ('main', 'Jun  5 2025 13:12:00')
2025-08-08 19:17:34,972:INFO:machine: x86_64
2025-08-08 19:17:34,972:INFO:platform: Linux-6.8.0-1030-azure-x86_64-with-glibc2.39
2025-08-08 19:17:34,972:INFO:Memory: svmem(total=8330579968, available=1257107456, percent=84.9, used=6676967424, free=220262400, active=3789471744, inactive=3635044352, buffers=19578880, cached=1413771264, shared=66035712, slab=441298944)
2025-08-08 19:17:34,973:INFO:Physical Core: 1
2025-08-08 19:17:34,973:INFO:Logical Core: 2
2025-08-08 19:17:34,973:INFO:Checking libraries
2025-08-08 19:17:34,973:INFO:System:
2025-08-08 19:17:34,973:INFO:    python: 3.11.13 (main, Jun  5 2025, 13:12:00) [GCC 11.2.0]
2025-08-08 19:17:34,973:INFO:executable: /workspaces/TechCatalyst_DE_2025/pycaret_env/bin/python
2025-08-08 19:17:34,973:INFO:   machine: Linux-6.8.0-1030-azure-x86_64-with-glibc2.39
2025-08-08 19:17:34,973:INFO:PyCaret required dependencies:
2025-08-08 19:17:34,974:INFO:                 pip: 24.0
2025-08-08 19:17:34,974:INFO:          setuptools: 65.5.0
2025-08-08 19:17:34,974:INFO:             pycaret: 3.3.2
2025-08-08 19:17:34,974:INFO:             IPython: 9.4.0
2025-08-08 19:17:34,974:INFO:          ipywidgets: 8.1.7
2025-08-08 19:17:34,974:INFO:                tqdm: 4.67.1
2025-08-08 19:17:34,975:INFO:               numpy: 1.26.4
2025-08-08 19:17:34,975:INFO:              pandas: 2.1.4
2025-08-08 19:17:34,975:INFO:              jinja2: 3.1.6
2025-08-08 19:17:34,975:INFO:               scipy: 1.11.4
2025-08-08 19:17:34,975:INFO:              joblib: 1.3.2
2025-08-08 19:17:34,975:INFO:             sklearn: 1.4.2
2025-08-08 19:17:34,975:INFO:                pyod: 2.0.5
2025-08-08 19:17:34,975:INFO:            imblearn: 0.13.0
2025-08-08 19:17:34,975:INFO:   category_encoders: 2.7.0
2025-08-08 19:17:34,975:INFO:            lightgbm: 4.6.0
2025-08-08 19:17:34,975:INFO:               numba: 0.61.2
2025-08-08 19:17:34,975:INFO:            requests: 2.32.4
2025-08-08 19:17:34,976:INFO:          matplotlib: 3.7.5
2025-08-08 19:17:34,976:INFO:          scikitplot: 0.3.7
2025-08-08 19:17:34,976:INFO:         yellowbrick: 1.5
2025-08-08 19:17:34,976:INFO:              plotly: 5.24.1
2025-08-08 19:17:34,976:INFO:    plotly-resampler: Not installed
2025-08-08 19:17:34,976:INFO:             kaleido: 1.0.0
2025-08-08 19:17:34,976:INFO:           schemdraw: 0.15
2025-08-08 19:17:34,976:INFO:         statsmodels: 0.14.5
2025-08-08 19:17:34,976:INFO:              sktime: 0.26.0
2025-08-08 19:17:34,976:INFO:               tbats: 1.1.3
2025-08-08 19:17:34,976:INFO:            pmdarima: 2.0.4
2025-08-08 19:17:34,977:INFO:              psutil: 7.0.0
2025-08-08 19:17:34,977:INFO:          markupsafe: 3.0.2
2025-08-08 19:17:34,977:INFO:             pickle5: Not installed
2025-08-08 19:17:34,977:INFO:         cloudpickle: 3.1.1
2025-08-08 19:17:34,977:INFO:         deprecation: 2.1.0
2025-08-08 19:17:34,977:INFO:              xxhash: 3.5.0
2025-08-08 19:17:34,977:INFO:           wurlitzer: 3.1.1
2025-08-08 19:17:34,977:INFO:PyCaret optional dependencies:
2025-08-08 19:17:34,977:INFO:                shap: 0.44.1
2025-08-08 19:17:34,977:INFO:           interpret: 0.6.9
2025-08-08 19:17:34,977:INFO:                umap: 0.5.7
2025-08-08 19:17:34,978:INFO:     ydata_profiling: 4.14.0
2025-08-08 19:17:34,978:INFO:  explainerdashboard: 0.4.8
2025-08-08 19:17:34,978:INFO:             autoviz: Not installed
2025-08-08 19:17:34,978:INFO:           fairlearn: 0.7.0
2025-08-08 19:17:34,978:INFO:          deepchecks: Not installed
2025-08-08 19:17:34,978:INFO:             xgboost: 3.0.3
2025-08-08 19:17:34,978:INFO:            catboost: 1.2.8
2025-08-08 19:17:34,978:INFO:              kmodes: 0.12.2
2025-08-08 19:17:34,978:INFO:             mlxtend: 0.23.4
2025-08-08 19:17:34,978:INFO:       statsforecast: 1.5.0
2025-08-08 19:17:34,978:INFO:        tune_sklearn: Not installed
2025-08-08 19:17:34,978:INFO:                 ray: Not installed
2025-08-08 19:17:34,978:INFO:            hyperopt: 0.2.7
2025-08-08 19:17:34,978:INFO:              optuna: 4.4.0
2025-08-08 19:17:34,978:INFO:               skopt: 0.10.2
2025-08-08 19:17:34,978:INFO:              mlflow: 3.2.0
2025-08-08 19:17:34,978:INFO:              gradio: 5.41.1
2025-08-08 19:17:34,978:INFO:             fastapi: 0.116.1
2025-08-08 19:17:34,978:INFO:             uvicorn: 0.35.0
2025-08-08 19:17:34,978:INFO:              m2cgen: 0.10.0
2025-08-08 19:17:34,979:INFO:           evidently: 0.4.40
2025-08-08 19:17:34,979:INFO:               fugue: 0.8.7
2025-08-08 19:17:34,979:INFO:           streamlit: Not installed
2025-08-08 19:17:34,979:INFO:             prophet: Not installed
2025-08-08 19:17:34,979:INFO:None
2025-08-08 19:17:34,979:INFO:Set up data.
2025-08-08 19:17:34,985:INFO:Set up folding strategy.
2025-08-08 19:17:34,985:INFO:Set up train/test split.
2025-08-08 19:17:35,000:INFO:Set up index.
2025-08-08 19:17:35,001:INFO:Assigning column types.
2025-08-08 19:17:35,005:INFO:Engine successfully changes for model 'lr' to 'sklearn'.
2025-08-08 19:17:35,080:INFO:Engine for model 'knn' has not been set explicitly, hence returning None.
2025-08-08 19:17:35,082:INFO:Engine for model 'rbfsvm' has not been set explicitly, hence returning None.
2025-08-08 19:17:35,127:INFO:Soft dependency imported: xgboost: 3.0.3
2025-08-08 19:17:35,132:INFO:Soft dependency imported: catboost: 1.2.8
2025-08-08 19:17:35,207:INFO:Engine for model 'knn' has not been set explicitly, hence returning None.
2025-08-08 19:17:35,208:INFO:Engine for model 'rbfsvm' has not been set explicitly, hence returning None.
2025-08-08 19:17:35,254:INFO:Soft dependency imported: xgboost: 3.0.3
2025-08-08 19:17:35,258:INFO:Soft dependency imported: catboost: 1.2.8
2025-08-08 19:17:35,259:INFO:Engine successfully changes for model 'knn' to 'sklearn'.
2025-08-08 19:17:35,335:INFO:Engine for model 'rbfsvm' has not been set explicitly, hence returning None.
2025-08-08 19:17:35,381:INFO:Soft dependency imported: xgboost: 3.0.3
2025-08-08 19:17:35,386:INFO:Soft dependency imported: catboost: 1.2.8
2025-08-08 19:17:35,489:INFO:Engine for model 'rbfsvm' has not been set explicitly, hence returning None.
2025-08-08 19:17:35,555:INFO:Soft dependency imported: xgboost: 3.0.3
2025-08-08 19:17:35,559:INFO:Soft dependency imported: catboost: 1.2.8
2025-08-08 19:17:35,560:INFO:Engine successfully changes for model 'rbfsvm' to 'sklearn'.
2025-08-08 19:17:35,690:INFO:Soft dependency imported: xgboost: 3.0.3
2025-08-08 19:17:35,694:INFO:Soft dependency imported: catboost: 1.2.8
2025-08-08 19:17:35,858:INFO:Soft dependency imported: xgboost: 3.0.3
2025-08-08 19:17:35,870:INFO:Soft dependency imported: catboost: 1.2.8
2025-08-08 19:17:35,873:INFO:Preparing preprocessing pipeline...
2025-08-08 19:17:35,877:INFO:Set up label encoding.
2025-08-08 19:17:35,877:INFO:Set up simple imputation.
2025-08-08 19:17:35,902:INFO:Finished creating preprocessing pipeline.
2025-08-08 19:17:35,906:INFO:Pipeline: Pipeline(memory=FastMemory(location=/tmp/joblib),
         steps=[('label_encoding',
                 TransformerWrapperWithInverse(exclude=None, include=None,
                                               transformer=LabelEncoder())),
                ('numerical_imputer',
                 TransformerWrapper(exclude=None,
                                    include=['sepal_length', 'sepal_width',
                                             'petal_length', 'petal_width'],
                                    transformer=SimpleImputer(add_indicator=False,
                                                              copy=True,
                                                              fill_value=None,
                                                              keep_empty_features=False,
                                                              missing_values=nan,
                                                              strategy='mean'))),
                ('categorical_imputer',
                 TransformerWrapper(exclude=None, include=[],
                                    transformer=SimpleImputer(add_indicator=False,
                                                              copy=True,
                                                              fill_value=None,
                                                              keep_empty_features=False,
                                                              missing_values=nan,
                                                              strategy='most_frequent')))],
         verbose=False)
2025-08-08 19:17:35,907:INFO:Creating final display dataframe.
2025-08-08 19:17:36,023:INFO:Setup _display_container:                     Description  \
0                    Session id   
1                        Target   
2                   Target type   
3                Target mapping   
4           Original data shape   
5        Transformed data shape   
6   Transformed train set shape   
7    Transformed test set shape   
8              Numeric features   
9                    Preprocess   
10              Imputation type   
11           Numeric imputation   
12       Categorical imputation   
13               Fold Generator   
14                  Fold Number   
15                     CPU Jobs   
16                      Use GPU   
17               Log Experiment   
18              Experiment Name   
19                          USI   

                                                Value  
0                                                 123  
1                                             species  
2                                          Multiclass  
3   Iris-setosa: 0, Iris-versicolor: 1, Iris-virgi...  
4                                            (150, 5)  
5                                            (150, 5)  
6                                            (105, 5)  
7                                             (45, 5)  
8                                                   4  
9                                                True  
10                                             simple  
11                                               mean  
12                                               mode  
13                                    StratifiedKFold  
14                                                 10  
15                                                 -1  
16                                              False  
17                                              False  
18                                   clf-default-name  
19                                               0d62  
2025-08-08 19:17:36,184:INFO:Soft dependency imported: xgboost: 3.0.3
2025-08-08 19:17:36,188:INFO:Soft dependency imported: catboost: 1.2.8
2025-08-08 19:17:36,285:INFO:Soft dependency imported: xgboost: 3.0.3
2025-08-08 19:17:36,288:INFO:Soft dependency imported: catboost: 1.2.8
2025-08-08 19:17:36,289:INFO:setup() successfully completed in 1.32s...............
2025-08-08 19:32:31,899:INFO:PyCaret ClassificationExperiment
2025-08-08 19:32:31,899:INFO:Logging name: clf-default-name
2025-08-08 19:32:31,899:INFO:ML Usecase: MLUsecase.CLASSIFICATION
2025-08-08 19:32:31,899:INFO:version 3.3.2
2025-08-08 19:32:31,899:INFO:Initializing setup()
2025-08-08 19:32:31,899:INFO:self.USI: f69e
2025-08-08 19:32:31,899:INFO:self._variable_keys: {'y_test', '_ml_usecase', 'fold_groups_param', 'exp_id', 'pipeline', 'fold_shuffle_param', 'target_param', 'X_test', 'fold_generator', 'exp_name_log', 'n_jobs_param', 'fix_imbalance', 'log_plots_param', 'idx', 'y_train', 'gpu_n_jobs_param', 'is_multiclass', '_available_plots', 'X_train', 'seed', 'X', 'memory', 'gpu_param', 'y', 'data', 'html_param', 'USI', 'logging_param'}
2025-08-08 19:32:31,900:INFO:Checking environment
2025-08-08 19:32:31,900:INFO:python_version: 3.11.13
2025-08-08 19:32:31,900:INFO:python_build: ('main', 'Jun  5 2025 13:12:00')
2025-08-08 19:32:31,900:INFO:machine: x86_64
2025-08-08 19:32:31,900:INFO:platform: Linux-6.8.0-1030-azure-x86_64-with-glibc2.39
2025-08-08 19:32:31,900:INFO:Memory: svmem(total=8330579968, available=1191849984, percent=85.7, used=6742147072, free=254021632, active=4190306304, inactive=3212042240, buffers=24420352, cached=1309990912, shared=66113536, slab=438685696)
2025-08-08 19:32:31,901:INFO:Physical Core: 1
2025-08-08 19:32:31,901:INFO:Logical Core: 2
2025-08-08 19:32:31,901:INFO:Checking libraries
2025-08-08 19:32:31,901:INFO:System:
2025-08-08 19:32:31,901:INFO:    python: 3.11.13 (main, Jun  5 2025, 13:12:00) [GCC 11.2.0]
2025-08-08 19:32:31,901:INFO:executable: /workspaces/TechCatalyst_DE_2025/pycaret_env/bin/python
2025-08-08 19:32:31,902:INFO:   machine: Linux-6.8.0-1030-azure-x86_64-with-glibc2.39
2025-08-08 19:32:31,902:INFO:PyCaret required dependencies:
2025-08-08 19:32:31,902:INFO:                 pip: 24.0
2025-08-08 19:32:31,902:INFO:          setuptools: 65.5.0
2025-08-08 19:32:31,902:INFO:             pycaret: 3.3.2
2025-08-08 19:32:31,902:INFO:             IPython: 9.4.0
2025-08-08 19:32:31,902:INFO:          ipywidgets: 8.1.7
2025-08-08 19:32:31,902:INFO:                tqdm: 4.67.1
2025-08-08 19:32:31,902:INFO:               numpy: 1.26.4
2025-08-08 19:32:31,903:INFO:              pandas: 2.1.4
2025-08-08 19:32:31,903:INFO:              jinja2: 3.1.6
2025-08-08 19:32:31,903:INFO:               scipy: 1.11.4
2025-08-08 19:32:31,903:INFO:              joblib: 1.3.2
2025-08-08 19:32:31,903:INFO:             sklearn: 1.4.2
2025-08-08 19:32:31,903:INFO:                pyod: 2.0.5
2025-08-08 19:32:31,903:INFO:            imblearn: 0.13.0
2025-08-08 19:32:31,903:INFO:   category_encoders: 2.7.0
2025-08-08 19:32:31,903:INFO:            lightgbm: 4.6.0
2025-08-08 19:32:31,903:INFO:               numba: 0.61.2
2025-08-08 19:32:31,903:INFO:            requests: 2.32.4
2025-08-08 19:32:31,903:INFO:          matplotlib: 3.7.5
2025-08-08 19:32:31,903:INFO:          scikitplot: 0.3.7
2025-08-08 19:32:31,903:INFO:         yellowbrick: 1.5
2025-08-08 19:32:31,904:INFO:              plotly: 5.24.1
2025-08-08 19:32:31,904:INFO:    plotly-resampler: Not installed
2025-08-08 19:32:31,904:INFO:             kaleido: 1.0.0
2025-08-08 19:32:31,904:INFO:           schemdraw: 0.15
2025-08-08 19:32:31,904:INFO:         statsmodels: 0.14.5
2025-08-08 19:32:31,904:INFO:              sktime: 0.26.0
2025-08-08 19:32:31,904:INFO:               tbats: 1.1.3
2025-08-08 19:32:31,904:INFO:            pmdarima: 2.0.4
2025-08-08 19:32:31,905:INFO:              psutil: 7.0.0
2025-08-08 19:32:31,905:INFO:          markupsafe: 3.0.2
2025-08-08 19:32:31,905:INFO:             pickle5: Not installed
2025-08-08 19:32:31,905:INFO:         cloudpickle: 3.1.1
2025-08-08 19:32:31,905:INFO:         deprecation: 2.1.0
2025-08-08 19:32:31,905:INFO:              xxhash: 3.5.0
2025-08-08 19:32:31,905:INFO:           wurlitzer: 3.1.1
2025-08-08 19:32:31,905:INFO:PyCaret optional dependencies:
2025-08-08 19:32:31,905:INFO:                shap: 0.44.1
2025-08-08 19:32:31,906:INFO:           interpret: 0.6.9
2025-08-08 19:32:31,906:INFO:                umap: 0.5.7
2025-08-08 19:32:31,906:INFO:     ydata_profiling: 4.14.0
2025-08-08 19:32:31,906:INFO:  explainerdashboard: 0.4.8
2025-08-08 19:32:31,906:INFO:             autoviz: Not installed
2025-08-08 19:32:31,906:INFO:           fairlearn: 0.7.0
2025-08-08 19:32:31,906:INFO:          deepchecks: Not installed
2025-08-08 19:32:31,906:INFO:             xgboost: 3.0.3
2025-08-08 19:32:31,906:INFO:            catboost: 1.2.8
2025-08-08 19:32:31,906:INFO:              kmodes: 0.12.2
2025-08-08 19:32:31,906:INFO:             mlxtend: 0.23.4
2025-08-08 19:32:31,906:INFO:       statsforecast: 1.5.0
2025-08-08 19:32:31,906:INFO:        tune_sklearn: Not installed
2025-08-08 19:32:31,906:INFO:                 ray: Not installed
2025-08-08 19:32:31,906:INFO:            hyperopt: 0.2.7
2025-08-08 19:32:31,906:INFO:              optuna: 4.4.0
2025-08-08 19:32:31,906:INFO:               skopt: 0.10.2
2025-08-08 19:32:31,906:INFO:              mlflow: 3.2.0
2025-08-08 19:32:31,906:INFO:              gradio: 5.41.1
2025-08-08 19:32:31,906:INFO:             fastapi: 0.116.1
2025-08-08 19:32:31,906:INFO:             uvicorn: 0.35.0
2025-08-08 19:32:31,906:INFO:              m2cgen: 0.10.0
2025-08-08 19:32:31,906:INFO:           evidently: 0.4.40
2025-08-08 19:32:31,906:INFO:               fugue: 0.8.7
2025-08-08 19:32:31,906:INFO:           streamlit: Not installed
2025-08-08 19:32:31,906:INFO:             prophet: Not installed
2025-08-08 19:32:31,906:INFO:None
2025-08-08 19:32:31,906:INFO:Set up data.
2025-08-08 19:32:31,916:INFO:Set up folding strategy.
2025-08-08 19:32:31,916:INFO:Set up train/test split.
2025-08-08 19:32:31,922:INFO:Set up index.
2025-08-08 19:32:31,922:INFO:Assigning column types.
2025-08-08 19:32:31,925:INFO:Engine successfully changes for model 'lr' to 'sklearn'.
2025-08-08 19:32:31,965:INFO:Engine for model 'knn' has not been set explicitly, hence returning None.
2025-08-08 19:32:31,966:INFO:Engine for model 'rbfsvm' has not been set explicitly, hence returning None.
2025-08-08 19:32:31,996:INFO:Soft dependency imported: xgboost: 3.0.3
2025-08-08 19:32:32,001:INFO:Soft dependency imported: catboost: 1.2.8
2025-08-08 19:32:32,053:INFO:Engine for model 'knn' has not been set explicitly, hence returning None.
2025-08-08 19:32:32,054:INFO:Engine for model 'rbfsvm' has not been set explicitly, hence returning None.
2025-08-08 19:32:32,078:INFO:Soft dependency imported: xgboost: 3.0.3
2025-08-08 19:32:32,082:INFO:Soft dependency imported: catboost: 1.2.8
2025-08-08 19:32:32,083:INFO:Engine successfully changes for model 'knn' to 'sklearn'.
2025-08-08 19:32:32,121:INFO:Engine for model 'rbfsvm' has not been set explicitly, hence returning None.
2025-08-08 19:32:32,145:INFO:Soft dependency imported: xgboost: 3.0.3
2025-08-08 19:32:32,147:INFO:Soft dependency imported: catboost: 1.2.8
2025-08-08 19:32:32,186:INFO:Engine for model 'rbfsvm' has not been set explicitly, hence returning None.
2025-08-08 19:32:32,213:INFO:Soft dependency imported: xgboost: 3.0.3
2025-08-08 19:32:32,216:INFO:Soft dependency imported: catboost: 1.2.8
2025-08-08 19:32:32,217:INFO:Engine successfully changes for model 'rbfsvm' to 'sklearn'.
2025-08-08 19:32:32,284:INFO:Soft dependency imported: xgboost: 3.0.3
2025-08-08 19:32:32,286:INFO:Soft dependency imported: catboost: 1.2.8
2025-08-08 19:32:32,350:INFO:Soft dependency imported: xgboost: 3.0.3
2025-08-08 19:32:32,352:INFO:Soft dependency imported: catboost: 1.2.8
2025-08-08 19:32:32,353:INFO:Preparing preprocessing pipeline...
2025-08-08 19:32:32,355:INFO:Set up label encoding.
2025-08-08 19:32:32,355:INFO:Set up simple imputation.
2025-08-08 19:32:32,361:INFO:Set up encoding of ordinal features.
2025-08-08 19:32:32,365:INFO:Set up encoding of categorical features.
2025-08-08 19:32:32,544:INFO:Finished creating preprocessing pipeline.
2025-08-08 19:32:32,568:INFO:Pipeline: Pipeline(memory=FastMemory(location=/tmp/joblib),
         steps=[('label_encoding',
                 TransformerWrapperWithInverse(exclude=None, include=None,
                                               transformer=LabelEncoder())),
                ('numerical_imputer',
                 TransformerWrapper(exclude=None,
                                    include=['id', 'duration', 'amount', 'age'],
                                    transformer=SimpleImputer(add_indicator=False,
                                                              copy=True,
                                                              fill_value=None,
                                                              keep_empty_features=False...
                                    transformer=OneHotEncoder(cols=['status',
                                                                    'credit_history',
                                                                    'purpose',
                                                                    'savings',
                                                                    'employment_duration',
                                                                    'installment_rate',
                                                                    'other_debtors',
                                                                    'present_residence',
                                                                    'property',
                                                                    'other_installment_plans',
                                                                    'housing',
                                                                    'number_credits',
                                                                    'job'],
                                                              drop_invariant=False,
                                                              handle_missing='return_nan',
                                                              handle_unknown='value',
                                                              return_df=True,
                                                              use_cat_names=True,
                                                              verbose=0)))],
         verbose=False)
2025-08-08 19:32:32,569:INFO:Creating final display dataframe.
2025-08-08 19:32:33,346:INFO:Setup _display_container:                     Description             Value
0                    Session id               120
1                        Target       credit_risk
2                   Target type            Binary
3                Target mapping   bad: 0, good: 1
4           Original data shape         (995, 21)
5        Transformed data shape         (995, 66)
6   Transformed train set shape         (696, 66)
7    Transformed test set shape         (299, 66)
8              Numeric features                 4
9          Categorical features                16
10                   Preprocess              True
11              Imputation type            simple
12           Numeric imputation              mean
13       Categorical imputation              mode
14     Maximum one-hot encoding                25
15              Encoding method              None
16               Fold Generator   StratifiedKFold
17                  Fold Number                10
18                     CPU Jobs                -1
19                      Use GPU             False
20               Log Experiment             False
21              Experiment Name  clf-default-name
22                          USI              f69e
2025-08-08 19:32:33,442:INFO:Soft dependency imported: xgboost: 3.0.3
2025-08-08 19:32:33,448:INFO:Soft dependency imported: catboost: 1.2.8
2025-08-08 19:32:33,531:INFO:Soft dependency imported: xgboost: 3.0.3
2025-08-08 19:32:33,533:INFO:Soft dependency imported: catboost: 1.2.8
2025-08-08 19:32:33,534:INFO:setup() successfully completed in 1.64s...............
2025-08-08 19:32:54,769:INFO:Initializing create_model()
2025-08-08 19:32:54,769:INFO:create_model(self=<pycaret.classification.oop.ClassificationExperiment object at 0x72c320ecfd50>, estimator=lightgb,, fold=None, round=4, cross_validation=True, predict=True, fit_kwargs=None, groups=None, refit=True, probability_threshold=None, experiment_custom_tags=None, verbose=True, system=True, add_to_model_list=True, metrics=None, display=None, model_only=True, return_train_score=False, error_score=0.0, kwargs={})
2025-08-08 19:32:54,770:INFO:Checking exceptions
2025-08-08 19:32:57,360:INFO:Initializing create_model()
2025-08-08 19:32:57,362:INFO:create_model(self=<pycaret.classification.oop.ClassificationExperiment object at 0x72c320ecfd50>, estimator=lightgbm, fold=None, round=4, cross_validation=True, predict=True, fit_kwargs=None, groups=None, refit=True, probability_threshold=None, experiment_custom_tags=None, verbose=True, system=True, add_to_model_list=True, metrics=None, display=None, model_only=True, return_train_score=False, error_score=0.0, kwargs={})
2025-08-08 19:32:57,363:INFO:Checking exceptions
2025-08-08 19:32:57,396:INFO:Importing libraries
2025-08-08 19:32:57,398:INFO:Copying training dataset
2025-08-08 19:32:57,420:INFO:Defining folds
2025-08-08 19:32:57,420:INFO:Declaring metric variables
2025-08-08 19:32:57,425:INFO:Importing untrained model
2025-08-08 19:32:57,430:INFO:Light Gradient Boosting Machine Imported successfully
2025-08-08 19:32:57,439:INFO:Starting cross validation
2025-08-08 19:32:57,443:INFO:Cross validating with StratifiedKFold(n_splits=10, random_state=None, shuffle=False), n_jobs=-1
2025-08-08 19:33:07,634:INFO:[LightGBM] [Warning] Found whitespace in feature_names, replace with underlines
2025-08-08 19:33:07,640:INFO:[LightGBM] [Info] Number of positive: 441, number of negative: 185
2025-08-08 19:33:07,651:INFO:[LightGBM] [Warning] Found whitespace in feature_names, replace with underlines
2025-08-08 19:33:07,652:INFO:[LightGBM] [Info] Number of positive: 441, number of negative: 185
2025-08-08 19:33:07,711:INFO:[LightGBM] [Info] Auto-choosing row-wise multi-threading, the overhead of testing was 0.001438 seconds.
2025-08-08 19:33:07,711:INFO:You can set `force_row_wise=true` to remove the overhead.
2025-08-08 19:33:07,712:INFO:And if memory is not enough, you can set `force_col_wise=true`.
2025-08-08 19:33:07,712:INFO:[LightGBM] [Info] Total Bins 598
2025-08-08 19:33:07,712:INFO:[LightGBM] [Info] Number of data points in the train set: 626, number of used features: 58
2025-08-08 19:33:07,712:INFO:[LightGBM] [Info] [binary:BoostFromScore]: pavg=0.704473 -> initscore=0.868689
2025-08-08 19:33:07,712:INFO:[LightGBM] [Info] Start training from score 0.868689
2025-08-08 19:33:07,729:INFO:[LightGBM] [Warning] No further splits with positive gain, best gain: -inf
2025-08-08 19:33:07,729:INFO:[LightGBM] [Warning] No further splits with positive gain, best gain: -inf
2025-08-08 19:33:07,729:INFO:[LightGBM] [Warning] No further splits with positive gain, best gain: -inf
2025-08-08 19:33:07,731:INFO:[LightGBM] [Warning] No further splits with positive gain, best gain: -inf
2025-08-08 19:33:07,731:INFO:[LightGBM] [Warning] No further splits with positive gain, best gain: -inf
2025-08-08 19:33:07,731:INFO:[LightGBM] [Warning] No further splits with positive gain, best gain: -inf
2025-08-08 19:33:07,795:INFO:[LightGBM] [Info] Auto-choosing row-wise multi-threading, the overhead of testing was 0.084862 seconds.
2025-08-08 19:33:07,795:INFO:You can set `force_row_wise=true` to remove the overhead.
2025-08-08 19:33:07,795:INFO:And if memory is not enough, you can set `force_col_wise=true`.
2025-08-08 19:33:07,803:INFO:[LightGBM] [Info] Total Bins 598
2025-08-08 19:33:07,803:INFO:[LightGBM] [Info] Number of data points in the train set: 626, number of used features: 58
2025-08-08 19:33:07,804:INFO:[LightGBM] [Info] [binary:BoostFromScore]: pavg=0.704473 -> initscore=0.868689
2025-08-08 19:33:07,804:INFO:[LightGBM] [Info] Start training from score 0.868689
2025-08-08 19:33:07,805:INFO:[LightGBM] [Warning] No further splits with positive gain, best gain: -inf
2025-08-08 19:33:07,805:INFO:[LightGBM] [Warning] No further splits with positive gain, best gain: -inf
2025-08-08 19:33:07,805:INFO:[LightGBM] [Warning] No further splits with positive gain, best gain: -inf
2025-08-08 19:33:07,814:INFO:[LightGBM] [Warning] No further splits with positive gain, best gain: -inf
2025-08-08 19:33:07,815:INFO:[LightGBM] [Warning] No further splits with positive gain, best gain: -inf
2025-08-08 19:33:07,815:INFO:[LightGBM] [Warning] No further splits with positive gain, best gain: -inf
2025-08-08 19:33:07,815:INFO:[LightGBM] [Warning] No further splits with positive gain, best gain: -inf
2025-08-08 19:33:07,816:INFO:[LightGBM] [Warning] No further splits with positive gain, best gain: -inf
2025-08-08 19:33:07,833:INFO:[LightGBM] [Warning] No further splits with positive gain, best gain: -inf
2025-08-08 19:33:07,833:INFO:[LightGBM] [Warning] No further splits with positive gain, best gain: -inf
2025-08-08 19:33:07,833:INFO:[LightGBM] [Warning] No further splits with positive gain, best gain: -inf
2025-08-08 19:33:07,833:INFO:[LightGBM] [Warning] No further splits with positive gain, best gain: -inf
2025-08-08 19:33:07,833:INFO:[LightGBM] [Warning] No further splits with positive gain, best gain: -inf
2025-08-08 19:33:07,842:INFO:[LightGBM] [Warning] No further splits with positive gain, best gain: -inf
2025-08-08 19:33:07,842:INFO:[LightGBM] [Warning] No further splits with positive gain, best gain: -inf
2025-08-08 19:33:07,842:INFO:[LightGBM] [Warning] No further splits with positive gain, best gain: -inf
2025-08-08 19:33:07,856:INFO:[LightGBM] [Warning] No further splits with positive gain, best gain: -inf
2025-08-08 19:33:07,873:INFO:[LightGBM] [Warning] No further splits with positive gain, best gain: -inf
2025-08-08 19:33:07,873:INFO:[LightGBM] [Warning] No further splits with positive gain, best gain: -inf
2025-08-08 19:33:07,873:INFO:[LightGBM] [Warning] No further splits with positive gain, best gain: -inf
2025-08-08 19:33:07,897:INFO:[LightGBM] [Warning] No further splits with positive gain, best gain: -inf
2025-08-08 19:33:07,898:INFO:[LightGBM] [Warning] No further splits with positive gain, best gain: -inf
2025-08-08 19:33:07,906:INFO:[LightGBM] [Warning] No further splits with positive gain, best gain: -inf
2025-08-08 19:33:07,906:INFO:[LightGBM] [Warning] No further splits with positive gain, best gain: -inf
2025-08-08 19:33:07,906:INFO:[LightGBM] [Warning] No further splits with positive gain, best gain: -inf
2025-08-08 19:33:07,915:INFO:[LightGBM] [Warning] No further splits with positive gain, best gain: -inf
2025-08-08 19:33:07,916:INFO:[LightGBM] [Warning] No further splits with positive gain, best gain: -inf
2025-08-08 19:33:07,916:INFO:[LightGBM] [Warning] No further splits with positive gain, best gain: -inf
2025-08-08 19:33:07,917:INFO:[LightGBM] [Warning] No further splits with positive gain, best gain: -inf
2025-08-08 19:33:07,925:INFO:[LightGBM] [Warning] No further splits with positive gain, best gain: -inf
2025-08-08 19:33:07,926:INFO:[LightGBM] [Warning] No further splits with positive gain, best gain: -inf
2025-08-08 19:33:07,926:INFO:[LightGBM] [Warning] No further splits with positive gain, best gain: -inf
2025-08-08 19:33:07,927:INFO:[LightGBM] [Warning] No further splits with positive gain, best gain: -inf
2025-08-08 19:33:07,936:INFO:[LightGBM] [Warning] No further splits with positive gain, best gain: -inf
2025-08-08 19:33:07,936:INFO:[LightGBM] [Warning] No further splits with positive gain, best gain: -inf
2025-08-08 19:33:07,936:INFO:[LightGBM] [Warning] No further splits with positive gain, best gain: -inf
2025-08-08 19:33:07,939:INFO:[LightGBM] [Warning] No further splits with positive gain, best gain: -inf
2025-08-08 19:33:07,940:INFO:[LightGBM] [Warning] No further splits with positive gain, best gain: -inf
2025-08-08 19:33:07,949:INFO:[LightGBM] [Warning] No further splits with positive gain, best gain: -inf
2025-08-08 19:33:07,957:INFO:[LightGBM] [Warning] No further splits with positive gain, best gain: -inf
2025-08-08 19:33:07,958:INFO:[LightGBM] [Warning] No further splits with positive gain, best gain: -inf
2025-08-08 19:33:07,958:INFO:[LightGBM] [Warning] No further splits with positive gain, best gain: -inf
2025-08-08 19:33:07,959:INFO:[LightGBM] [Warning] No further splits with positive gain, best gain: -inf
2025-08-08 19:33:07,965:INFO:[LightGBM] [Warning] No further splits with positive gain, best gain: -inf
2025-08-08 19:33:08,041:INFO:[LightGBM] [Warning] No further splits with positive gain, best gain: -inf
2025-08-08 19:33:08,043:INFO:[LightGBM] [Warning] No further splits with positive gain, best gain: -inf
2025-08-08 19:33:08,047:INFO:[LightGBM] [Warning] No further splits with positive gain, best gain: -inf
2025-08-08 19:33:08,048:INFO:[LightGBM] [Warning] No further splits with positive gain, best gain: -inf
2025-08-08 19:33:08,048:INFO:[LightGBM] [Warning] No further splits with positive gain, best gain: -inf
2025-08-08 19:33:08,049:INFO:[LightGBM] [Warning] No further splits with positive gain, best gain: -inf
2025-08-08 19:33:08,054:INFO:[LightGBM] [Warning] No further splits with positive gain, best gain: -inf
2025-08-08 19:33:08,056:INFO:[LightGBM] [Warning] No further splits with positive gain, best gain: -inf
2025-08-08 19:33:08,058:INFO:[LightGBM] [Warning] No further splits with positive gain, best gain: -inf
2025-08-08 19:33:08,058:INFO:[LightGBM] [Warning] No further splits with positive gain, best gain: -inf
2025-08-08 19:33:08,069:INFO:[LightGBM] [Warning] No further splits with positive gain, best gain: -inf
2025-08-08 19:33:08,070:INFO:[LightGBM] [Warning] No further splits with positive gain, best gain: -inf
2025-08-08 19:33:08,077:INFO:[LightGBM] [Warning] No further splits with positive gain, best gain: -inf
2025-08-08 19:33:08,078:INFO:[LightGBM] [Warning] No further splits with positive gain, best gain: -inf
2025-08-08 19:33:08,078:INFO:[LightGBM] [Warning] No further splits with positive gain, best gain: -inf
2025-08-08 19:33:08,079:INFO:[LightGBM] [Warning] No further splits with positive gain, best gain: -inf
2025-08-08 19:33:08,084:INFO:[LightGBM] [Warning] No further splits with positive gain, best gain: -inf
2025-08-08 19:33:08,100:INFO:[LightGBM] [Warning] No further splits with positive gain, best gain: -inf
2025-08-08 19:33:08,101:INFO:[LightGBM] [Warning] No further splits with positive gain, best gain: -inf
2025-08-08 19:33:08,107:INFO:[LightGBM] [Warning] No further splits with positive gain, best gain: -inf
2025-08-08 19:33:08,108:INFO:[LightGBM] [Warning] No further splits with positive gain, best gain: -inf
2025-08-08 19:33:08,108:INFO:[LightGBM] [Warning] No further splits with positive gain, best gain: -inf
2025-08-08 19:33:08,115:INFO:[LightGBM] [Warning] No further splits with positive gain, best gain: -inf
2025-08-08 19:33:08,116:INFO:[LightGBM] [Warning] No further splits with positive gain, best gain: -inf
2025-08-08 19:33:08,117:INFO:[LightGBM] [Warning] No further splits with positive gain, best gain: -inf
2025-08-08 19:33:08,123:INFO:[LightGBM] [Warning] No further splits with positive gain, best gain: -inf
2025-08-08 19:33:08,131:INFO:[LightGBM] [Warning] No further splits with positive gain, best gain: -inf
2025-08-08 19:33:08,132:INFO:[LightGBM] [Warning] No further splits with positive gain, best gain: -inf
2025-08-08 19:33:08,132:INFO:[LightGBM] [Warning] No further splits with positive gain, best gain: -inf
2025-08-08 19:33:08,139:INFO:[LightGBM] [Warning] No further splits with positive gain, best gain: -inf
2025-08-08 19:33:08,140:INFO:[LightGBM] [Warning] No further splits with positive gain, best gain: -inf
2025-08-08 19:33:08,140:INFO:[LightGBM] [Warning] No further splits with positive gain, best gain: -inf
2025-08-08 19:33:08,140:INFO:[LightGBM] [Warning] No further splits with positive gain, best gain: -inf
2025-08-08 19:33:08,141:INFO:[LightGBM] [Warning] No further splits with positive gain, best gain: -inf
2025-08-08 19:33:08,147:INFO:[LightGBM] [Warning] No further splits with positive gain, best gain: -inf
2025-08-08 19:33:08,148:INFO:[LightGBM] [Warning] No further splits with positive gain, best gain: -inf
2025-08-08 19:33:08,155:INFO:[LightGBM] [Warning] No further splits with positive gain, best gain: -inf
2025-08-08 19:33:08,156:INFO:[LightGBM] [Warning] No further splits with positive gain, best gain: -inf
2025-08-08 19:33:08,157:INFO:[LightGBM] [Warning] No further splits with positive gain, best gain: -inf
2025-08-08 19:33:08,163:INFO:[LightGBM] [Warning] No further splits with positive gain, best gain: -inf
2025-08-08 19:33:08,165:INFO:[LightGBM] [Warning] No further splits with positive gain, best gain: -inf
2025-08-08 19:33:08,165:INFO:[LightGBM] [Warning] No further splits with positive gain, best gain: -inf
2025-08-08 19:33:08,165:INFO:[LightGBM] [Warning] No further splits with positive gain, best gain: -inf
2025-08-08 19:33:08,172:INFO:[LightGBM] [Warning] No further splits with positive gain, best gain: -inf
2025-08-08 19:33:08,178:INFO:[LightGBM] [Warning] No further splits with positive gain, best gain: -inf
2025-08-08 19:33:08,194:INFO:[LightGBM] [Warning] No further splits with positive gain, best gain: -inf
2025-08-08 19:33:08,195:INFO:[LightGBM] [Warning] No further splits with positive gain, best gain: -inf
2025-08-08 19:33:08,247:INFO:[LightGBM] [Warning] No further splits with positive gain, best gain: -inf
2025-08-08 19:33:08,247:INFO:[LightGBM] [Warning] No further splits with positive gain, best gain: -inf
2025-08-08 19:33:08,247:INFO:[LightGBM] [Warning] No further splits with positive gain, best gain: -inf
2025-08-08 19:33:08,251:INFO:[LightGBM] [Warning] No further splits with positive gain, best gain: -inf
2025-08-08 19:33:08,251:INFO:[LightGBM] [Warning] No further splits with positive gain, best gain: -inf
2025-08-08 19:33:08,251:INFO:[LightGBM] [Warning] No further splits with positive gain, best gain: -inf
2025-08-08 19:33:08,266:INFO:[LightGBM] [Warning] No further splits with positive gain, best gain: -inf
2025-08-08 19:33:08,268:INFO:[LightGBM] [Warning] No further splits with positive gain, best gain: -inf
2025-08-08 19:33:08,268:INFO:[LightGBM] [Warning] No further splits with positive gain, best gain: -inf
2025-08-08 19:33:08,268:INFO:[LightGBM] [Warning] No further splits with positive gain, best gain: -inf
2025-08-08 19:33:08,268:INFO:[LightGBM] [Warning] No further splits with positive gain, best gain: -inf
2025-08-08 19:33:08,299:INFO:[LightGBM] [Warning] No further splits with positive gain, best gain: -inf
2025-08-08 19:33:08,306:INFO:[LightGBM] [Warning] No further splits with positive gain, best gain: -inf
2025-08-08 19:33:08,306:INFO:[LightGBM] [Warning] No further splits with positive gain, best gain: -inf
2025-08-08 19:33:08,306:INFO:[LightGBM] [Warning] No further splits with positive gain, best gain: -inf
2025-08-08 19:33:08,306:INFO:[LightGBM] [Warning] No further splits with positive gain, best gain: -inf
2025-08-08 19:33:08,306:INFO:[LightGBM] [Warning] No further splits with positive gain, best gain: -inf
2025-08-08 19:33:08,313:INFO:[LightGBM] [Warning] No further splits with positive gain, best gain: -inf
2025-08-08 19:33:08,313:INFO:[LightGBM] [Warning] No further splits with positive gain, best gain: -inf
2025-08-08 19:33:08,313:INFO:[LightGBM] [Warning] No further splits with positive gain, best gain: -inf
2025-08-08 19:33:08,313:INFO:[LightGBM] [Warning] No further splits with positive gain, best gain: -inf
2025-08-08 19:33:08,321:INFO:[LightGBM] [Warning] No further splits with positive gain, best gain: -inf
2025-08-08 19:33:08,321:INFO:[LightGBM] [Warning] No further splits with positive gain, best gain: -inf
2025-08-08 19:33:08,334:INFO:[LightGBM] [Warning] No further splits with positive gain, best gain: -inf
2025-08-08 19:33:08,334:INFO:[LightGBM] [Warning] No further splits with positive gain, best gain: -inf
2025-08-08 19:33:08,334:INFO:[LightGBM] [Warning] No further splits with positive gain, best gain: -inf
2025-08-08 19:33:08,340:INFO:[LightGBM] [Warning] No further splits with positive gain, best gain: -inf
2025-08-08 19:33:08,357:INFO:[LightGBM] [Warning] No further splits with positive gain, best gain: -inf
2025-08-08 19:33:08,357:INFO:[LightGBM] [Warning] No further splits with positive gain, best gain: -inf
2025-08-08 19:33:08,357:INFO:[LightGBM] [Warning] No further splits with positive gain, best gain: -inf
2025-08-08 19:33:08,357:INFO:[LightGBM] [Warning] No further splits with positive gain, best gain: -inf
2025-08-08 19:33:08,357:INFO:[LightGBM] [Warning] No further splits with positive gain, best gain: -inf
2025-08-08 19:33:08,362:INFO:[LightGBM] [Warning] No further splits with positive gain, best gain: -inf
2025-08-08 19:33:08,362:INFO:[LightGBM] [Warning] No further splits with positive gain, best gain: -inf
2025-08-08 19:33:08,370:INFO:[LightGBM] [Warning] No further splits with positive gain, best gain: -inf
2025-08-08 19:33:08,378:INFO:[LightGBM] [Warning] No further splits with positive gain, best gain: -inf
2025-08-08 19:33:08,378:INFO:[LightGBM] [Warning] No further splits with positive gain, best gain: -inf
2025-08-08 19:33:08,378:INFO:[LightGBM] [Warning] No further splits with positive gain, best gain: -inf
2025-08-08 19:33:08,408:INFO:[LightGBM] [Warning] No further splits with positive gain, best gain: -inf
2025-08-08 19:33:08,412:INFO:[LightGBM] [Warning] No further splits with positive gain, best gain: -inf
2025-08-08 19:33:08,418:INFO:[LightGBM] [Warning] No further splits with positive gain, best gain: -inf
2025-08-08 19:33:08,439:INFO:[LightGBM] [Warning] No further splits with positive gain, best gain: -inf
2025-08-08 19:33:08,499:INFO:[LightGBM] [Warning] No further splits with positive gain, best gain: -inf
2025-08-08 19:33:08,499:INFO:[LightGBM] [Warning] No further splits with positive gain, best gain: -inf
2025-08-08 19:33:08,502:INFO:[LightGBM] [Warning] No further splits with positive gain, best gain: -inf
2025-08-08 19:33:08,506:WARNING:/workspaces/TechCatalyst_DE_2025/pycaret_env/lib/python3.11/site-packages/sklearn/metrics/_classification.py:1561: UserWarning: Note that pos_label (set to 'good') is ignored when average != 'binary' (got 'weighted'). You may use labels=[pos_label] to specify a single positive class.
  warnings.warn(

2025-08-08 19:33:08,510:INFO:[LightGBM] [Warning] No further splits with positive gain, best gain: -inf
2025-08-08 19:33:08,516:WARNING:/workspaces/TechCatalyst_DE_2025/pycaret_env/lib/python3.11/site-packages/sklearn/metrics/_classification.py:1561: UserWarning: Note that pos_label (set to 'good') is ignored when average != 'binary' (got 'weighted'). You may use labels=[pos_label] to specify a single positive class.
  warnings.warn(

2025-08-08 19:33:08,521:INFO:[LightGBM] [Warning] No further splits with positive gain, best gain: -inf
2025-08-08 19:33:08,525:INFO:[LightGBM] [Warning] No further splits with positive gain, best gain: -inf
2025-08-08 19:33:08,532:INFO:[LightGBM] [Warning] No further splits with positive gain, best gain: -inf
2025-08-08 19:33:08,533:WARNING:/workspaces/TechCatalyst_DE_2025/pycaret_env/lib/python3.11/site-packages/sklearn/metrics/_classification.py:1561: UserWarning: Note that pos_label (set to 'good') is ignored when average != 'binary' (got 'weighted'). You may use labels=[pos_label] to specify a single positive class.
  warnings.warn(

2025-08-08 19:33:08,536:INFO:[LightGBM] [Warning] No further splits with positive gain, best gain: -inf
2025-08-08 19:33:08,543:INFO:[LightGBM] [Warning] No further splits with positive gain, best gain: -inf
2025-08-08 19:33:08,543:INFO:[LightGBM] [Warning] No further splits with positive gain, best gain: -inf
2025-08-08 19:33:08,551:INFO:[LightGBM] [Warning] No further splits with positive gain, best gain: -inf
2025-08-08 19:33:08,552:INFO:[LightGBM] [Warning] No further splits with positive gain, best gain: -inf
2025-08-08 19:33:08,556:INFO:[LightGBM] [Warning] No further splits with positive gain, best gain: -inf
2025-08-08 19:33:08,560:INFO:[LightGBM] [Warning] No further splits with positive gain, best gain: -inf
2025-08-08 19:33:08,562:INFO:[LightGBM] [Warning] No further splits with positive gain, best gain: -inf
2025-08-08 19:33:08,680:WARNING:/workspaces/TechCatalyst_DE_2025/pycaret_env/lib/python3.11/site-packages/sklearn/metrics/_classification.py:1561: UserWarning: Note that pos_label (set to 'good') is ignored when average != 'binary' (got 'weighted'). You may use labels=[pos_label] to specify a single positive class.
  warnings.warn(

2025-08-08 19:33:08,683:WARNING:/workspaces/TechCatalyst_DE_2025/pycaret_env/lib/python3.11/site-packages/sklearn/metrics/_classification.py:1561: UserWarning: Note that pos_label (set to 'good') is ignored when average != 'binary' (got 'weighted'). You may use labels=[pos_label] to specify a single positive class.
  warnings.warn(

2025-08-08 19:33:08,686:WARNING:/workspaces/TechCatalyst_DE_2025/pycaret_env/lib/python3.11/site-packages/sklearn/metrics/_classification.py:1561: UserWarning: Note that pos_label (set to 'good') is ignored when average != 'binary' (got 'weighted'). You may use labels=[pos_label] to specify a single positive class.
  warnings.warn(

2025-08-08 19:33:09,262:INFO:[LightGBM] [Warning] Found whitespace in feature_names, replace with underlines
2025-08-08 19:33:09,265:INFO:[LightGBM] [Info] Number of positive: 441, number of negative: 185
2025-08-08 19:33:09,267:INFO:[LightGBM] [Info] Auto-choosing row-wise multi-threading, the overhead of testing was 0.000323 seconds.
2025-08-08 19:33:09,267:INFO:You can set `force_row_wise=true` to remove the overhead.
2025-08-08 19:33:09,267:INFO:And if memory is not enough, you can set `force_col_wise=true`.
2025-08-08 19:33:09,267:INFO:[LightGBM] [Info] Total Bins 599
2025-08-08 19:33:09,267:INFO:[LightGBM] [Info] Number of data points in the train set: 626, number of used features: 58
2025-08-08 19:33:09,267:INFO:[LightGBM] [Info] [binary:BoostFromScore]: pavg=0.704473 -> initscore=0.868689
2025-08-08 19:33:09,267:INFO:[LightGBM] [Info] Start training from score 0.868689
2025-08-08 19:33:09,267:INFO:[LightGBM] [Warning] No further splits with positive gain, best gain: -inf
2025-08-08 19:33:09,267:INFO:[LightGBM] [Warning] No further splits with positive gain, best gain: -inf
2025-08-08 19:33:09,267:INFO:[LightGBM] [Warning] No further splits with positive gain, best gain: -inf
2025-08-08 19:33:09,274:INFO:[LightGBM] [Warning] No further splits with positive gain, best gain: -inf
2025-08-08 19:33:09,274:INFO:[LightGBM] [Warning] No further splits with positive gain, best gain: -inf
2025-08-08 19:33:09,274:INFO:[LightGBM] [Warning] No further splits with positive gain, best gain: -inf
2025-08-08 19:33:09,274:INFO:[LightGBM] [Warning] No further splits with positive gain, best gain: -inf
2025-08-08 19:33:09,279:INFO:[LightGBM] [Warning] No further splits with positive gain, best gain: -inf
2025-08-08 19:33:09,284:INFO:[LightGBM] [Warning] No further splits with positive gain, best gain: -inf
2025-08-08 19:33:09,284:INFO:[LightGBM] [Warning] No further splits with positive gain, best gain: -inf
2025-08-08 19:33:09,284:INFO:[LightGBM] [Warning] No further splits with positive gain, best gain: -inf
2025-08-08 19:33:09,292:INFO:[LightGBM] [Warning] No further splits with positive gain, best gain: -inf
2025-08-08 19:33:09,295:INFO:[LightGBM] [Warning] No further splits with positive gain, best gain: -inf
2025-08-08 19:33:09,298:INFO:[LightGBM] [Warning] No further splits with positive gain, best gain: -inf
2025-08-08 19:33:09,299:INFO:[LightGBM] [Warning] No further splits with positive gain, best gain: -inf
2025-08-08 19:33:09,303:INFO:[LightGBM] [Warning] No further splits with positive gain, best gain: -inf
2025-08-08 19:33:09,305:INFO:[LightGBM] [Warning] No further splits with positive gain, best gain: -inf
2025-08-08 19:33:09,305:INFO:[LightGBM] [Warning] No further splits with positive gain, best gain: -inf
2025-08-08 19:33:09,305:INFO:[LightGBM] [Warning] No further splits with positive gain, best gain: -inf
2025-08-08 19:33:09,305:INFO:[LightGBM] [Warning] No further splits with positive gain, best gain: -inf
2025-08-08 19:33:09,322:INFO:[LightGBM] [Warning] No further splits with positive gain, best gain: -inf
2025-08-08 19:33:09,322:INFO:[LightGBM] [Warning] No further splits with positive gain, best gain: -inf
2025-08-08 19:33:09,323:INFO:[LightGBM] [Warning] No further splits with positive gain, best gain: -inf
2025-08-08 19:33:09,323:INFO:[LightGBM] [Warning] No further splits with positive gain, best gain: -inf
2025-08-08 19:33:09,323:INFO:[LightGBM] [Warning] No further splits with positive gain, best gain: -inf
2025-08-08 19:33:09,323:INFO:[LightGBM] [Warning] No further splits with positive gain, best gain: -inf
2025-08-08 19:33:09,323:INFO:[LightGBM] [Warning] No further splits with positive gain, best gain: -inf
2025-08-08 19:33:09,376:INFO:[LightGBM] [Warning] No further splits with positive gain, best gain: -inf
2025-08-08 19:33:09,376:INFO:[LightGBM] [Warning] No further splits with positive gain, best gain: -inf
2025-08-08 19:33:09,376:INFO:[LightGBM] [Warning] No further splits with positive gain, best gain: -inf
2025-08-08 19:33:09,376:INFO:[LightGBM] [Warning] No further splits with positive gain, best gain: -inf
2025-08-08 19:33:09,376:INFO:[LightGBM] [Warning] No further splits with positive gain, best gain: -inf
2025-08-08 19:33:09,384:INFO:[LightGBM] [Warning] Found whitespace in feature_names, replace with underlines
2025-08-08 19:33:09,392:INFO:[LightGBM] [Warning] No further splits with positive gain, best gain: -inf
2025-08-08 19:33:09,394:INFO:[LightGBM] [Info] Number of positive: 441, number of negative: 185
2025-08-08 19:33:09,394:INFO:[LightGBM] [Info] Auto-choosing row-wise multi-threading, the overhead of testing was 0.000131 seconds.
2025-08-08 19:33:09,394:INFO:You can set `force_row_wise=true` to remove the overhead.
2025-08-08 19:33:09,394:INFO:And if memory is not enough, you can set `force_col_wise=true`.
2025-08-08 19:33:09,400:INFO:[LightGBM] [Info] Total Bins 599
2025-08-08 19:33:09,400:INFO:[LightGBM] [Info] Number of data points in the train set: 626, number of used features: 58
2025-08-08 19:33:09,400:INFO:[LightGBM] [Info] [binary:BoostFromScore]: pavg=0.704473 -> initscore=0.868689
2025-08-08 19:33:09,400:INFO:[LightGBM] [Info] Start training from score 0.868689
2025-08-08 19:33:09,400:INFO:[LightGBM] [Warning] No further splits with positive gain, best gain: -inf
2025-08-08 19:33:09,400:INFO:[LightGBM] [Warning] No further splits with positive gain, best gain: -inf
2025-08-08 19:33:09,404:INFO:[LightGBM] [Warning] No further splits with positive gain, best gain: -inf
2025-08-08 19:33:09,404:INFO:[LightGBM] [Warning] No further splits with positive gain, best gain: -inf
2025-08-08 19:33:09,404:INFO:[LightGBM] [Warning] No further splits with positive gain, best gain: -inf
2025-08-08 19:33:09,404:INFO:[LightGBM] [Warning] No further splits with positive gain, best gain: -inf
2025-08-08 19:33:09,421:INFO:[LightGBM] [Warning] No further splits with positive gain, best gain: -inf
2025-08-08 19:33:09,427:INFO:[LightGBM] [Warning] No further splits with positive gain, best gain: -inf
2025-08-08 19:33:09,431:INFO:[LightGBM] [Warning] No further splits with positive gain, best gain: -inf
2025-08-08 19:33:09,431:INFO:[LightGBM] [Warning] No further splits with positive gain, best gain: -inf
2025-08-08 19:33:09,508:INFO:[LightGBM] [Warning] No further splits with positive gain, best gain: -inf
2025-08-08 19:33:09,508:INFO:[LightGBM] [Warning] No further splits with positive gain, best gain: -inf
2025-08-08 19:33:09,527:INFO:[LightGBM] [Warning] No further splits with positive gain, best gain: -inf
2025-08-08 19:33:09,531:INFO:[LightGBM] [Warning] No further splits with positive gain, best gain: -inf
2025-08-08 19:33:09,592:INFO:[LightGBM] [Warning] No further splits with positive gain, best gain: -inf
2025-08-08 19:33:09,592:INFO:[LightGBM] [Warning] No further splits with positive gain, best gain: -inf
2025-08-08 19:33:09,592:INFO:[LightGBM] [Warning] No further splits with positive gain, best gain: -inf
2025-08-08 19:33:09,600:INFO:[LightGBM] [Warning] No further splits with positive gain, best gain: -inf
2025-08-08 19:33:09,610:INFO:[LightGBM] [Warning] No further splits with positive gain, best gain: -inf
2025-08-08 19:33:09,660:INFO:[LightGBM] [Warning] No further splits with positive gain, best gain: -inf
2025-08-08 19:33:09,661:INFO:[LightGBM] [Warning] No further splits with positive gain, best gain: -inf
2025-08-08 19:33:09,661:INFO:[LightGBM] [Warning] No further splits with positive gain, best gain: -inf
2025-08-08 19:33:09,661:INFO:[LightGBM] [Warning] No further splits with positive gain, best gain: -inf
2025-08-08 19:33:09,661:INFO:[LightGBM] [Warning] No further splits with positive gain, best gain: -inf
2025-08-08 19:33:09,661:INFO:[LightGBM] [Warning] No further splits with positive gain, best gain: -inf
2025-08-08 19:33:09,669:INFO:[LightGBM] [Warning] No further splits with positive gain, best gain: -inf
2025-08-08 19:33:09,669:INFO:[LightGBM] [Warning] No further splits with positive gain, best gain: -inf
2025-08-08 19:33:09,670:INFO:[LightGBM] [Warning] No further splits with positive gain, best gain: -inf
2025-08-08 19:33:09,670:INFO:[LightGBM] [Warning] No further splits with positive gain, best gain: -inf
2025-08-08 19:33:09,670:INFO:[LightGBM] [Warning] No further splits with positive gain, best gain: -inf
2025-08-08 19:33:09,670:INFO:[LightGBM] [Warning] No further splits with positive gain, best gain: -inf
2025-08-08 19:33:09,670:INFO:[LightGBM] [Warning] No further splits with positive gain, best gain: -inf
2025-08-08 19:33:09,695:INFO:[LightGBM] [Warning] No further splits with positive gain, best gain: -inf
2025-08-08 19:33:09,695:INFO:[LightGBM] [Warning] No further splits with positive gain, best gain: -inf
2025-08-08 19:33:09,695:INFO:[LightGBM] [Warning] No further splits with positive gain, best gain: -inf
2025-08-08 19:33:09,712:INFO:[LightGBM] [Warning] No further splits with positive gain, best gain: -inf
2025-08-08 19:33:09,721:INFO:[LightGBM] [Warning] No further splits with positive gain, best gain: -inf
2025-08-08 19:33:09,721:INFO:[LightGBM] [Warning] No further splits with positive gain, best gain: -inf
2025-08-08 19:33:09,721:INFO:[LightGBM] [Warning] No further splits with positive gain, best gain: -inf
2025-08-08 19:33:09,721:INFO:[LightGBM] [Warning] No further splits with positive gain, best gain: -inf
2025-08-08 19:33:09,721:INFO:[LightGBM] [Warning] No further splits with positive gain, best gain: -inf
2025-08-08 19:33:09,721:INFO:[LightGBM] [Warning] No further splits with positive gain, best gain: -inf
2025-08-08 19:33:09,721:INFO:[LightGBM] [Warning] No further splits with positive gain, best gain: -inf
2025-08-08 19:33:09,736:INFO:[LightGBM] [Warning] No further splits with positive gain, best gain: -inf
2025-08-08 19:33:09,736:INFO:[LightGBM] [Warning] No further splits with positive gain, best gain: -inf
2025-08-08 19:33:09,742:INFO:[LightGBM] [Warning] No further splits with positive gain, best gain: -inf
2025-08-08 19:33:09,752:INFO:[LightGBM] [Warning] No further splits with positive gain, best gain: -inf
2025-08-08 19:33:09,752:INFO:[LightGBM] [Warning] No further splits with positive gain, best gain: -inf
2025-08-08 19:33:09,752:INFO:[LightGBM] [Warning] No further splits with positive gain, best gain: -inf
2025-08-08 19:33:09,752:INFO:[LightGBM] [Warning] No further splits with positive gain, best gain: -inf
2025-08-08 19:33:09,752:INFO:[LightGBM] [Warning] No further splits with positive gain, best gain: -inf
2025-08-08 19:33:09,877:INFO:[LightGBM] [Warning] No further splits with positive gain, best gain: -inf
2025-08-08 19:33:09,877:INFO:[LightGBM] [Warning] No further splits with positive gain, best gain: -inf
2025-08-08 19:33:09,897:INFO:[LightGBM] [Warning] No further splits with positive gain, best gain: -inf
2025-08-08 19:33:09,897:INFO:[LightGBM] [Warning] No further splits with positive gain, best gain: -inf
2025-08-08 19:33:09,904:INFO:[LightGBM] [Warning] No further splits with positive gain, best gain: -inf
2025-08-08 19:33:09,936:INFO:[LightGBM] [Warning] No further splits with positive gain, best gain: -inf
2025-08-08 19:33:09,945:INFO:[LightGBM] [Warning] No further splits with positive gain, best gain: -inf
2025-08-08 19:33:09,992:INFO:[LightGBM] [Warning] No further splits with positive gain, best gain: -inf
2025-08-08 19:33:09,992:INFO:[LightGBM] [Warning] No further splits with positive gain, best gain: -inf
2025-08-08 19:33:10,030:INFO:[LightGBM] [Warning] No further splits with positive gain, best gain: -inf
2025-08-08 19:33:10,036:INFO:[LightGBM] [Warning] No further splits with positive gain, best gain: -inf
2025-08-08 19:33:10,047:INFO:[LightGBM] [Warning] No further splits with positive gain, best gain: -inf
2025-08-08 19:33:10,052:INFO:[LightGBM] [Warning] No further splits with positive gain, best gain: -inf
2025-08-08 19:33:10,058:INFO:[LightGBM] [Warning] No further splits with positive gain, best gain: -inf[LightGBM] [Warning] No further splits with positive gain, best gain: -inf
2025-08-08 19:33:10,059:INFO:
2025-08-08 19:33:10,075:INFO:[LightGBM] [Warning] No further splits with positive gain, best gain: -inf
2025-08-08 19:33:10,076:INFO:[LightGBM] [Warning] No further splits with positive gain, best gain: -inf
2025-08-08 19:33:10,076:INFO:[LightGBM] [Warning] No further splits with positive gain, best gain: -inf
2025-08-08 19:33:10,076:INFO:[LightGBM] [Warning] No further splits with positive gain, best gain: -inf
2025-08-08 19:33:10,079:INFO:[LightGBM] [Warning] No further splits with positive gain, best gain: -inf
2025-08-08 19:33:10,086:INFO:[LightGBM] [Warning] No further splits with positive gain, best gain: -inf
2025-08-08 19:33:10,098:INFO:[LightGBM] [Warning] No further splits with positive gain, best gain: -inf
2025-08-08 19:33:10,116:INFO:[LightGBM] [Warning] No further splits with positive gain, best gain: -inf
2025-08-08 19:33:10,132:INFO:[LightGBM] [Warning] No further splits with positive gain, best gain: -inf
2025-08-08 19:33:10,137:INFO:[LightGBM] [Warning] No further splits with positive gain, best gain: -inf
2025-08-08 19:33:10,139:INFO:[LightGBM] [Warning] No further splits with positive gain, best gain: -inf
2025-08-08 19:33:10,166:INFO:[LightGBM] [Warning] No further splits with positive gain, best gain: -inf
2025-08-08 19:33:10,167:INFO:[LightGBM] [Warning] No further splits with positive gain, best gain: -inf
2025-08-08 19:33:10,178:INFO:[LightGBM] [Warning] No further splits with positive gain, best gain: -inf
2025-08-08 19:33:10,193:INFO:[LightGBM] [Warning] No further splits with positive gain, best gain: -inf
2025-08-08 19:33:10,197:INFO:[LightGBM] [Warning] No further splits with positive gain, best gain: -inf
2025-08-08 19:33:10,200:INFO:[LightGBM] [Warning] No further splits with positive gain, best gain: -inf
2025-08-08 19:33:10,253:INFO:[LightGBM] [Warning] No further splits with positive gain, best gain: -inf
2025-08-08 19:33:10,254:INFO:[LightGBM] [Warning] No further splits with positive gain, best gain: -inf
2025-08-08 19:33:10,256:INFO:[LightGBM] [Warning] No further splits with positive gain, best gain: -inf
2025-08-08 19:33:10,718:INFO:[LightGBM] [Warning] No further splits with positive gain, best gain: -inf
2025-08-08 19:33:10,774:INFO:[LightGBM] [Warning] No further splits with positive gain, best gain: -inf
2025-08-08 19:33:10,809:INFO:[LightGBM] [Warning] No further splits with positive gain, best gain: -inf
2025-08-08 19:33:10,809:INFO:[LightGBM] [Warning] No further splits with positive gain, best gain: -inf
2025-08-08 19:33:10,811:INFO:[LightGBM] [Warning] No further splits with positive gain, best gain: -inf
2025-08-08 19:33:10,811:INFO:[LightGBM] [Warning] No further splits with positive gain, best gain: -inf
2025-08-08 19:33:10,913:INFO:[LightGBM] [Warning] No further splits with positive gain, best gain: -inf
2025-08-08 19:33:10,932:INFO:[LightGBM] [Warning] No further splits with positive gain, best gain: -inf
2025-08-08 19:33:10,945:INFO:[LightGBM] [Warning] No further splits with positive gain, best gain: -inf
2025-08-08 19:33:10,961:INFO:[LightGBM] [Warning] No further splits with positive gain, best gain: -inf
2025-08-08 19:33:10,961:INFO:[LightGBM] [Warning] No further splits with positive gain, best gain: -inf
2025-08-08 19:33:10,976:INFO:[LightGBM] [Warning] No further splits with positive gain, best gain: -inf
2025-08-08 19:33:10,999:INFO:[LightGBM] [Warning] No further splits with positive gain, best gain: -inf
2025-08-08 19:33:11,017:INFO:[LightGBM] [Warning] No further splits with positive gain, best gain: -inf
2025-08-08 19:33:11,017:INFO:[LightGBM] [Warning] No further splits with positive gain, best gain: -inf
2025-08-08 19:33:11,021:INFO:[LightGBM] [Warning] No further splits with positive gain, best gain: -inf
2025-08-08 19:33:11,071:INFO:[LightGBM] [Warning] No further splits with positive gain, best gain: -inf
2025-08-08 19:33:11,082:INFO:[LightGBM] [Warning] No further splits with positive gain, best gain: -inf
2025-08-08 19:33:11,106:INFO:[LightGBM] [Warning] No further splits with positive gain, best gain: -inf
2025-08-08 19:33:11,149:INFO:[LightGBM] [Warning] No further splits with positive gain, best gain: -inf
2025-08-08 19:33:11,198:INFO:[LightGBM] [Warning] No further splits with positive gain, best gain: -inf
2025-08-08 19:33:11,208:INFO:[LightGBM] [Warning] No further splits with positive gain, best gain: -inf
2025-08-08 19:33:11,236:INFO:[LightGBM] [Warning] No further splits with positive gain, best gain: -inf
2025-08-08 19:33:11,241:INFO:[LightGBM] [Warning] No further splits with positive gain, best gain: -inf
2025-08-08 19:33:11,267:INFO:[LightGBM] [Warning] No further splits with positive gain, best gain: -inf
2025-08-08 19:33:11,267:INFO:[LightGBM] [Warning] No further splits with positive gain, best gain: -inf
2025-08-08 19:33:11,271:INFO:[LightGBM] [Warning] No further splits with positive gain, best gain: -inf
2025-08-08 19:33:11,291:INFO:[LightGBM] [Warning] No further splits with positive gain, best gain: -inf
2025-08-08 19:33:11,297:INFO:[LightGBM] [Warning] No further splits with positive gain, best gain: -inf
2025-08-08 19:33:11,306:INFO:[LightGBM] [Warning] No further splits with positive gain, best gain: -inf
2025-08-08 19:33:11,434:WARNING:/workspaces/TechCatalyst_DE_2025/pycaret_env/lib/python3.11/site-packages/sklearn/metrics/_classification.py:1561: UserWarning: Note that pos_label (set to 'good') is ignored when average != 'binary' (got 'weighted'). You may use labels=[pos_label] to specify a single positive class.
  warnings.warn(

2025-08-08 19:33:11,450:WARNING:/workspaces/TechCatalyst_DE_2025/pycaret_env/lib/python3.11/site-packages/sklearn/metrics/_classification.py:1561: UserWarning: Note that pos_label (set to 'good') is ignored when average != 'binary' (got 'weighted'). You may use labels=[pos_label] to specify a single positive class.
  warnings.warn(

2025-08-08 19:33:11,456:WARNING:/workspaces/TechCatalyst_DE_2025/pycaret_env/lib/python3.11/site-packages/sklearn/metrics/_classification.py:1561: UserWarning: Note that pos_label (set to 'good') is ignored when average != 'binary' (got 'weighted'). You may use labels=[pos_label] to specify a single positive class.
  warnings.warn(

2025-08-08 19:33:11,594:WARNING:/workspaces/TechCatalyst_DE_2025/pycaret_env/lib/python3.11/site-packages/sklearn/metrics/_classification.py:1561: UserWarning: Note that pos_label (set to 'good') is ignored when average != 'binary' (got 'weighted'). You may use labels=[pos_label] to specify a single positive class.
  warnings.warn(

2025-08-08 19:33:11,607:WARNING:/workspaces/TechCatalyst_DE_2025/pycaret_env/lib/python3.11/site-packages/sklearn/metrics/_classification.py:1561: UserWarning: Note that pos_label (set to 'good') is ignored when average != 'binary' (got 'weighted'). You may use labels=[pos_label] to specify a single positive class.
  warnings.warn(

2025-08-08 19:33:11,616:WARNING:/workspaces/TechCatalyst_DE_2025/pycaret_env/lib/python3.11/site-packages/sklearn/metrics/_classification.py:1561: UserWarning: Note that pos_label (set to 'good') is ignored when average != 'binary' (got 'weighted'). You may use labels=[pos_label] to specify a single positive class.
  warnings.warn(

2025-08-08 19:33:12,120:INFO:[LightGBM] [Warning] Found whitespace in feature_names, replace with underlines
2025-08-08 19:33:12,135:INFO:[LightGBM] [Info] Number of positive: 441, number of negative: 185
2025-08-08 19:33:12,231:INFO:[LightGBM] [Info] Auto-choosing row-wise multi-threading, the overhead of testing was 0.084546 seconds.
2025-08-08 19:33:12,231:INFO:You can set `force_row_wise=true` to remove the overhead.
2025-08-08 19:33:12,233:INFO:And if memory is not enough, you can set `force_col_wise=true`.
2025-08-08 19:33:12,233:INFO:[LightGBM] [Info] Total Bins 596
2025-08-08 19:33:12,233:INFO:[LightGBM] [Info] Number of data points in the train set: 626, number of used features: 58
2025-08-08 19:33:12,233:INFO:[LightGBM] [Info] [binary:BoostFromScore]: pavg=0.704473 -> initscore=0.868689
2025-08-08 19:33:12,234:INFO:[LightGBM] [Info] Start training from score 0.868689
2025-08-08 19:33:12,234:INFO:[LightGBM] [Warning] No further splits with positive gain, best gain: -inf
2025-08-08 19:33:12,234:INFO:[LightGBM] [Warning] No further splits with positive gain, best gain: -inf
2025-08-08 19:33:12,263:INFO:[LightGBM] [Warning] No further splits with positive gain, best gain: -inf
2025-08-08 19:33:12,263:INFO:[LightGBM] [Warning] No further splits with positive gain, best gain: -inf
2025-08-08 19:33:12,263:INFO:[LightGBM] [Warning] No further splits with positive gain, best gain: -inf
2025-08-08 19:33:12,263:INFO:[LightGBM] [Warning] No further splits with positive gain, best gain: -inf
2025-08-08 19:33:12,279:INFO:[LightGBM] [Warning] No further splits with positive gain, best gain: -inf
2025-08-08 19:33:12,279:INFO:[LightGBM] [Warning] No further splits with positive gain, best gain: -inf
2025-08-08 19:33:12,279:INFO:[LightGBM] [Warning] No further splits with positive gain, best gain: -inf
2025-08-08 19:33:12,297:INFO:[LightGBM] [Warning] No further splits with positive gain, best gain: -inf
2025-08-08 19:33:12,297:INFO:[LightGBM] [Warning] No further splits with positive gain, best gain: -inf
2025-08-08 19:33:12,297:INFO:[LightGBM] [Warning] No further splits with positive gain, best gain: -inf
2025-08-08 19:33:12,304:INFO:[LightGBM] [Warning] No further splits with positive gain, best gain: -inf
2025-08-08 19:33:12,304:INFO:[LightGBM] [Warning] No further splits with positive gain, best gain: -inf
2025-08-08 19:33:12,304:INFO:[LightGBM] [Warning] No further splits with positive gain, best gain: -inf
2025-08-08 19:33:12,320:INFO:[LightGBM] [Warning] No further splits with positive gain, best gain: -inf
2025-08-08 19:33:12,320:INFO:[LightGBM] [Warning] No further splits with positive gain, best gain: -inf
2025-08-08 19:33:12,320:INFO:[LightGBM] [Warning] No further splits with positive gain, best gain: -inf
2025-08-08 19:33:12,340:INFO:[LightGBM] [Warning] No further splits with positive gain, best gain: -inf
2025-08-08 19:33:12,341:INFO:[LightGBM] [Warning] No further splits with positive gain, best gain: -inf
2025-08-08 19:33:12,355:INFO:[LightGBM] [Warning] Found whitespace in feature_names, replace with underlines
2025-08-08 19:33:12,359:INFO:[LightGBM] [Warning] No further splits with positive gain, best gain: -inf
2025-08-08 19:33:12,359:INFO:[LightGBM] [Warning] No further splits with positive gain, best gain: -inf
2025-08-08 19:33:12,359:INFO:[LightGBM] [Warning] No further splits with positive gain, best gain: -inf
2025-08-08 19:33:12,360:INFO:[LightGBM] [Info] Number of positive: 441, number of negative: 185
2025-08-08 19:33:12,367:INFO:[LightGBM] [Warning] No further splits with positive gain, best gain: -inf
2025-08-08 19:33:12,367:INFO:[LightGBM] [Warning] No further splits with positive gain, best gain: -inf
2025-08-08 19:33:12,367:INFO:[LightGBM] [Warning] No further splits with positive gain, best gain: -inf
2025-08-08 19:33:12,367:INFO:[LightGBM] [Warning] No further splits with positive gain, best gain: -inf
2025-08-08 19:33:12,367:INFO:[LightGBM] [Warning] No further splits with positive gain, best gain: -inf
2025-08-08 19:33:12,369:INFO:[LightGBM] [Info] Auto-choosing row-wise multi-threading, the overhead of testing was 0.008046 seconds.
2025-08-08 19:33:12,369:INFO:You can set `force_row_wise=true` to remove the overhead.
2025-08-08 19:33:12,369:INFO:And if memory is not enough, you can set `force_col_wise=true`.
2025-08-08 19:33:12,369:INFO:[LightGBM] [Info] Total Bins 598
2025-08-08 19:33:12,369:INFO:[LightGBM] [Info] Number of data points in the train set: 626, number of used features: 58
2025-08-08 19:33:12,370:INFO:[LightGBM] [Info] [binary:BoostFromScore]: pavg=0.704473 -> initscore=0.868689
2025-08-08 19:33:12,370:INFO:[LightGBM] [Info] Start training from score 0.868689
2025-08-08 19:33:12,370:INFO:[LightGBM] [Warning] No further splits with positive gain, best gain: -inf
2025-08-08 19:33:12,370:INFO:[LightGBM] [Warning] No further splits with positive gain, best gain: -inf
2025-08-08 19:33:12,376:INFO:[LightGBM] [Warning] No further splits with positive gain, best gain: -inf
2025-08-08 19:33:12,376:INFO:[LightGBM] [Warning] No further splits with positive gain, best gain: -inf
2025-08-08 19:33:12,376:INFO:[LightGBM] [Warning] No further splits with positive gain, best gain: -inf
2025-08-08 19:33:12,376:INFO:[LightGBM] [Warning] No further splits with positive gain, best gain: -inf
2025-08-08 19:33:12,391:INFO:[LightGBM] [Warning] No further splits with positive gain, best gain: -inf
2025-08-08 19:33:12,391:INFO:[LightGBM] [Warning] No further splits with positive gain, best gain: -inf
2025-08-08 19:33:12,396:INFO:[LightGBM] [Warning] No further splits with positive gain, best gain: -inf
2025-08-08 19:33:12,413:INFO:[LightGBM] [Warning] No further splits with positive gain, best gain: -inf
2025-08-08 19:33:12,413:INFO:[LightGBM] [Warning] No further splits with positive gain, best gain: -inf
2025-08-08 19:33:12,413:INFO:[LightGBM] [Warning] No further splits with positive gain, best gain: -inf
2025-08-08 19:33:12,413:INFO:[LightGBM] [Warning] No further splits with positive gain, best gain: -inf
2025-08-08 19:33:12,413:INFO:[LightGBM] [Warning] No further splits with positive gain, best gain: -inf
2025-08-08 19:33:12,413:INFO:[LightGBM] [Warning] No further splits with positive gain, best gain: -inf
2025-08-08 19:33:12,436:INFO:[LightGBM] [Warning] No further splits with positive gain, best gain: -inf
2025-08-08 19:33:12,436:INFO:[LightGBM] [Warning] No further splits with positive gain, best gain: -inf
2025-08-08 19:33:12,436:INFO:[LightGBM] [Warning] No further splits with positive gain, best gain: -inf
2025-08-08 19:33:12,436:INFO:[LightGBM] [Warning] No further splits with positive gain, best gain: -inf
2025-08-08 19:33:12,436:INFO:[LightGBM] [Warning] No further splits with positive gain, best gain: -inf
2025-08-08 19:33:12,454:INFO:[LightGBM] [Warning] No further splits with positive gain, best gain: -inf
2025-08-08 19:33:12,476:INFO:[LightGBM] [Warning] No further splits with positive gain, best gain: -inf
2025-08-08 19:33:12,476:INFO:[LightGBM] [Warning] No further splits with positive gain, best gain: -inf
2025-08-08 19:33:12,502:INFO:[LightGBM] [Warning] No further splits with positive gain, best gain: -inf
2025-08-08 19:33:12,502:INFO:[LightGBM] [Warning] No further splits with positive gain, best gain: -inf
2025-08-08 19:33:12,503:INFO:[LightGBM] [Warning] No further splits with positive gain, best gain: -inf
2025-08-08 19:33:12,561:INFO:[LightGBM] [Warning] No further splits with positive gain, best gain: -inf
2025-08-08 19:33:12,562:INFO:[LightGBM] [Warning] No further splits with positive gain, best gain: -inf
2025-08-08 19:33:13,040:INFO:[LightGBM] [Warning] No further splits with positive gain, best gain: -inf
2025-08-08 19:33:13,040:INFO:[LightGBM] [Warning] No further splits with positive gain, best gain: -inf
2025-08-08 19:33:13,048:INFO:[LightGBM] [Warning] No further splits with positive gain, best gain: -inf
2025-08-08 19:33:13,398:INFO:[LightGBM] [Warning] No further splits with positive gain, best gain: -inf
2025-08-08 19:33:13,533:INFO:[LightGBM] [Warning] No further splits with positive gain, best gain: -inf
2025-08-08 19:33:13,533:INFO:[LightGBM] [Warning] No further splits with positive gain, best gain: -inf
2025-08-08 19:33:13,533:INFO:[LightGBM] [Warning] No further splits with positive gain, best gain: -inf
2025-08-08 19:33:13,619:INFO:[LightGBM] [Warning] No further splits with positive gain, best gain: -inf
2025-08-08 19:33:13,619:INFO:[LightGBM] [Warning] No further splits with positive gain, best gain: -inf
2025-08-08 19:33:13,635:INFO:[LightGBM] [Warning] No further splits with positive gain, best gain: -inf
2025-08-08 19:33:13,646:INFO:[LightGBM] [Warning] No further splits with positive gain, best gain: -inf
2025-08-08 19:33:13,646:INFO:[LightGBM] [Warning] No further splits with positive gain, best gain: -inf
2025-08-08 19:33:13,646:INFO:[LightGBM] [Warning] No further splits with positive gain, best gain: -inf
2025-08-08 19:33:13,646:INFO:[LightGBM] [Warning] No further splits with positive gain, best gain: -inf
2025-08-08 19:33:13,659:INFO:[LightGBM] [Warning] No further splits with positive gain, best gain: -inf
2025-08-08 19:33:13,665:INFO:[LightGBM] [Warning] No further splits with positive gain, best gain: -inf
2025-08-08 19:33:13,671:INFO:[LightGBM] [Warning] No further splits with positive gain, best gain: -inf
2025-08-08 19:33:13,671:INFO:[LightGBM] [Warning] No further splits with positive gain, best gain: -inf
2025-08-08 19:33:13,679:INFO:[LightGBM] [Warning] No further splits with positive gain, best gain: -inf
2025-08-08 19:33:13,679:INFO:[LightGBM] [Warning] No further splits with positive gain, best gain: -inf
2025-08-08 19:33:13,679:INFO:[LightGBM] [Warning] No further splits with positive gain, best gain: -inf
2025-08-08 19:33:13,679:INFO:[LightGBM] [Warning] No further splits with positive gain, best gain: -inf
2025-08-08 19:33:13,679:INFO:[LightGBM] [Warning] No further splits with positive gain, best gain: -inf
2025-08-08 19:33:13,679:INFO:[LightGBM] [Warning] No further splits with positive gain, best gain: -inf
2025-08-08 19:33:13,679:INFO:[LightGBM] [Warning] No further splits with positive gain, best gain: -inf
2025-08-08 19:33:13,690:INFO:[LightGBM] [Warning] No further splits with positive gain, best gain: -inf
2025-08-08 19:33:13,690:INFO:[LightGBM] [Warning] No further splits with positive gain, best gain: -inf
2025-08-08 19:33:13,690:INFO:[LightGBM] [Warning] No further splits with positive gain, best gain: -inf
2025-08-08 19:33:13,690:INFO:[LightGBM] [Warning] No further splits with positive gain, best gain: -inf
2025-08-08 19:33:13,690:INFO:[LightGBM] [Warning] No further splits with positive gain, best gain: -inf
2025-08-08 19:33:13,690:INFO:[LightGBM] [Warning] No further splits with positive gain, best gain: -inf
2025-08-08 19:33:13,691:INFO:[LightGBM] [Warning] No further splits with positive gain, best gain: -inf
2025-08-08 19:33:13,707:INFO:[LightGBM] [Warning] No further splits with positive gain, best gain: -inf
2025-08-08 19:33:13,707:INFO:[LightGBM] [Warning] No further splits with positive gain, best gain: -inf
2025-08-08 19:33:13,707:INFO:[LightGBM] [Warning] No further splits with positive gain, best gain: -inf
2025-08-08 19:33:13,715:INFO:[LightGBM] [Warning] No further splits with positive gain, best gain: -inf
2025-08-08 19:33:13,715:INFO:[LightGBM] [Warning] No further splits with positive gain, best gain: -inf
2025-08-08 19:33:13,715:INFO:[LightGBM] [Warning] No further splits with positive gain, best gain: -inf
2025-08-08 19:33:13,731:INFO:[LightGBM] [Warning] No further splits with positive gain, best gain: -inf
2025-08-08 19:33:13,731:INFO:[LightGBM] [Warning] No further splits with positive gain, best gain: -inf
2025-08-08 19:33:13,731:INFO:[LightGBM] [Warning] No further splits with positive gain, best gain: -inf
2025-08-08 19:33:13,738:INFO:[LightGBM] [Warning] No further splits with positive gain, best gain: -inf
2025-08-08 19:33:13,738:INFO:[LightGBM] [Warning] No further splits with positive gain, best gain: -inf
2025-08-08 19:33:13,738:INFO:[LightGBM] [Warning] No further splits with positive gain, best gain: -inf
2025-08-08 19:33:13,749:INFO:[LightGBM] [Warning] No further splits with positive gain, best gain: -inf
2025-08-08 19:33:13,749:INFO:[LightGBM] [Warning] No further splits with positive gain, best gain: -inf
2025-08-08 19:33:13,749:INFO:[LightGBM] [Warning] No further splits with positive gain, best gain: -inf
2025-08-08 19:33:13,749:INFO:[LightGBM] [Warning] No further splits with positive gain, best gain: -inf
2025-08-08 19:33:13,756:INFO:[LightGBM] [Warning] No further splits with positive gain, best gain: -inf
2025-08-08 19:33:13,756:INFO:[LightGBM] [Warning] No further splits with positive gain, best gain: -inf
2025-08-08 19:33:13,756:INFO:[LightGBM] [Warning] No further splits with positive gain, best gain: -inf
2025-08-08 19:33:13,756:INFO:[LightGBM] [Warning] No further splits with positive gain, best gain: -inf
2025-08-08 19:33:13,768:INFO:[LightGBM] [Warning] No further splits with positive gain, best gain: -inf
2025-08-08 19:33:13,768:INFO:[LightGBM] [Warning] No further splits with positive gain, best gain: -inf
2025-08-08 19:33:13,768:INFO:[LightGBM] [Warning] No further splits with positive gain, best gain: -inf
2025-08-08 19:33:13,793:INFO:[LightGBM] [Warning] No further splits with positive gain, best gain: -inf
2025-08-08 19:33:13,793:INFO:[LightGBM] [Warning] No further splits with positive gain, best gain: -inf
2025-08-08 19:33:13,793:INFO:[LightGBM] [Warning] No further splits with positive gain, best gain: -inf
2025-08-08 19:33:13,831:INFO:[LightGBM] [Warning] No further splits with positive gain, best gain: -inf
2025-08-08 19:33:13,831:INFO:[LightGBM] [Warning] No further splits with positive gain, best gain: -inf
2025-08-08 19:33:13,831:INFO:[LightGBM] [Warning] No further splits with positive gain, best gain: -inf
2025-08-08 19:33:13,856:INFO:[LightGBM] [Warning] No further splits with positive gain, best gain: -inf[LightGBM] [Warning] No further splits with positive gain, best gain: -inf
2025-08-08 19:33:13,857:INFO:[LightGBM] [Warning] No further splits with positive gain, best gain: -inf
2025-08-08 19:33:13,860:INFO:[LightGBM] [Warning] No further splits with positive gain, best gain: -inf
2025-08-08 19:33:13,860:INFO:[LightGBM] [Warning] No further splits with positive gain, best gain: -inf
2025-08-08 19:33:13,860:INFO:[LightGBM] [Warning] No further splits with positive gain, best gain: -inf
2025-08-08 19:33:13,860:INFO:[LightGBM] [Warning] No further splits with positive gain, best gain: -inf
2025-08-08 19:33:13,860:INFO:
2025-08-08 19:33:13,866:INFO:[LightGBM] [Warning] No further splits with positive gain, best gain: -inf
2025-08-08 19:33:13,877:INFO:[LightGBM] [Warning] No further splits with positive gain, best gain: -inf
2025-08-08 19:33:13,877:INFO:[LightGBM] [Warning] No further splits with positive gain, best gain: -inf
2025-08-08 19:33:13,877:INFO:[LightGBM] [Warning] No further splits with positive gain, best gain: -inf
2025-08-08 19:33:13,879:INFO:[LightGBM] [Warning] No further splits with positive gain, best gain: -inf
2025-08-08 19:33:13,879:INFO:[LightGBM] [Warning] No further splits with positive gain, best gain: -inf
2025-08-08 19:33:13,879:INFO:[LightGBM] [Warning] No further splits with positive gain, best gain: -inf
2025-08-08 19:33:13,883:INFO:[LightGBM] [Warning] No further splits with positive gain, best gain: -inf
2025-08-08 19:33:13,887:INFO:[LightGBM] [Warning] No further splits with positive gain, best gain: -inf
2025-08-08 19:33:13,896:INFO:[LightGBM] [Warning] No further splits with positive gain, best gain: -inf[LightGBM] [Warning] No further splits with positive gain, best gain: -inf
2025-08-08 19:33:13,896:INFO:[LightGBM] [Warning] No further splits with positive gain, best gain: -inf
2025-08-08 19:33:13,896:INFO:
2025-08-08 19:33:13,896:INFO:[LightGBM] [Warning] No further splits with positive gain, best gain: -inf
2025-08-08 19:33:13,923:INFO:[LightGBM] [Warning] No further splits with positive gain, best gain: -inf
2025-08-08 19:33:13,950:INFO:[LightGBM] [Warning] No further splits with positive gain, best gain: -inf
2025-08-08 19:33:13,951:INFO:[LightGBM] [Warning] No further splits with positive gain, best gain: -inf
2025-08-08 19:33:13,954:INFO:[LightGBM] [Warning] No further splits with positive gain, best gain: -inf
2025-08-08 19:33:13,975:INFO:[LightGBM] [Warning] No further splits with positive gain, best gain: -inf
2025-08-08 19:33:13,976:INFO:[LightGBM] [Warning] No further splits with positive gain, best gain: -inf
2025-08-08 19:33:14,003:INFO:[LightGBM] [Warning] No further splits with positive gain, best gain: -inf
2025-08-08 19:33:14,020:INFO:[LightGBM] [Warning] No further splits with positive gain, best gain: -inf
2025-08-08 19:33:14,047:INFO:[LightGBM] [Warning] No further splits with positive gain, best gain: -inf
2025-08-08 19:33:14,147:INFO:[LightGBM] [Warning] No further splits with positive gain, best gain: -inf
2025-08-08 19:33:14,317:WARNING:/workspaces/TechCatalyst_DE_2025/pycaret_env/lib/python3.11/site-packages/sklearn/metrics/_classification.py:1561: UserWarning: Note that pos_label (set to 'good') is ignored when average != 'binary' (got 'weighted'). You may use labels=[pos_label] to specify a single positive class.
  warnings.warn(

2025-08-08 19:33:14,331:WARNING:/workspaces/TechCatalyst_DE_2025/pycaret_env/lib/python3.11/site-packages/sklearn/metrics/_classification.py:1561: UserWarning: Note that pos_label (set to 'good') is ignored when average != 'binary' (got 'weighted'). You may use labels=[pos_label] to specify a single positive class.
  warnings.warn(

2025-08-08 19:33:14,339:WARNING:/workspaces/TechCatalyst_DE_2025/pycaret_env/lib/python3.11/site-packages/sklearn/metrics/_classification.py:1561: UserWarning: Note that pos_label (set to 'good') is ignored when average != 'binary' (got 'weighted'). You may use labels=[pos_label] to specify a single positive class.
  warnings.warn(

2025-08-08 19:33:14,673:INFO:[LightGBM] [Warning] No further splits with positive gain, best gain: -inf
2025-08-08 19:33:14,682:INFO:[LightGBM] [Warning] No further splits with positive gain, best gain: -inf
2025-08-08 19:33:14,684:INFO:[LightGBM] [Warning] No further splits with positive gain, best gain: -inf
2025-08-08 19:33:14,746:INFO:[LightGBM] [Warning] No further splits with positive gain, best gain: -inf
2025-08-08 19:33:14,746:INFO:[LightGBM] [Warning] No further splits with positive gain, best gain: -inf
2025-08-08 19:33:14,746:INFO:[LightGBM] [Warning] No further splits with positive gain, best gain: -inf
2025-08-08 19:33:14,766:INFO:[LightGBM] [Warning] No further splits with positive gain, best gain: -inf
2025-08-08 19:33:14,778:INFO:[LightGBM] [Warning] No further splits with positive gain, best gain: -inf
2025-08-08 19:33:14,801:INFO:[LightGBM] [Warning] No further splits with positive gain, best gain: -inf
2025-08-08 19:33:14,806:INFO:[LightGBM] [Warning] No further splits with positive gain, best gain: -inf
2025-08-08 19:33:14,807:INFO:[LightGBM] [Warning] No further splits with positive gain, best gain: -inf
2025-08-08 19:33:15,000:WARNING:/workspaces/TechCatalyst_DE_2025/pycaret_env/lib/python3.11/site-packages/sklearn/metrics/_classification.py:1561: UserWarning: Note that pos_label (set to 'good') is ignored when average != 'binary' (got 'weighted'). You may use labels=[pos_label] to specify a single positive class.
  warnings.warn(

2025-08-08 19:33:15,003:WARNING:/workspaces/TechCatalyst_DE_2025/pycaret_env/lib/python3.11/site-packages/sklearn/metrics/_classification.py:1561: UserWarning: Note that pos_label (set to 'good') is ignored when average != 'binary' (got 'weighted'). You may use labels=[pos_label] to specify a single positive class.
  warnings.warn(

2025-08-08 19:33:15,007:WARNING:/workspaces/TechCatalyst_DE_2025/pycaret_env/lib/python3.11/site-packages/sklearn/metrics/_classification.py:1561: UserWarning: Note that pos_label (set to 'good') is ignored when average != 'binary' (got 'weighted'). You may use labels=[pos_label] to specify a single positive class.
  warnings.warn(

2025-08-08 19:33:15,112:INFO:[LightGBM] [Warning] Found whitespace in feature_names, replace with underlines
2025-08-08 19:33:15,119:INFO:[LightGBM] [Info] Number of positive: 441, number of negative: 186
2025-08-08 19:33:15,131:INFO:[LightGBM] [Info] Auto-choosing row-wise multi-threading, the overhead of testing was 0.014073 seconds.
2025-08-08 19:33:15,131:INFO:You can set `force_row_wise=true` to remove the overhead.
2025-08-08 19:33:15,131:INFO:And if memory is not enough, you can set `force_col_wise=true`.
2025-08-08 19:33:15,131:INFO:[LightGBM] [Info] Total Bins 600
2025-08-08 19:33:15,131:INFO:[LightGBM] [Info] Number of data points in the train set: 627, number of used features: 58
2025-08-08 19:33:15,137:INFO:[LightGBM] [Info] [binary:BoostFromScore]: pavg=0.703349 -> initscore=0.863298
2025-08-08 19:33:15,137:INFO:[LightGBM] [Info] Start training from score 0.863298
2025-08-08 19:33:15,137:INFO:[LightGBM] [Warning] No further splits with positive gain, best gain: -inf
2025-08-08 19:33:15,137:INFO:[LightGBM] [Warning] No further splits with positive gain, best gain: -inf
2025-08-08 19:33:15,137:INFO:[LightGBM] [Warning] No further splits with positive gain, best gain: -inf
2025-08-08 19:33:15,138:INFO:[LightGBM] [Warning] No further splits with positive gain, best gain: -inf
2025-08-08 19:33:15,141:INFO:[LightGBM] [Warning] No further splits with positive gain, best gain: -inf
2025-08-08 19:33:15,152:INFO:[LightGBM] [Warning] No further splits with positive gain, best gain: -inf
2025-08-08 19:33:15,156:INFO:[LightGBM] [Warning] No further splits with positive gain, best gain: -inf
2025-08-08 19:33:15,161:INFO:[LightGBM] [Warning] No further splits with positive gain, best gain: -inf
2025-08-08 19:33:15,166:INFO:[LightGBM] [Warning] No further splits with positive gain, best gain: -inf
2025-08-08 19:33:15,166:INFO:[LightGBM] [Warning] No further splits with positive gain, best gain: -inf
2025-08-08 19:33:15,173:INFO:[LightGBM] [Warning] No further splits with positive gain, best gain: -inf
2025-08-08 19:33:15,174:INFO:[LightGBM] [Warning] No further splits with positive gain, best gain: -inf
2025-08-08 19:33:15,174:INFO:[LightGBM] [Warning] No further splits with positive gain, best gain: -inf
2025-08-08 19:33:15,177:INFO:[LightGBM] [Warning] No further splits with positive gain, best gain: -inf
2025-08-08 19:33:15,185:INFO:[LightGBM] [Warning] No further splits with positive gain, best gain: -inf
2025-08-08 19:33:15,186:INFO:[LightGBM] [Warning] No further splits with positive gain, best gain: -inf
2025-08-08 19:33:15,190:INFO:[LightGBM] [Warning] No further splits with positive gain, best gain: -inf
2025-08-08 19:33:15,190:INFO:[LightGBM] [Warning] No further splits with positive gain, best gain: -inf
2025-08-08 19:33:15,190:INFO:[LightGBM] [Warning] No further splits with positive gain, best gain: -inf
2025-08-08 19:33:15,202:INFO:[LightGBM] [Warning] No further splits with positive gain, best gain: -inf
2025-08-08 19:33:15,202:INFO:[LightGBM] [Warning] No further splits with positive gain, best gain: -inf
2025-08-08 19:33:15,202:INFO:[LightGBM] [Warning] No further splits with positive gain, best gain: -inf
2025-08-08 19:33:15,207:INFO:[LightGBM] [Warning] No further splits with positive gain, best gain: -inf
2025-08-08 19:33:15,239:INFO:[LightGBM] [Warning] No further splits with positive gain, best gain: -inf
2025-08-08 19:33:15,239:INFO:[LightGBM] [Warning] No further splits with positive gain, best gain: -inf
2025-08-08 19:33:15,239:INFO:[LightGBM] [Warning] No further splits with positive gain, best gain: -inf
2025-08-08 19:33:15,239:INFO:[LightGBM] [Warning] No further splits with positive gain, best gain: -inf
2025-08-08 19:33:15,239:INFO:[LightGBM] [Warning] No further splits with positive gain, best gain: -inf
2025-08-08 19:33:15,239:INFO:[LightGBM] [Warning] No further splits with positive gain, best gain: -inf
2025-08-08 19:33:15,249:INFO:[LightGBM] [Warning] No further splits with positive gain, best gain: -inf
2025-08-08 19:33:15,257:INFO:[LightGBM] [Warning] No further splits with positive gain, best gain: -inf
2025-08-08 19:33:15,257:INFO:[LightGBM] [Warning] No further splits with positive gain, best gain: -inf
2025-08-08 19:33:15,257:INFO:[LightGBM] [Warning] No further splits with positive gain, best gain: -inf
2025-08-08 19:33:15,267:INFO:[LightGBM] [Warning] No further splits with positive gain, best gain: -inf
2025-08-08 19:33:15,267:INFO:[LightGBM] [Warning] No further splits with positive gain, best gain: -inf
2025-08-08 19:33:15,284:INFO:[LightGBM] [Warning] No further splits with positive gain, best gain: -inf
2025-08-08 19:33:15,285:INFO:[LightGBM] [Warning] No further splits with positive gain, best gain: -inf
2025-08-08 19:33:15,290:INFO:[LightGBM] [Warning] No further splits with positive gain, best gain: -inf
2025-08-08 19:33:15,299:INFO:[LightGBM] [Warning] No further splits with positive gain, best gain: -inf
2025-08-08 19:33:15,300:INFO:[LightGBM] [Warning] No further splits with positive gain, best gain: -inf
2025-08-08 19:33:15,300:INFO:[LightGBM] [Warning] No further splits with positive gain, best gain: -inf
2025-08-08 19:33:15,316:INFO:[LightGBM] [Warning] No further splits with positive gain, best gain: -inf
2025-08-08 19:33:15,316:INFO:[LightGBM] [Warning] No further splits with positive gain, best gain: -inf
2025-08-08 19:33:15,318:INFO:[LightGBM] [Warning] No further splits with positive gain, best gain: -inf
2025-08-08 19:33:15,318:INFO:[LightGBM] [Warning] No further splits with positive gain, best gain: -inf
2025-08-08 19:33:15,410:INFO:[LightGBM] [Warning] No further splits with positive gain, best gain: -inf
2025-08-08 19:33:15,411:INFO:[LightGBM] [Warning] No further splits with positive gain, best gain: -inf
2025-08-08 19:33:15,412:INFO:[LightGBM] [Warning] No further splits with positive gain, best gain: -inf
2025-08-08 19:33:15,440:INFO:[LightGBM] [Warning] No further splits with positive gain, best gain: -inf
2025-08-08 19:33:15,440:INFO:[LightGBM] [Warning] No further splits with positive gain, best gain: -inf
2025-08-08 19:33:15,440:INFO:[LightGBM] [Warning] No further splits with positive gain, best gain: -inf
2025-08-08 19:33:15,440:INFO:[LightGBM] [Warning] No further splits with positive gain, best gain: -inf
2025-08-08 19:33:15,440:INFO:[LightGBM] [Warning] No further splits with positive gain, best gain: -inf
2025-08-08 19:33:15,453:INFO:[LightGBM] [Warning] No further splits with positive gain, best gain: -inf
2025-08-08 19:33:15,455:INFO:[LightGBM] [Warning] No further splits with positive gain, best gain: -inf
2025-08-08 19:33:15,455:INFO:[LightGBM] [Warning] No further splits with positive gain, best gain: -inf
2025-08-08 19:33:15,462:INFO:[LightGBM] [Warning] No further splits with positive gain, best gain: -inf
2025-08-08 19:33:15,462:INFO:[LightGBM] [Warning] No further splits with positive gain, best gain: -inf
2025-08-08 19:33:15,475:INFO:[LightGBM] [Warning] No further splits with positive gain, best gain: -inf
2025-08-08 19:33:15,504:INFO:[LightGBM] [Warning] No further splits with positive gain, best gain: -inf
2025-08-08 19:33:15,510:INFO:[LightGBM] [Warning] No further splits with positive gain, best gain: -inf
2025-08-08 19:33:15,510:INFO:[LightGBM] [Warning] No further splits with positive gain, best gain: -inf
2025-08-08 19:33:15,510:INFO:[LightGBM] [Warning] No further splits with positive gain, best gain: -inf
2025-08-08 19:33:15,517:INFO:[LightGBM] [Warning] No further splits with positive gain, best gain: -inf
2025-08-08 19:33:15,525:INFO:[LightGBM] [Warning] No further splits with positive gain, best gain: -inf
2025-08-08 19:33:15,537:INFO:[LightGBM] [Warning] No further splits with positive gain, best gain: -inf
2025-08-08 19:33:15,537:INFO:[LightGBM] [Warning] No further splits with positive gain, best gain: -inf
2025-08-08 19:33:15,537:INFO:[LightGBM] [Warning] No further splits with positive gain, best gain: -inf
2025-08-08 19:33:15,537:INFO:[LightGBM] [Warning] No further splits with positive gain, best gain: -inf
2025-08-08 19:33:15,558:INFO:[LightGBM] [Warning] No further splits with positive gain, best gain: -inf
2025-08-08 19:33:15,590:INFO:[LightGBM] [Warning] Found whitespace in feature_names, replace with underlines
2025-08-08 19:33:15,599:INFO:[LightGBM] [Info] Number of positive: 441, number of negative: 186
2025-08-08 19:33:15,655:INFO:[LightGBM] [Info] Auto-choosing row-wise multi-threading, the overhead of testing was 0.057055 seconds.
2025-08-08 19:33:15,655:INFO:You can set `force_row_wise=true` to remove the overhead.
2025-08-08 19:33:15,655:INFO:And if memory is not enough, you can set `force_col_wise=true`.
2025-08-08 19:33:15,655:INFO:[LightGBM] [Info] Total Bins 599
2025-08-08 19:33:15,655:INFO:[LightGBM] [Info] Number of data points in the train set: 627, number of used features: 58
2025-08-08 19:33:15,655:INFO:[LightGBM] [Info] [binary:BoostFromScore]: pavg=0.703349 -> initscore=0.863298
2025-08-08 19:33:15,655:INFO:[LightGBM] [Info] Start training from score 0.863298
2025-08-08 19:33:15,655:INFO:[LightGBM] [Warning] No further splits with positive gain, best gain: -inf
2025-08-08 19:33:15,656:INFO:[LightGBM] [Warning] No further splits with positive gain, best gain: -inf
2025-08-08 19:33:15,656:INFO:[LightGBM] [Warning] No further splits with positive gain, best gain: -inf
2025-08-08 19:33:15,664:INFO:[LightGBM] [Warning] No further splits with positive gain, best gain: -inf
2025-08-08 19:33:15,664:INFO:[LightGBM] [Warning] No further splits with positive gain, best gain: -inf
2025-08-08 19:33:15,664:INFO:[LightGBM] [Warning] No further splits with positive gain, best gain: -inf
2025-08-08 19:33:15,690:INFO:[LightGBM] [Warning] No further splits with positive gain, best gain: -inf
2025-08-08 19:33:15,690:INFO:[LightGBM] [Warning] No further splits with positive gain, best gain: -inf
2025-08-08 19:33:15,690:INFO:[LightGBM] [Warning] No further splits with positive gain, best gain: -inf
2025-08-08 19:33:15,690:INFO:[LightGBM] [Warning] No further splits with positive gain, best gain: -inf
2025-08-08 19:33:15,690:INFO:[LightGBM] [Warning] No further splits with positive gain, best gain: -inf
2025-08-08 19:33:15,690:INFO:[LightGBM] [Warning] No further splits with positive gain, best gain: -inf
2025-08-08 19:33:15,690:INFO:[LightGBM] [Warning] No further splits with positive gain, best gain: -inf
2025-08-08 19:33:15,709:INFO:[LightGBM] [Warning] No further splits with positive gain, best gain: -inf
2025-08-08 19:33:15,709:INFO:[LightGBM] [Warning] No further splits with positive gain, best gain: -inf
2025-08-08 19:33:15,709:INFO:[LightGBM] [Warning] No further splits with positive gain, best gain: -inf
2025-08-08 19:33:15,709:INFO:[LightGBM] [Warning] No further splits with positive gain, best gain: -inf
2025-08-08 19:33:15,709:INFO:[LightGBM] [Warning] No further splits with positive gain, best gain: -inf
2025-08-08 19:33:15,709:INFO:[LightGBM] [Warning] No further splits with positive gain, best gain: -inf
2025-08-08 19:33:15,714:INFO:[LightGBM] [Warning] No further splits with positive gain, best gain: -inf
2025-08-08 19:33:15,714:INFO:[LightGBM] [Warning] No further splits with positive gain, best gain: -inf
2025-08-08 19:33:15,785:INFO:[LightGBM] [Warning] No further splits with positive gain, best gain: -inf
2025-08-08 19:33:15,810:INFO:[LightGBM] [Warning] No further splits with positive gain, best gain: -inf
2025-08-08 19:33:15,824:INFO:[LightGBM] [Warning] No further splits with positive gain, best gain: -inf
2025-08-08 19:33:15,824:INFO:[LightGBM] [Warning] No further splits with positive gain, best gain: -inf
2025-08-08 19:33:15,824:INFO:[LightGBM] [Warning] No further splits with positive gain, best gain: -inf
2025-08-08 19:33:15,824:INFO:[LightGBM] [Warning] No further splits with positive gain, best gain: -inf
2025-08-08 19:33:15,852:INFO:[LightGBM] [Warning] No further splits with positive gain, best gain: -inf
2025-08-08 19:33:16,130:WARNING:/workspaces/TechCatalyst_DE_2025/pycaret_env/lib/python3.11/site-packages/sklearn/metrics/_classification.py:1561: UserWarning: Note that pos_label (set to 'good') is ignored when average != 'binary' (got 'weighted'). You may use labels=[pos_label] to specify a single positive class.
  warnings.warn(

2025-08-08 19:33:16,146:WARNING:/workspaces/TechCatalyst_DE_2025/pycaret_env/lib/python3.11/site-packages/sklearn/metrics/_classification.py:1561: UserWarning: Note that pos_label (set to 'good') is ignored when average != 'binary' (got 'weighted'). You may use labels=[pos_label] to specify a single positive class.
  warnings.warn(

2025-08-08 19:33:16,164:WARNING:/workspaces/TechCatalyst_DE_2025/pycaret_env/lib/python3.11/site-packages/sklearn/metrics/_classification.py:1561: UserWarning: Note that pos_label (set to 'good') is ignored when average != 'binary' (got 'weighted'). You may use labels=[pos_label] to specify a single positive class.
  warnings.warn(

2025-08-08 19:33:16,362:INFO:[LightGBM] [Warning] No further splits with positive gain, best gain: -inf
2025-08-08 19:33:16,363:INFO:[LightGBM] [Warning] No further splits with positive gain, best gain: -inf
2025-08-08 19:33:16,363:INFO:[LightGBM] [Warning] No further splits with positive gain, best gain: -inf
2025-08-08 19:33:16,364:INFO:[LightGBM] [Warning] No further splits with positive gain, best gain: -inf
2025-08-08 19:33:16,569:INFO:[LightGBM] [Warning] No further splits with positive gain, best gain: -inf
2025-08-08 19:33:16,572:INFO:[LightGBM] [Warning] No further splits with positive gain, best gain: -inf
2025-08-08 19:33:16,572:INFO:[LightGBM] [Warning] No further splits with positive gain, best gain: -inf
2025-08-08 19:33:16,572:INFO:[LightGBM] [Warning] No further splits with positive gain, best gain: -inf
2025-08-08 19:33:16,581:INFO:[LightGBM] [Warning] No further splits with positive gain, best gain: -inf
2025-08-08 19:33:16,582:INFO:[LightGBM] [Warning] No further splits with positive gain, best gain: -inf
2025-08-08 19:33:16,582:INFO:[LightGBM] [Warning] No further splits with positive gain, best gain: -inf
2025-08-08 19:33:16,582:INFO:[LightGBM] [Warning] No further splits with positive gain, best gain: -inf
2025-08-08 19:33:16,591:INFO:[LightGBM] [Warning] No further splits with positive gain, best gain: -inf
2025-08-08 19:33:16,592:INFO:[LightGBM] [Warning] No further splits with positive gain, best gain: -inf
2025-08-08 19:33:16,602:INFO:[LightGBM] [Warning] No further splits with positive gain, best gain: -inf
2025-08-08 19:33:16,602:INFO:[LightGBM] [Warning] No further splits with positive gain, best gain: -inf
2025-08-08 19:33:16,613:INFO:[LightGBM] [Warning] No further splits with positive gain, best gain: -inf
2025-08-08 19:33:16,613:INFO:[LightGBM] [Warning] No further splits with positive gain, best gain: -inf
2025-08-08 19:33:16,620:INFO:[LightGBM] [Warning] No further splits with positive gain, best gain: -inf
2025-08-08 19:33:16,638:INFO:[LightGBM] [Warning] No further splits with positive gain, best gain: -inf
2025-08-08 19:33:16,638:INFO:[LightGBM] [Warning] No further splits with positive gain, best gain: -inf
2025-08-08 19:33:16,638:INFO:[LightGBM] [Warning] No further splits with positive gain, best gain: -inf
2025-08-08 19:33:16,638:INFO:[LightGBM] [Warning] No further splits with positive gain, best gain: -inf
2025-08-08 19:33:16,638:INFO:[LightGBM] [Warning] No further splits with positive gain, best gain: -inf
2025-08-08 19:33:16,646:INFO:[LightGBM] [Warning] No further splits with positive gain, best gain: -inf
2025-08-08 19:33:16,646:INFO:[LightGBM] [Warning] No further splits with positive gain, best gain: -inf
2025-08-08 19:33:16,649:INFO:[LightGBM] [Warning] No further splits with positive gain, best gain: -inf
2025-08-08 19:33:17,138:INFO:[LightGBM] [Warning] Found whitespace in feature_names, replace with underlines
2025-08-08 19:33:17,143:INFO:[LightGBM] [Info] Number of positive: 441, number of negative: 186
2025-08-08 19:33:17,183:INFO:[LightGBM] [Info] Auto-choosing row-wise multi-threading, the overhead of testing was 0.039619 seconds.
2025-08-08 19:33:17,183:INFO:You can set `force_row_wise=true` to remove the overhead.
2025-08-08 19:33:17,183:INFO:And if memory is not enough, you can set `force_col_wise=true`.
2025-08-08 19:33:17,183:INFO:[LightGBM] [Info] Total Bins 600
2025-08-08 19:33:17,183:INFO:[LightGBM] [Info] Number of data points in the train set: 627, number of used features: 58
2025-08-08 19:33:17,197:INFO:[LightGBM] [Info] [binary:BoostFromScore]: pavg=0.703349 -> initscore=0.863298
2025-08-08 19:33:17,197:INFO:[LightGBM] [Info] Start training from score 0.863298
2025-08-08 19:33:17,217:INFO:[LightGBM] [Warning] No further splits with positive gain, best gain: -inf
2025-08-08 19:33:17,217:INFO:[LightGBM] [Warning] No further splits with positive gain, best gain: -inf
2025-08-08 19:33:17,217:INFO:[LightGBM] [Warning] No further splits with positive gain, best gain: -inf
2025-08-08 19:33:17,227:INFO:[LightGBM] [Warning] No further splits with positive gain, best gain: -inf
2025-08-08 19:33:17,227:INFO:[LightGBM] [Warning] No further splits with positive gain, best gain: -inf
2025-08-08 19:33:17,227:INFO:[LightGBM] [Warning] No further splits with positive gain, best gain: -inf
2025-08-08 19:33:17,227:INFO:[LightGBM] [Warning] No further splits with positive gain, best gain: -inf
2025-08-08 19:33:17,227:INFO:[LightGBM] [Warning] No further splits with positive gain, best gain: -inf
2025-08-08 19:33:17,227:INFO:[LightGBM] [Warning] No further splits with positive gain, best gain: -inf
2025-08-08 19:33:17,227:INFO:[LightGBM] [Warning] No further splits with positive gain, best gain: -inf
2025-08-08 19:33:17,273:INFO:[LightGBM] [Warning] No further splits with positive gain, best gain: -inf
2025-08-08 19:33:17,276:INFO:[LightGBM] [Warning] No further splits with positive gain, best gain: -inf
2025-08-08 19:33:17,366:INFO:[LightGBM] [Warning] No further splits with positive gain, best gain: -inf
2025-08-08 19:33:17,366:INFO:[LightGBM] [Warning] No further splits with positive gain, best gain: -inf
2025-08-08 19:33:17,366:INFO:[LightGBM] [Warning] No further splits with positive gain, best gain: -inf
2025-08-08 19:33:17,408:INFO:[LightGBM] [Warning] No further splits with positive gain, best gain: -inf
2025-08-08 19:33:17,408:INFO:[LightGBM] [Warning] No further splits with positive gain, best gain: -inf
2025-08-08 19:33:17,411:INFO:[LightGBM] [Warning] No further splits with positive gain, best gain: -inf
2025-08-08 19:33:17,416:INFO:[LightGBM] [Warning] No further splits with positive gain, best gain: -inf
2025-08-08 19:33:17,444:INFO:[LightGBM] [Warning] No further splits with positive gain, best gain: -inf
2025-08-08 19:33:17,444:INFO:[LightGBM] [Warning] No further splits with positive gain, best gain: -inf
2025-08-08 19:33:17,444:INFO:[LightGBM] [Warning] No further splits with positive gain, best gain: -inf
2025-08-08 19:33:17,444:INFO:[LightGBM] [Warning] No further splits with positive gain, best gain: -inf
2025-08-08 19:33:17,472:INFO:[LightGBM] [Warning] No further splits with positive gain, best gain: -inf
2025-08-08 19:33:17,480:INFO:[LightGBM] [Warning] No further splits with positive gain, best gain: -inf
2025-08-08 19:33:17,480:INFO:[LightGBM] [Warning] No further splits with positive gain, best gain: -inf
2025-08-08 19:33:17,484:INFO:[LightGBM] [Warning] No further splits with positive gain, best gain: -inf
2025-08-08 19:33:17,487:INFO:[LightGBM] [Warning] No further splits with positive gain, best gain: -inf
2025-08-08 19:33:17,489:INFO:[LightGBM] [Warning] No further splits with positive gain, best gain: -inf
2025-08-08 19:33:17,489:INFO:[LightGBM] [Warning] No further splits with positive gain, best gain: -inf
2025-08-08 19:33:17,489:INFO:[LightGBM] [Warning] No further splits with positive gain, best gain: -inf
2025-08-08 19:33:17,886:INFO:[LightGBM] [Warning] No further splits with positive gain, best gain: -inf
2025-08-08 19:33:17,951:INFO:[LightGBM] [Warning] No further splits with positive gain, best gain: -inf
2025-08-08 19:33:17,957:INFO:[LightGBM] [Warning] No further splits with positive gain, best gain: -inf
2025-08-08 19:33:17,957:INFO:[LightGBM] [Warning] No further splits with positive gain, best gain: -inf
2025-08-08 19:33:17,957:INFO:[LightGBM] [Warning] No further splits with positive gain, best gain: -inf
2025-08-08 19:33:17,979:INFO:[LightGBM] [Warning] No further splits with positive gain, best gain: -inf
2025-08-08 19:33:17,979:INFO:[LightGBM] [Warning] No further splits with positive gain, best gain: -inf
2025-08-08 19:33:17,979:INFO:[LightGBM] [Warning] No further splits with positive gain, best gain: -inf
2025-08-08 19:33:17,979:INFO:[LightGBM] [Warning] No further splits with positive gain, best gain: -inf
2025-08-08 19:33:17,979:INFO:[LightGBM] [Warning] No further splits with positive gain, best gain: -inf
2025-08-08 19:33:18,018:INFO:[LightGBM] [Warning] No further splits with positive gain, best gain: -inf
2025-08-08 19:33:18,018:INFO:[LightGBM] [Warning] No further splits with positive gain, best gain: -inf
2025-08-08 19:33:18,018:INFO:[LightGBM] [Warning] No further splits with positive gain, best gain: -inf
2025-08-08 19:33:18,033:INFO:[LightGBM] [Warning] No further splits with positive gain, best gain: -inf
2025-08-08 19:33:18,033:INFO:[LightGBM] [Warning] No further splits with positive gain, best gain: -inf
2025-08-08 19:33:18,033:INFO:[LightGBM] [Warning] No further splits with positive gain, best gain: -inf
2025-08-08 19:33:18,033:INFO:[LightGBM] [Warning] No further splits with positive gain, best gain: -inf
2025-08-08 19:33:18,047:INFO:[LightGBM] [Warning] No further splits with positive gain, best gain: -inf
2025-08-08 19:33:18,047:INFO:[LightGBM] [Warning] No further splits with positive gain, best gain: -inf
2025-08-08 19:33:18,059:INFO:[LightGBM] [Warning] No further splits with positive gain, best gain: -inf
2025-08-08 19:33:18,059:INFO:[LightGBM] [Warning] No further splits with positive gain, best gain: -inf
2025-08-08 19:33:18,059:INFO:[LightGBM] [Warning] No further splits with positive gain, best gain: -inf
2025-08-08 19:33:18,059:INFO:[LightGBM] [Warning] No further splits with positive gain, best gain: -inf
2025-08-08 19:33:18,059:INFO:[LightGBM] [Warning] No further splits with positive gain, best gain: -inf
2025-08-08 19:33:18,069:INFO:[LightGBM] [Warning] No further splits with positive gain, best gain: -inf
2025-08-08 19:33:18,069:INFO:[LightGBM] [Warning] No further splits with positive gain, best gain: -inf
2025-08-08 19:33:18,069:INFO:[LightGBM] [Warning] No further splits with positive gain, best gain: -inf
2025-08-08 19:33:18,155:INFO:[LightGBM] [Warning] No further splits with positive gain, best gain: -inf
2025-08-08 19:33:18,184:INFO:[LightGBM] [Warning] No further splits with positive gain, best gain: -inf
2025-08-08 19:33:18,257:INFO:[LightGBM] [Warning] No further splits with positive gain, best gain: -inf
2025-08-08 19:33:18,258:INFO:[LightGBM] [Warning] No further splits with positive gain, best gain: -inf
2025-08-08 19:33:18,259:INFO:[LightGBM] [Warning] No further splits with positive gain, best gain: -inf
2025-08-08 19:33:18,332:INFO:[LightGBM] [Warning] No further splits with positive gain, best gain: -inf
2025-08-08 19:33:18,332:INFO:[LightGBM] [Warning] No further splits with positive gain, best gain: -inf
2025-08-08 19:33:18,356:INFO:[LightGBM] [Warning] No further splits with positive gain, best gain: -inf
2025-08-08 19:33:18,377:INFO:[LightGBM] [Warning] No further splits with positive gain, best gain: -inf
2025-08-08 19:33:18,377:INFO:[LightGBM] [Warning] No further splits with positive gain, best gain: -inf
2025-08-08 19:33:18,377:INFO:[LightGBM] [Warning] No further splits with positive gain, best gain: -inf
2025-08-08 19:33:18,377:INFO:[LightGBM] [Warning] No further splits with positive gain, best gain: -inf
2025-08-08 19:33:18,391:INFO:[LightGBM] [Warning] No further splits with positive gain, best gain: -inf
2025-08-08 19:33:18,391:INFO:[LightGBM] [Warning] No further splits with positive gain, best gain: -inf
2025-08-08 19:33:18,405:INFO:[LightGBM] [Warning] No further splits with positive gain, best gain: -inf
2025-08-08 19:33:18,545:INFO:[LightGBM] [Warning] No further splits with positive gain, best gain: -inf
2025-08-08 19:33:18,545:INFO:[LightGBM] [Warning] No further splits with positive gain, best gain: -inf
2025-08-08 19:33:18,791:INFO:[LightGBM] [Warning] No further splits with positive gain, best gain: -inf
2025-08-08 19:33:18,793:INFO:[LightGBM] [Warning] No further splits with positive gain, best gain: -inf
2025-08-08 19:33:18,793:INFO:[LightGBM] [Warning] No further splits with positive gain, best gain: -inf
2025-08-08 19:33:18,793:INFO:[LightGBM] [Warning] No further splits with positive gain, best gain: -inf
2025-08-08 19:33:18,793:INFO:[LightGBM] [Warning] No further splits with positive gain, best gain: -inf
2025-08-08 19:33:18,802:INFO:[LightGBM] [Warning] No further splits with positive gain, best gain: -inf
2025-08-08 19:33:18,802:INFO:[LightGBM] [Warning] No further splits with positive gain, best gain: -inf
2025-08-08 19:33:18,976:WARNING:/workspaces/TechCatalyst_DE_2025/pycaret_env/lib/python3.11/site-packages/sklearn/metrics/_classification.py:1561: UserWarning: Note that pos_label (set to 'good') is ignored when average != 'binary' (got 'weighted'). You may use labels=[pos_label] to specify a single positive class.
  warnings.warn(

2025-08-08 19:33:18,983:WARNING:/workspaces/TechCatalyst_DE_2025/pycaret_env/lib/python3.11/site-packages/sklearn/metrics/_classification.py:1561: UserWarning: Note that pos_label (set to 'good') is ignored when average != 'binary' (got 'weighted'). You may use labels=[pos_label] to specify a single positive class.
  warnings.warn(

2025-08-08 19:33:18,988:WARNING:/workspaces/TechCatalyst_DE_2025/pycaret_env/lib/python3.11/site-packages/sklearn/metrics/_classification.py:1561: UserWarning: Note that pos_label (set to 'good') is ignored when average != 'binary' (got 'weighted'). You may use labels=[pos_label] to specify a single positive class.
  warnings.warn(

2025-08-08 19:33:19,304:INFO:[LightGBM] [Warning] No further splits with positive gain, best gain: -inf
2025-08-08 19:33:19,316:INFO:[LightGBM] [Warning] No further splits with positive gain, best gain: -inf
2025-08-08 19:33:19,316:INFO:[LightGBM] [Warning] No further splits with positive gain, best gain: -inf
2025-08-08 19:33:19,328:INFO:[LightGBM] [Warning] No further splits with positive gain, best gain: -inf
2025-08-08 19:33:19,349:INFO:[LightGBM] [Warning] No further splits with positive gain, best gain: -inf
2025-08-08 19:33:19,381:INFO:[LightGBM] [Warning] No further splits with positive gain, best gain: -inf
2025-08-08 19:33:19,414:INFO:[LightGBM] [Warning] No further splits with positive gain, best gain: -inf
2025-08-08 19:33:19,459:INFO:[LightGBM] [Warning] No further splits with positive gain, best gain: -inf
2025-08-08 19:33:19,459:INFO:[LightGBM] [Warning] No further splits with positive gain, best gain: -inf
2025-08-08 19:33:19,459:INFO:[LightGBM] [Warning] No further splits with positive gain, best gain: -inf
2025-08-08 19:33:19,491:INFO:[LightGBM] [Warning] No further splits with positive gain, best gain: -inf
2025-08-08 19:33:19,491:INFO:[LightGBM] [Warning] No further splits with positive gain, best gain: -inf
2025-08-08 19:33:19,513:INFO:[LightGBM] [Warning] No further splits with positive gain, best gain: -inf
2025-08-08 19:33:19,513:INFO:[LightGBM] [Warning] No further splits with positive gain, best gain: -inf
2025-08-08 19:33:19,513:INFO:[LightGBM] [Warning] No further splits with positive gain, best gain: -inf
2025-08-08 19:33:19,513:INFO:[LightGBM] [Warning] No further splits with positive gain, best gain: -inf
2025-08-08 19:33:19,526:INFO:[LightGBM] [Warning] No further splits with positive gain, best gain: -inf
2025-08-08 19:33:19,526:INFO:[LightGBM] [Warning] No further splits with positive gain, best gain: -inf
2025-08-08 19:33:19,526:INFO:[LightGBM] [Warning] No further splits with positive gain, best gain: -inf
2025-08-08 19:33:19,526:INFO:[LightGBM] [Warning] No further splits with positive gain, best gain: -inf
2025-08-08 19:33:19,535:INFO:[LightGBM] [Warning] No further splits with positive gain, best gain: -inf
2025-08-08 19:33:19,570:INFO:[LightGBM] [Warning] No further splits with positive gain, best gain: -inf
2025-08-08 19:33:19,588:INFO:[LightGBM] [Warning] No further splits with positive gain, best gain: -inf
2025-08-08 19:33:19,588:INFO:[LightGBM] [Warning] No further splits with positive gain, best gain: -inf
2025-08-08 19:33:19,588:INFO:[LightGBM] [Warning] No further splits with positive gain, best gain: -inf
2025-08-08 19:33:19,588:INFO:[LightGBM] [Warning] No further splits with positive gain, best gain: -inf
2025-08-08 19:33:19,596:INFO:[LightGBM] [Warning] No further splits with positive gain, best gain: -inf
2025-08-08 19:33:19,596:INFO:[LightGBM] [Warning] No further splits with positive gain, best gain: -inf
2025-08-08 19:33:19,603:INFO:[LightGBM] [Warning] No further splits with positive gain, best gain: -inf
2025-08-08 19:33:19,866:WARNING:/workspaces/TechCatalyst_DE_2025/pycaret_env/lib/python3.11/site-packages/sklearn/metrics/_classification.py:1561: UserWarning: Note that pos_label (set to 'good') is ignored when average != 'binary' (got 'weighted'). You may use labels=[pos_label] to specify a single positive class.
  warnings.warn(

2025-08-08 19:33:19,894:WARNING:/workspaces/TechCatalyst_DE_2025/pycaret_env/lib/python3.11/site-packages/sklearn/metrics/_classification.py:1561: UserWarning: Note that pos_label (set to 'good') is ignored when average != 'binary' (got 'weighted'). You may use labels=[pos_label] to specify a single positive class.
  warnings.warn(

2025-08-08 19:33:19,906:WARNING:/workspaces/TechCatalyst_DE_2025/pycaret_env/lib/python3.11/site-packages/sklearn/metrics/_classification.py:1561: UserWarning: Note that pos_label (set to 'good') is ignored when average != 'binary' (got 'weighted'). You may use labels=[pos_label] to specify a single positive class.
  warnings.warn(

2025-08-08 19:33:19,926:INFO:[LightGBM] [Warning] Found whitespace in feature_names, replace with underlines
2025-08-08 19:33:19,930:INFO:[LightGBM] [Info] Number of positive: 441, number of negative: 186
2025-08-08 19:33:20,087:INFO:[LightGBM] [Info] Auto-choosing row-wise multi-threading, the overhead of testing was 0.089023 seconds.
2025-08-08 19:33:20,087:INFO:You can set `force_row_wise=true` to remove the overhead.
2025-08-08 19:33:20,088:INFO:And if memory is not enough, you can set `force_col_wise=true`.
2025-08-08 19:33:20,088:INFO:[LightGBM] [Info] Total Bins 600
2025-08-08 19:33:20,092:INFO:[LightGBM] [Info] Number of data points in the train set: 627, number of used features: 58
2025-08-08 19:33:20,098:INFO:[LightGBM] [Info] [binary:BoostFromScore]: pavg=0.703349 -> initscore=0.863298
2025-08-08 19:33:20,098:INFO:[LightGBM] [Info] Start training from score 0.863298
2025-08-08 19:33:20,613:INFO:[LightGBM] [Warning] No further splits with positive gain, best gain: -inf
2025-08-08 19:33:21,141:INFO:[LightGBM] [Warning] No further splits with positive gain, best gain: -inf
2025-08-08 19:33:21,142:INFO:[LightGBM] [Warning] No further splits with positive gain, best gain: -inf
2025-08-08 19:33:21,142:INFO:[LightGBM] [Warning] No further splits with positive gain, best gain: -inf
2025-08-08 19:33:21,143:INFO:[LightGBM] [Warning] No further splits with positive gain, best gain: -inf
2025-08-08 19:33:21,143:INFO:[LightGBM] [Warning] No further splits with positive gain, best gain: -inf
2025-08-08 19:33:21,152:INFO:[LightGBM] [Warning] No further splits with positive gain, best gain: -inf
2025-08-08 19:33:21,157:INFO:[LightGBM] [Warning] No further splits with positive gain, best gain: -inf
2025-08-08 19:33:21,159:INFO:[LightGBM] [Warning] No further splits with positive gain, best gain: -inf
2025-08-08 19:33:21,166:INFO:[LightGBM] [Warning] No further splits with positive gain, best gain: -inf
2025-08-08 19:33:21,166:INFO:[LightGBM] [Warning] No further splits with positive gain, best gain: -inf
2025-08-08 19:33:21,166:INFO:[LightGBM] [Warning] No further splits with positive gain, best gain: -inf
2025-08-08 19:33:21,169:INFO:[LightGBM] [Warning] No further splits with positive gain, best gain: -inf
2025-08-08 19:33:21,172:INFO:[LightGBM] [Warning] No further splits with positive gain, best gain: -inf
2025-08-08 19:33:21,174:INFO:[LightGBM] [Warning] No further splits with positive gain, best gain: -inf
2025-08-08 19:33:21,178:INFO:[LightGBM] [Warning] No further splits with positive gain, best gain: -inf
2025-08-08 19:33:21,179:INFO:[LightGBM] [Warning] No further splits with positive gain, best gain: -inf
2025-08-08 19:33:21,179:INFO:[LightGBM] [Warning] No further splits with positive gain, best gain: -inf
2025-08-08 19:33:21,181:INFO:[LightGBM] [Warning] No further splits with positive gain, best gain: -inf
2025-08-08 19:33:21,185:INFO:[LightGBM] [Warning] No further splits with positive gain, best gain: -inf
2025-08-08 19:33:21,185:INFO:[LightGBM] [Warning] No further splits with positive gain, best gain: -inf
2025-08-08 19:33:21,185:INFO:[LightGBM] [Warning] No further splits with positive gain, best gain: -inf
2025-08-08 19:33:21,189:INFO:[LightGBM] [Warning] No further splits with positive gain, best gain: -inf
2025-08-08 19:33:21,189:INFO:[LightGBM] [Warning] No further splits with positive gain, best gain: -inf
2025-08-08 19:33:21,191:INFO:[LightGBM] [Warning] No further splits with positive gain, best gain: -inf
2025-08-08 19:33:21,191:INFO:[LightGBM] [Warning] No further splits with positive gain, best gain: -inf
2025-08-08 19:33:21,193:INFO:[LightGBM] [Warning] No further splits with positive gain, best gain: -inf
2025-08-08 19:33:21,194:INFO:[LightGBM] [Warning] No further splits with positive gain, best gain: -inf
2025-08-08 19:33:21,194:INFO:[LightGBM] [Warning] No further splits with positive gain, best gain: -inf
2025-08-08 19:33:21,195:INFO:[LightGBM] [Warning] No further splits with positive gain, best gain: -inf
2025-08-08 19:33:21,196:INFO:[LightGBM] [Warning] No further splits with positive gain, best gain: -inf
2025-08-08 19:33:21,196:INFO:[LightGBM] [Warning] No further splits with positive gain, best gain: -inf
2025-08-08 19:33:21,201:INFO:[LightGBM] [Warning] No further splits with positive gain, best gain: -inf
2025-08-08 19:33:21,204:INFO:[LightGBM] [Warning] No further splits with positive gain, best gain: -inf
2025-08-08 19:33:21,210:INFO:[LightGBM] [Warning] No further splits with positive gain, best gain: -inf
2025-08-08 19:33:21,210:INFO:[LightGBM] [Warning] No further splits with positive gain, best gain: -inf
2025-08-08 19:33:21,211:INFO:[LightGBM] [Warning] No further splits with positive gain, best gain: -inf
2025-08-08 19:33:21,217:INFO:[LightGBM] [Warning] No further splits with positive gain, best gain: -inf
2025-08-08 19:33:21,235:INFO:[LightGBM] [Warning] No further splits with positive gain, best gain: -inf
2025-08-08 19:33:21,244:INFO:[LightGBM] [Warning] No further splits with positive gain, best gain: -inf
2025-08-08 19:33:21,274:INFO:[LightGBM] [Warning] No further splits with positive gain, best gain: -inf
2025-08-08 19:33:21,285:INFO:[LightGBM] [Warning] No further splits with positive gain, best gain: -inf
2025-08-08 19:33:21,289:INFO:[LightGBM] [Warning] No further splits with positive gain, best gain: -inf
2025-08-08 19:33:21,311:INFO:[LightGBM] [Warning] No further splits with positive gain, best gain: -inf
2025-08-08 19:33:21,392:INFO:[LightGBM] [Warning] No further splits with positive gain, best gain: -inf
2025-08-08 19:33:21,392:INFO:[LightGBM] [Warning] No further splits with positive gain, best gain: -inf
2025-08-08 19:33:21,396:INFO:[LightGBM] [Warning] No further splits with positive gain, best gain: -inf
2025-08-08 19:33:21,397:INFO:[LightGBM] [Warning] No further splits with positive gain, best gain: -inf
2025-08-08 19:33:21,399:INFO:[LightGBM] [Warning] No further splits with positive gain, best gain: -inf
2025-08-08 19:33:21,400:INFO:[LightGBM] [Warning] No further splits with positive gain, best gain: -inf
2025-08-08 19:33:21,404:INFO:[LightGBM] [Warning] No further splits with positive gain, best gain: -inf
2025-08-08 19:33:21,406:INFO:[LightGBM] [Warning] No further splits with positive gain, best gain: -inf
2025-08-08 19:33:21,409:INFO:[LightGBM] [Warning] No further splits with positive gain, best gain: -inf
2025-08-08 19:33:21,409:INFO:[LightGBM] [Warning] No further splits with positive gain, best gain: -inf
2025-08-08 19:33:21,409:INFO:[LightGBM] [Warning] No further splits with positive gain, best gain: -inf
2025-08-08 19:33:21,411:INFO:[LightGBM] [Warning] No further splits with positive gain, best gain: -inf
2025-08-08 19:33:21,419:INFO:[LightGBM] [Warning] No further splits with positive gain, best gain: -inf
2025-08-08 19:33:21,426:INFO:[LightGBM] [Warning] No further splits with positive gain, best gain: -inf
2025-08-08 19:33:21,428:INFO:[LightGBM] [Warning] No further splits with positive gain, best gain: -inf
2025-08-08 19:33:21,432:INFO:[LightGBM] [Warning] No further splits with positive gain, best gain: -inf
2025-08-08 19:33:21,434:INFO:[LightGBM] [Warning] No further splits with positive gain, best gain: -inf
2025-08-08 19:33:21,438:INFO:[LightGBM] [Warning] No further splits with positive gain, best gain: -inf
2025-08-08 19:33:21,439:INFO:[LightGBM] [Warning] No further splits with positive gain, best gain: -inf
2025-08-08 19:33:21,441:INFO:[LightGBM] [Warning] No further splits with positive gain, best gain: -inf
2025-08-08 19:33:21,446:INFO:[LightGBM] [Warning] No further splits with positive gain, best gain: -inf
2025-08-08 19:33:21,446:INFO:[LightGBM] [Warning] No further splits with positive gain, best gain: -inf
2025-08-08 19:33:21,454:INFO:[LightGBM] [Warning] No further splits with positive gain, best gain: -inf
2025-08-08 19:33:21,454:INFO:[LightGBM] [Warning] No further splits with positive gain, best gain: -inf
2025-08-08 19:33:21,455:INFO:[LightGBM] [Warning] No further splits with positive gain, best gain: -inf
2025-08-08 19:33:21,462:INFO:[LightGBM] [Warning] No further splits with positive gain, best gain: -inf
2025-08-08 19:33:21,474:INFO:[LightGBM] [Warning] No further splits with positive gain, best gain: -inf
2025-08-08 19:33:21,847:INFO:[LightGBM] [Warning] No further splits with positive gain, best gain: -inf
2025-08-08 19:33:21,847:INFO:[LightGBM] [Warning] No further splits with positive gain, best gain: -inf
2025-08-08 19:33:21,847:INFO:[LightGBM] [Warning] No further splits with positive gain, best gain: -inf
2025-08-08 19:33:22,160:INFO:[LightGBM] [Warning] No further splits with positive gain, best gain: -inf
2025-08-08 19:33:22,442:WARNING:/workspaces/TechCatalyst_DE_2025/pycaret_env/lib/python3.11/site-packages/sklearn/metrics/_classification.py:1561: UserWarning: Note that pos_label (set to 'good') is ignored when average != 'binary' (got 'weighted'). You may use labels=[pos_label] to specify a single positive class.
  warnings.warn(

2025-08-08 19:33:22,450:WARNING:/workspaces/TechCatalyst_DE_2025/pycaret_env/lib/python3.11/site-packages/sklearn/metrics/_classification.py:1561: UserWarning: Note that pos_label (set to 'good') is ignored when average != 'binary' (got 'weighted'). You may use labels=[pos_label] to specify a single positive class.
  warnings.warn(

2025-08-08 19:33:22,455:WARNING:/workspaces/TechCatalyst_DE_2025/pycaret_env/lib/python3.11/site-packages/sklearn/metrics/_classification.py:1561: UserWarning: Note that pos_label (set to 'good') is ignored when average != 'binary' (got 'weighted'). You may use labels=[pos_label] to specify a single positive class.
  warnings.warn(

2025-08-08 19:33:22,478:INFO:Calculating mean and std
2025-08-08 19:33:22,495:INFO:Creating metrics dataframe
2025-08-08 19:33:22,529:INFO:Finalizing model
2025-08-08 19:33:23,344:INFO:[LightGBM] [Warning] Found whitespace in feature_names, replace with underlines
2025-08-08 19:33:23,358:INFO:[LightGBM] [Info] Number of positive: 490, number of negative: 206
2025-08-08 19:33:23,374:INFO:[LightGBM] [Info] Auto-choosing row-wise multi-threading, the overhead of testing was 0.015912 seconds.
2025-08-08 19:33:23,377:INFO:You can set `force_row_wise=true` to remove the overhead.
2025-08-08 19:33:23,377:INFO:And if memory is not enough, you can set `force_col_wise=true`.
2025-08-08 19:33:23,378:INFO:[LightGBM] [Info] Total Bins 649
2025-08-08 19:33:23,382:INFO:[LightGBM] [Info] Number of data points in the train set: 696, number of used features: 58
2025-08-08 19:33:23,388:INFO:[LightGBM] [Info] [binary:BoostFromScore]: pavg=0.704023 -> initscore=0.866529
2025-08-08 19:33:23,395:INFO:[LightGBM] [Info] Start training from score 0.866529
2025-08-08 19:33:23,397:INFO:[LightGBM] [Warning] No further splits with positive gain, best gain: -inf
2025-08-08 19:33:23,441:INFO:[LightGBM] [Warning] No further splits with positive gain, best gain: -inf
2025-08-08 19:33:23,457:INFO:[LightGBM] [Warning] No further splits with positive gain, best gain: -inf
2025-08-08 19:33:23,458:INFO:[LightGBM] [Warning] No further splits with positive gain, best gain: -inf
2025-08-08 19:33:23,458:INFO:[LightGBM] [Warning] No further splits with positive gain, best gain: -inf
2025-08-08 19:33:23,459:INFO:[LightGBM] [Warning] No further splits with positive gain, best gain: -inf
2025-08-08 19:33:23,474:INFO:[LightGBM] [Warning] No further splits with positive gain, best gain: -inf
2025-08-08 19:33:23,531:INFO:[LightGBM] [Warning] No further splits with positive gain, best gain: -inf
2025-08-08 19:33:23,532:INFO:[LightGBM] [Warning] No further splits with positive gain, best gain: -inf
2025-08-08 19:33:23,551:INFO:[LightGBM] [Warning] No further splits with positive gain, best gain: -inf
2025-08-08 19:33:23,558:INFO:[LightGBM] [Warning] No further splits with positive gain, best gain: -inf
2025-08-08 19:33:23,570:INFO:[LightGBM] [Warning] No further splits with positive gain, best gain: -inf
2025-08-08 19:33:23,571:INFO:[LightGBM] [Warning] No further splits with positive gain, best gain: -inf
2025-08-08 19:33:23,576:INFO:[LightGBM] [Warning] No further splits with positive gain, best gain: -inf
2025-08-08 19:33:23,577:INFO:[LightGBM] [Warning] No further splits with positive gain, best gain: -inf
2025-08-08 19:33:23,581:INFO:[LightGBM] [Warning] No further splits with positive gain, best gain: -inf
2025-08-08 19:33:23,588:INFO:[LightGBM] [Warning] No further splits with positive gain, best gain: -inf
2025-08-08 19:33:23,632:INFO:[LightGBM] [Warning] No further splits with positive gain, best gain: -inf
2025-08-08 19:33:24,177:INFO:[LightGBM] [Warning] No further splits with positive gain, best gain: -inf
2025-08-08 19:33:24,199:INFO:[LightGBM] [Warning] No further splits with positive gain, best gain: -inf
2025-08-08 19:33:24,214:INFO:[LightGBM] [Warning] No further splits with positive gain, best gain: -inf
2025-08-08 19:33:24,218:INFO:[LightGBM] [Warning] No further splits with positive gain, best gain: -inf
2025-08-08 19:33:24,223:INFO:[LightGBM] [Warning] No further splits with positive gain, best gain: -inf
2025-08-08 19:33:24,227:INFO:[LightGBM] [Warning] No further splits with positive gain, best gain: -inf
2025-08-08 19:33:24,230:INFO:[LightGBM] [Warning] No further splits with positive gain, best gain: -inf
2025-08-08 19:33:24,233:INFO:[LightGBM] [Warning] No further splits with positive gain, best gain: -inf
2025-08-08 19:33:24,234:INFO:[LightGBM] [Warning] No further splits with positive gain, best gain: -inf
2025-08-08 19:33:24,237:INFO:[LightGBM] [Warning] No further splits with positive gain, best gain: -inf
2025-08-08 19:33:24,251:INFO:[LightGBM] [Warning] No further splits with positive gain, best gain: -inf
2025-08-08 19:33:24,263:INFO:[LightGBM] [Warning] No further splits with positive gain, best gain: -inf
2025-08-08 19:33:24,264:INFO:[LightGBM] [Warning] No further splits with positive gain, best gain: -inf
2025-08-08 19:33:24,265:INFO:[LightGBM] [Warning] No further splits with positive gain, best gain: -inf
2025-08-08 19:33:24,299:INFO:[LightGBM] [Warning] No further splits with positive gain, best gain: -inf
2025-08-08 19:33:24,329:INFO:[LightGBM] [Warning] No further splits with positive gain, best gain: -inf
2025-08-08 19:33:24,397:INFO:[LightGBM] [Warning] No further splits with positive gain, best gain: -inf
2025-08-08 19:33:24,403:INFO:[LightGBM] [Warning] No further splits with positive gain, best gain: -inf
2025-08-08 19:33:24,404:INFO:[LightGBM] [Warning] No further splits with positive gain, best gain: -inf
2025-08-08 19:33:24,433:INFO:[LightGBM] [Warning] No further splits with positive gain, best gain: -inf
2025-08-08 19:33:24,560:INFO:[LightGBM] [Warning] No further splits with positive gain, best gain: -inf
2025-08-08 19:33:24,563:INFO:[LightGBM] [Warning] No further splits with positive gain, best gain: -inf

2025-08-08 19:33:24,688:INFO:[LightGBM] [Warning] No further splits with positive gain, best gain: -inf
2025-08-08 19:33:25,155:INFO:Uploading results into container
2025-08-08 19:33:25,156:INFO:Uploading model into container now
2025-08-08 19:33:25,212:INFO:_master_model_container: 1
2025-08-08 19:33:25,212:INFO:_display_container: 2
2025-08-08 19:33:25,212:INFO:LGBMClassifier(boosting_type='gbdt', class_weight=None, colsample_bytree=1.0,
               importance_type='split', learning_rate=0.1, max_depth=-1,
               min_child_samples=20, min_child_weight=0.001, min_split_gain=0.0,
               n_estimators=100, n_jobs=-1, num_leaves=31, objective=None,
               random_state=120, reg_alpha=0.0, reg_lambda=0.0, subsample=1.0,
               subsample_for_bin=200000, subsample_freq=0)
2025-08-08 19:33:25,216:INFO:create_model() successfully completed......................................
2025-08-08 19:38:14,838:INFO:Initializing predict_model()
2025-08-08 19:38:14,839:INFO:predict_model(self=<pycaret.classification.oop.ClassificationExperiment object at 0x72c320ecfd50>, estimator=LGBMClassifier(boosting_type='gbdt', class_weight=None, colsample_bytree=1.0,
               importance_type='split', learning_rate=0.1, max_depth=-1,
               min_child_samples=20, min_child_weight=0.001, min_split_gain=0.0,
               n_estimators=100, n_jobs=-1, num_leaves=31, objective=None,
               random_state=120, reg_alpha=0.0, reg_lambda=0.0, subsample=1.0,
               subsample_for_bin=200000, subsample_freq=0), probability_threshold=None, encoded_labels=False, raw_score=False, round=4, verbose=True, ml_usecase=None, preprocess=True, encode_labels=<function _SupervisedExperiment.predict_model.<locals>.encode_labels at 0x72c30adf1800>)
2025-08-08 19:38:14,839:INFO:Checking exceptions
2025-08-08 19:38:14,839:INFO:Preloading libraries
2025-08-08 19:38:14,842:INFO:Set up data.
2025-08-08 19:38:14,852:INFO:Set up index.
2025-08-08 19:39:35,280:INFO:Soft dependency imported: gradio: 5.41.1
