2025-08-08 20:02:04,731:WARNING:
'cuml' is a soft dependency and not included in the pycaret installation. Please run: `pip install cuml` to install.
2025-08-08 20:02:04,731:WARNING:
'cuml' is a soft dependency and not included in the pycaret installation. Please run: `pip install cuml` to install.
2025-08-08 20:02:04,731:WARNING:
'cuml' is a soft dependency and not included in the pycaret installation. Please run: `pip install cuml` to install.
2025-08-08 20:02:04,732:WARNING:
'cuml' is a soft dependency and not included in the pycaret installation. Please run: `pip install cuml` to install.
2025-08-08 20:02:06,077:INFO:PyCaret ClassificationExperiment
2025-08-08 20:02:06,077:INFO:Logging name: clf-default-name
2025-08-08 20:02:06,078:INFO:ML Usecase: MLUsecase.CLASSIFICATION
2025-08-08 20:02:06,078:INFO:version 3.3.2
2025-08-08 20:02:06,078:INFO:Initializing setup()
2025-08-08 20:02:06,078:INFO:self.USI: 8632
2025-08-08 20:02:06,078:INFO:self._variable_keys: {'gpu_n_jobs_param', 'n_jobs_param', 'exp_name_log', 'target_param', 'fold_generator', 'fix_imbalance', 'gpu_param', 'exp_id', 'logging_param', 'log_plots_param', 'data', 'y_test', 'is_multiclass', 'fold_shuffle_param', 'y', 'pipeline', 'fold_groups_param', 'html_param', 'seed', '_available_plots', 'memory', 'USI', 'idx', '_ml_usecase', 'X_train', 'y_train', 'X_test', 'X'}
2025-08-08 20:02:06,078:INFO:Checking environment
2025-08-08 20:02:06,078:INFO:python_version: 3.11.13
2025-08-08 20:02:06,078:INFO:python_build: ('main', 'Jun  5 2025 13:12:00')
2025-08-08 20:02:06,078:INFO:machine: x86_64
2025-08-08 20:02:06,078:INFO:platform: Linux-6.8.0-1030-azure-x86_64-with-glibc2.39
2025-08-08 20:02:06,079:INFO:Memory: svmem(total=8330579968, available=1666072576, percent=80.0, used=6266847232, free=211820544, active=3582865408, inactive=3913986048, buffers=67551232, cached=1784360960, shared=67137536, slab=431452160)
2025-08-08 20:02:06,080:INFO:Physical Core: 1
2025-08-08 20:02:06,080:INFO:Logical Core: 2
2025-08-08 20:02:06,080:INFO:Checking libraries
2025-08-08 20:02:06,080:INFO:System:
2025-08-08 20:02:06,080:INFO:    python: 3.11.13 (main, Jun  5 2025, 13:12:00) [GCC 11.2.0]
2025-08-08 20:02:06,080:INFO:executable: /workspaces/TechCatalyst_DE_2025/pycaret_env/bin/python
2025-08-08 20:02:06,080:INFO:   machine: Linux-6.8.0-1030-azure-x86_64-with-glibc2.39
2025-08-08 20:02:06,080:INFO:PyCaret required dependencies:
2025-08-08 20:02:06,770:INFO:                 pip: 24.0
2025-08-08 20:02:06,771:INFO:          setuptools: 65.5.0
2025-08-08 20:02:06,771:INFO:             pycaret: 3.3.2
2025-08-08 20:02:06,771:INFO:             IPython: 9.4.0
2025-08-08 20:02:06,771:INFO:          ipywidgets: 8.1.7
2025-08-08 20:02:06,771:INFO:                tqdm: 4.67.1
2025-08-08 20:02:06,771:INFO:               numpy: 1.26.4
2025-08-08 20:02:06,771:INFO:              pandas: 2.1.4
2025-08-08 20:02:06,771:INFO:              jinja2: 3.1.6
2025-08-08 20:02:06,771:INFO:               scipy: 1.11.4
2025-08-08 20:02:06,771:INFO:              joblib: 1.3.2
2025-08-08 20:02:06,771:INFO:             sklearn: 1.4.2
2025-08-08 20:02:06,771:INFO:                pyod: 2.0.5
2025-08-08 20:02:06,771:INFO:            imblearn: 0.13.0
2025-08-08 20:02:06,771:INFO:   category_encoders: 2.7.0
2025-08-08 20:02:06,771:INFO:            lightgbm: 4.6.0
2025-08-08 20:02:06,771:INFO:               numba: 0.61.2
2025-08-08 20:02:06,771:INFO:            requests: 2.32.4
2025-08-08 20:02:06,771:INFO:          matplotlib: 3.7.5
2025-08-08 20:02:06,771:INFO:          scikitplot: 0.3.7
2025-08-08 20:02:06,771:INFO:         yellowbrick: 1.5
2025-08-08 20:02:06,771:INFO:              plotly: 5.24.1
2025-08-08 20:02:06,771:INFO:    plotly-resampler: Not installed
2025-08-08 20:02:06,771:INFO:             kaleido: 1.0.0
2025-08-08 20:02:06,771:INFO:           schemdraw: 0.15
2025-08-08 20:02:06,771:INFO:         statsmodels: 0.14.5
2025-08-08 20:02:06,771:INFO:              sktime: 0.26.0
2025-08-08 20:02:06,771:INFO:               tbats: 1.1.3
2025-08-08 20:02:06,772:INFO:            pmdarima: 2.0.4
2025-08-08 20:02:06,772:INFO:              psutil: 7.0.0
2025-08-08 20:02:06,772:INFO:          markupsafe: 3.0.2
2025-08-08 20:02:06,772:INFO:             pickle5: Not installed
2025-08-08 20:02:06,772:INFO:         cloudpickle: 3.1.1
2025-08-08 20:02:06,772:INFO:         deprecation: 2.1.0
2025-08-08 20:02:06,772:INFO:              xxhash: 3.5.0
2025-08-08 20:02:06,772:INFO:           wurlitzer: 3.1.1
2025-08-08 20:02:06,772:INFO:PyCaret optional dependencies:
2025-08-08 20:02:09,121:INFO:                shap: 0.44.1
2025-08-08 20:02:09,121:INFO:           interpret: 0.6.9
2025-08-08 20:02:09,121:INFO:                umap: 0.5.7
2025-08-08 20:02:09,121:INFO:     ydata_profiling: 4.14.0
2025-08-08 20:02:09,121:INFO:  explainerdashboard: 0.4.8
2025-08-08 20:02:09,121:INFO:             autoviz: Not installed
2025-08-08 20:02:09,121:INFO:           fairlearn: 0.7.0
2025-08-08 20:02:09,121:INFO:          deepchecks: Not installed
2025-08-08 20:02:09,121:INFO:             xgboost: 3.0.3
2025-08-08 20:02:09,121:INFO:            catboost: 1.2.8
2025-08-08 20:02:09,121:INFO:              kmodes: 0.12.2
2025-08-08 20:02:09,121:INFO:             mlxtend: 0.23.4
2025-08-08 20:02:09,121:INFO:       statsforecast: 1.5.0
2025-08-08 20:02:09,121:INFO:        tune_sklearn: Not installed
2025-08-08 20:02:09,121:INFO:                 ray: Not installed
2025-08-08 20:02:09,121:INFO:            hyperopt: 0.2.7
2025-08-08 20:02:09,121:INFO:              optuna: 4.4.0
2025-08-08 20:02:09,121:INFO:               skopt: 0.10.2
2025-08-08 20:02:09,121:INFO:              mlflow: 3.2.0
2025-08-08 20:02:09,121:INFO:              gradio: 5.41.1
2025-08-08 20:02:09,121:INFO:             fastapi: 0.116.1
2025-08-08 20:02:09,121:INFO:             uvicorn: 0.35.0
2025-08-08 20:02:09,121:INFO:              m2cgen: 0.10.0
2025-08-08 20:02:09,121:INFO:           evidently: 0.4.40
2025-08-08 20:02:09,121:INFO:               fugue: 0.8.7
2025-08-08 20:02:09,121:INFO:           streamlit: Not installed
2025-08-08 20:02:09,122:INFO:             prophet: Not installed
2025-08-08 20:02:09,122:INFO:None
2025-08-08 20:02:09,122:INFO:Set up data.
2025-08-08 20:02:09,153:INFO:Set up folding strategy.
2025-08-08 20:02:09,153:INFO:Set up train/test split.
2025-08-08 20:02:09,168:INFO:Set up index.
2025-08-08 20:02:09,168:INFO:Assigning column types.
2025-08-08 20:02:09,172:INFO:Engine successfully changes for model 'lr' to 'sklearn'.
2025-08-08 20:02:09,209:INFO:Engine for model 'knn' has not been set explicitly, hence returning None.
2025-08-08 20:02:09,213:INFO:Engine for model 'rbfsvm' has not been set explicitly, hence returning None.
2025-08-08 20:02:09,238:INFO:Soft dependency imported: xgboost: 3.0.3
2025-08-08 20:02:09,240:INFO:Soft dependency imported: catboost: 1.2.8
2025-08-08 20:02:09,485:INFO:Engine for model 'knn' has not been set explicitly, hence returning None.
2025-08-08 20:02:09,486:INFO:Engine for model 'rbfsvm' has not been set explicitly, hence returning None.
2025-08-08 20:02:09,508:INFO:Soft dependency imported: xgboost: 3.0.3
2025-08-08 20:02:09,510:INFO:Soft dependency imported: catboost: 1.2.8
2025-08-08 20:02:09,511:INFO:Engine successfully changes for model 'knn' to 'sklearn'.
2025-08-08 20:02:09,546:INFO:Engine for model 'rbfsvm' has not been set explicitly, hence returning None.
2025-08-08 20:02:09,568:INFO:Soft dependency imported: xgboost: 3.0.3
2025-08-08 20:02:09,570:INFO:Soft dependency imported: catboost: 1.2.8
2025-08-08 20:02:09,611:INFO:Engine for model 'rbfsvm' has not been set explicitly, hence returning None.
2025-08-08 20:02:09,633:INFO:Soft dependency imported: xgboost: 3.0.3
2025-08-08 20:02:09,635:INFO:Soft dependency imported: catboost: 1.2.8
2025-08-08 20:02:09,636:INFO:Engine successfully changes for model 'rbfsvm' to 'sklearn'.
2025-08-08 20:02:09,702:INFO:Soft dependency imported: xgboost: 3.0.3
2025-08-08 20:02:09,705:INFO:Soft dependency imported: catboost: 1.2.8
2025-08-08 20:02:09,763:INFO:Soft dependency imported: xgboost: 3.0.3
2025-08-08 20:02:09,767:INFO:Soft dependency imported: catboost: 1.2.8
2025-08-08 20:02:09,771:INFO:Preparing preprocessing pipeline...
2025-08-08 20:02:09,772:INFO:Set up label encoding.
2025-08-08 20:02:09,772:INFO:Set up simple imputation.
2025-08-08 20:02:09,778:INFO:Set up encoding of ordinal features.
2025-08-08 20:02:09,785:INFO:Set up encoding of categorical features.
2025-08-08 20:02:10,171:INFO:Finished creating preprocessing pipeline.
2025-08-08 20:02:10,233:INFO:Pipeline: Pipeline(memory=FastMemory(location=/tmp/joblib),
         steps=[('label_encoding',
                 TransformerWrapperWithInverse(exclude=None, include=None,
                                               transformer=LabelEncoder())),
                ('numerical_imputer',
                 TransformerWrapper(exclude=None,
                                    include=['SeniorCitizen', 'tenure',
                                             'MonthlyCharges'],
                                    transformer=SimpleImputer(add_indicator=False,
                                                              copy=True,
                                                              fill_value=None,
                                                              keep_empty_fea...
                                                              return_df=True,
                                                              use_cat_names=True,
                                                              verbose=0))),
                ('rest_encoding',
                 TransformerWrapper(exclude=None,
                                    include=['customerID', 'TotalCharges'],
                                    transformer=TargetEncoder(cols=['customerID',
                                                                    'TotalCharges'],
                                                              drop_invariant=False,
                                                              handle_missing='return_nan',
                                                              handle_unknown='value',
                                                              hierarchy=None,
                                                              min_samples_leaf=20,
                                                              return_df=True,
                                                              smoothing=10,
                                                              verbose=0)))],
         verbose=False)
2025-08-08 20:02:10,233:INFO:Creating final display dataframe.
2025-08-08 20:02:11,048:INFO:Setup _display_container:                     Description             Value
0                    Session id                42
1                        Target             Churn
2                   Target type            Binary
3                Target mapping     No: 0, Yes: 1
4           Original data shape        (6043, 21)
5        Transformed data shape        (6043, 42)
6   Transformed train set shape        (4834, 42)
7    Transformed test set shape        (1209, 42)
8              Numeric features                 3
9          Categorical features                17
10                   Preprocess              True
11              Imputation type            simple
12           Numeric imputation              mean
13       Categorical imputation              mode
14     Maximum one-hot encoding                25
15              Encoding method              None
16               Fold Generator   StratifiedKFold
17                  Fold Number                10
18                     CPU Jobs                -1
19                      Use GPU             False
20               Log Experiment             False
21              Experiment Name  clf-default-name
22                          USI              8632
2025-08-08 20:02:11,132:INFO:Soft dependency imported: xgboost: 3.0.3
2025-08-08 20:02:11,137:INFO:Soft dependency imported: catboost: 1.2.8
2025-08-08 20:02:11,221:INFO:Soft dependency imported: xgboost: 3.0.3
2025-08-08 20:02:11,224:INFO:Soft dependency imported: catboost: 1.2.8
2025-08-08 20:02:11,225:INFO:setup() successfully completed in 5.15s...............
2025-08-08 20:02:11,226:INFO:Initializing compare_models()
2025-08-08 20:02:11,226:INFO:compare_models(self=<pycaret.classification.oop.ClassificationExperiment object at 0x7bdce3e84050>, include=None, exclude=None, fold=None, round=4, cross_validation=True, sort=Accuracy, n_select=3, budget_time=None, turbo=True, errors=ignore, fit_kwargs=None, groups=None, experiment_custom_tags=None, probability_threshold=None, verbose=True, parallel=None, caller_params={'self': <pycaret.classification.oop.ClassificationExperiment object at 0x7bdce3e84050>, 'include': None, 'exclude': None, 'fold': None, 'round': 4, 'cross_validation': True, 'sort': 'Accuracy', 'n_select': 3, 'budget_time': None, 'turbo': True, 'errors': 'ignore', 'fit_kwargs': None, 'groups': None, 'experiment_custom_tags': None, 'probability_threshold': None, 'engine': None, 'verbose': True, 'parallel': None, '__class__': <class 'pycaret.classification.oop.ClassificationExperiment'>})
2025-08-08 20:02:11,226:INFO:Checking exceptions
2025-08-08 20:02:11,230:INFO:Preparing display monitor
2025-08-08 20:02:11,257:INFO:Initializing Logistic Regression
2025-08-08 20:02:11,257:INFO:Total runtime is 5.95251719156901e-06 minutes
2025-08-08 20:02:11,264:INFO:SubProcess create_model() called ==================================
2025-08-08 20:02:11,264:INFO:Initializing create_model()
2025-08-08 20:02:11,264:INFO:create_model(self=<pycaret.classification.oop.ClassificationExperiment object at 0x7bdce3e84050>, estimator=lr, fold=StratifiedKFold(n_splits=10, random_state=None, shuffle=False), round=4, cross_validation=True, predict=True, fit_kwargs={}, groups=None, refit=False, probability_threshold=None, experiment_custom_tags=None, verbose=False, system=False, add_to_model_list=True, metrics=None, display=<pycaret.internal.display.display.CommonDisplay object at 0x7bdcd07cc410>, model_only=True, return_train_score=False, error_score=0.0, kwargs={})
2025-08-08 20:02:11,264:INFO:Checking exceptions
2025-08-08 20:02:11,265:INFO:Importing libraries
2025-08-08 20:02:11,265:INFO:Copying training dataset
2025-08-08 20:02:11,274:INFO:Defining folds
2025-08-08 20:02:11,275:INFO:Declaring metric variables
2025-08-08 20:02:11,283:INFO:Importing untrained model
2025-08-08 20:02:11,293:INFO:Logistic Regression Imported successfully
2025-08-08 20:02:11,310:INFO:Starting cross validation
2025-08-08 20:02:11,315:INFO:Cross validating with StratifiedKFold(n_splits=10, random_state=None, shuffle=False), n_jobs=-1
2025-08-08 20:02:18,229:WARNING:/workspaces/TechCatalyst_DE_2025/pycaret_env/lib/python3.11/site-packages/sklearn/metrics/_classification.py:1561: UserWarning: Note that pos_label (set to 'Yes') is ignored when average != 'binary' (got 'weighted'). You may use labels=[pos_label] to specify a single positive class.
  warnings.warn(

2025-08-08 20:02:18,236:WARNING:/workspaces/TechCatalyst_DE_2025/pycaret_env/lib/python3.11/site-packages/sklearn/metrics/_classification.py:1561: UserWarning: Note that pos_label (set to 'Yes') is ignored when average != 'binary' (got 'weighted'). You may use labels=[pos_label] to specify a single positive class.
  warnings.warn(

2025-08-08 20:02:18,243:WARNING:/workspaces/TechCatalyst_DE_2025/pycaret_env/lib/python3.11/site-packages/sklearn/metrics/_classification.py:1561: UserWarning: Note that pos_label (set to 'Yes') is ignored when average != 'binary' (got 'weighted'). You may use labels=[pos_label] to specify a single positive class.
  warnings.warn(

2025-08-08 20:02:18,281:WARNING:/workspaces/TechCatalyst_DE_2025/pycaret_env/lib/python3.11/site-packages/sklearn/metrics/_classification.py:1561: UserWarning: Note that pos_label (set to 'Yes') is ignored when average != 'binary' (got 'weighted'). You may use labels=[pos_label] to specify a single positive class.
  warnings.warn(

2025-08-08 20:02:18,294:WARNING:/workspaces/TechCatalyst_DE_2025/pycaret_env/lib/python3.11/site-packages/sklearn/metrics/_classification.py:1561: UserWarning: Note that pos_label (set to 'Yes') is ignored when average != 'binary' (got 'weighted'). You may use labels=[pos_label] to specify a single positive class.
  warnings.warn(

2025-08-08 20:02:18,312:WARNING:/workspaces/TechCatalyst_DE_2025/pycaret_env/lib/python3.11/site-packages/sklearn/metrics/_classification.py:1561: UserWarning: Note that pos_label (set to 'Yes') is ignored when average != 'binary' (got 'weighted'). You may use labels=[pos_label] to specify a single positive class.
  warnings.warn(

2025-08-08 20:02:19,245:WARNING:/workspaces/TechCatalyst_DE_2025/pycaret_env/lib/python3.11/site-packages/sklearn/metrics/_classification.py:1561: UserWarning: Note that pos_label (set to 'Yes') is ignored when average != 'binary' (got 'weighted'). You may use labels=[pos_label] to specify a single positive class.
  warnings.warn(

2025-08-08 20:02:19,248:WARNING:/workspaces/TechCatalyst_DE_2025/pycaret_env/lib/python3.11/site-packages/sklearn/metrics/_classification.py:1561: UserWarning: Note that pos_label (set to 'Yes') is ignored when average != 'binary' (got 'weighted'). You may use labels=[pos_label] to specify a single positive class.
  warnings.warn(

2025-08-08 20:02:19,251:WARNING:/workspaces/TechCatalyst_DE_2025/pycaret_env/lib/python3.11/site-packages/sklearn/metrics/_classification.py:1561: UserWarning: Note that pos_label (set to 'Yes') is ignored when average != 'binary' (got 'weighted'). You may use labels=[pos_label] to specify a single positive class.
  warnings.warn(

2025-08-08 20:02:19,254:WARNING:/workspaces/TechCatalyst_DE_2025/pycaret_env/lib/python3.11/site-packages/sklearn/metrics/_classification.py:1561: UserWarning: Note that pos_label (set to 'Yes') is ignored when average != 'binary' (got 'weighted'). You may use labels=[pos_label] to specify a single positive class.
  warnings.warn(

2025-08-08 20:02:19,257:WARNING:/workspaces/TechCatalyst_DE_2025/pycaret_env/lib/python3.11/site-packages/sklearn/metrics/_classification.py:1561: UserWarning: Note that pos_label (set to 'Yes') is ignored when average != 'binary' (got 'weighted'). You may use labels=[pos_label] to specify a single positive class.
  warnings.warn(

2025-08-08 20:02:19,260:WARNING:/workspaces/TechCatalyst_DE_2025/pycaret_env/lib/python3.11/site-packages/sklearn/metrics/_classification.py:1561: UserWarning: Note that pos_label (set to 'Yes') is ignored when average != 'binary' (got 'weighted'). You may use labels=[pos_label] to specify a single positive class.
  warnings.warn(

2025-08-08 20:02:20,026:WARNING:/workspaces/TechCatalyst_DE_2025/pycaret_env/lib/python3.11/site-packages/sklearn/metrics/_classification.py:1561: UserWarning: Note that pos_label (set to 'Yes') is ignored when average != 'binary' (got 'weighted'). You may use labels=[pos_label] to specify a single positive class.
  warnings.warn(

2025-08-08 20:02:20,032:WARNING:/workspaces/TechCatalyst_DE_2025/pycaret_env/lib/python3.11/site-packages/sklearn/metrics/_classification.py:1561: UserWarning: Note that pos_label (set to 'Yes') is ignored when average != 'binary' (got 'weighted'). You may use labels=[pos_label] to specify a single positive class.
  warnings.warn(

2025-08-08 20:02:20,037:WARNING:/workspaces/TechCatalyst_DE_2025/pycaret_env/lib/python3.11/site-packages/sklearn/metrics/_classification.py:1561: UserWarning: Note that pos_label (set to 'Yes') is ignored when average != 'binary' (got 'weighted'). You may use labels=[pos_label] to specify a single positive class.
  warnings.warn(

2025-08-08 20:02:20,039:WARNING:/workspaces/TechCatalyst_DE_2025/pycaret_env/lib/python3.11/site-packages/sklearn/metrics/_classification.py:1561: UserWarning: Note that pos_label (set to 'Yes') is ignored when average != 'binary' (got 'weighted'). You may use labels=[pos_label] to specify a single positive class.
  warnings.warn(

2025-08-08 20:02:20,043:WARNING:/workspaces/TechCatalyst_DE_2025/pycaret_env/lib/python3.11/site-packages/sklearn/metrics/_classification.py:1561: UserWarning: Note that pos_label (set to 'Yes') is ignored when average != 'binary' (got 'weighted'). You may use labels=[pos_label] to specify a single positive class.
  warnings.warn(

2025-08-08 20:02:20,050:WARNING:/workspaces/TechCatalyst_DE_2025/pycaret_env/lib/python3.11/site-packages/sklearn/metrics/_classification.py:1561: UserWarning: Note that pos_label (set to 'Yes') is ignored when average != 'binary' (got 'weighted'). You may use labels=[pos_label] to specify a single positive class.
  warnings.warn(

2025-08-08 20:02:20,809:WARNING:/workspaces/TechCatalyst_DE_2025/pycaret_env/lib/python3.11/site-packages/sklearn/metrics/_classification.py:1561: UserWarning: Note that pos_label (set to 'Yes') is ignored when average != 'binary' (got 'weighted'). You may use labels=[pos_label] to specify a single positive class.
  warnings.warn(

2025-08-08 20:02:20,816:WARNING:/workspaces/TechCatalyst_DE_2025/pycaret_env/lib/python3.11/site-packages/sklearn/metrics/_classification.py:1561: UserWarning: Note that pos_label (set to 'Yes') is ignored when average != 'binary' (got 'weighted'). You may use labels=[pos_label] to specify a single positive class.
  warnings.warn(

2025-08-08 20:02:20,824:WARNING:/workspaces/TechCatalyst_DE_2025/pycaret_env/lib/python3.11/site-packages/sklearn/metrics/_classification.py:1561: UserWarning: Note that pos_label (set to 'Yes') is ignored when average != 'binary' (got 'weighted'). You may use labels=[pos_label] to specify a single positive class.
  warnings.warn(

2025-08-08 20:02:21,087:WARNING:/workspaces/TechCatalyst_DE_2025/pycaret_env/lib/python3.11/site-packages/sklearn/metrics/_classification.py:1561: UserWarning: Note that pos_label (set to 'Yes') is ignored when average != 'binary' (got 'weighted'). You may use labels=[pos_label] to specify a single positive class.
  warnings.warn(

2025-08-08 20:02:21,095:WARNING:/workspaces/TechCatalyst_DE_2025/pycaret_env/lib/python3.11/site-packages/sklearn/metrics/_classification.py:1561: UserWarning: Note that pos_label (set to 'Yes') is ignored when average != 'binary' (got 'weighted'). You may use labels=[pos_label] to specify a single positive class.
  warnings.warn(

2025-08-08 20:02:21,106:WARNING:/workspaces/TechCatalyst_DE_2025/pycaret_env/lib/python3.11/site-packages/sklearn/metrics/_classification.py:1561: UserWarning: Note that pos_label (set to 'Yes') is ignored when average != 'binary' (got 'weighted'). You may use labels=[pos_label] to specify a single positive class.
  warnings.warn(

2025-08-08 20:02:21,805:WARNING:/workspaces/TechCatalyst_DE_2025/pycaret_env/lib/python3.11/site-packages/sklearn/metrics/_classification.py:1561: UserWarning: Note that pos_label (set to 'Yes') is ignored when average != 'binary' (got 'weighted'). You may use labels=[pos_label] to specify a single positive class.
  warnings.warn(

2025-08-08 20:02:21,812:WARNING:/workspaces/TechCatalyst_DE_2025/pycaret_env/lib/python3.11/site-packages/sklearn/metrics/_classification.py:1561: UserWarning: Note that pos_label (set to 'Yes') is ignored when average != 'binary' (got 'weighted'). You may use labels=[pos_label] to specify a single positive class.
  warnings.warn(

2025-08-08 20:02:21,819:WARNING:/workspaces/TechCatalyst_DE_2025/pycaret_env/lib/python3.11/site-packages/sklearn/metrics/_classification.py:1561: UserWarning: Note that pos_label (set to 'Yes') is ignored when average != 'binary' (got 'weighted'). You may use labels=[pos_label] to specify a single positive class.
  warnings.warn(

2025-08-08 20:02:21,931:WARNING:/workspaces/TechCatalyst_DE_2025/pycaret_env/lib/python3.11/site-packages/sklearn/metrics/_classification.py:1561: UserWarning: Note that pos_label (set to 'Yes') is ignored when average != 'binary' (got 'weighted'). You may use labels=[pos_label] to specify a single positive class.
  warnings.warn(

2025-08-08 20:02:21,935:WARNING:/workspaces/TechCatalyst_DE_2025/pycaret_env/lib/python3.11/site-packages/sklearn/metrics/_classification.py:1561: UserWarning: Note that pos_label (set to 'Yes') is ignored when average != 'binary' (got 'weighted'). You may use labels=[pos_label] to specify a single positive class.
  warnings.warn(

2025-08-08 20:02:21,938:WARNING:/workspaces/TechCatalyst_DE_2025/pycaret_env/lib/python3.11/site-packages/sklearn/metrics/_classification.py:1561: UserWarning: Note that pos_label (set to 'Yes') is ignored when average != 'binary' (got 'weighted'). You may use labels=[pos_label] to specify a single positive class.
  warnings.warn(

2025-08-08 20:02:21,952:INFO:Calculating mean and std
2025-08-08 20:02:21,954:INFO:Creating metrics dataframe
2025-08-08 20:02:21,956:INFO:Uploading results into container
2025-08-08 20:02:21,957:INFO:Uploading model into container now
2025-08-08 20:02:21,958:INFO:_master_model_container: 1
2025-08-08 20:02:21,958:INFO:_display_container: 2
2025-08-08 20:02:21,958:INFO:LogisticRegression(C=1.0, class_weight=None, dual=False, fit_intercept=True,
                   intercept_scaling=1, l1_ratio=None, max_iter=1000,
                   multi_class='auto', n_jobs=None, penalty='l2',
                   random_state=42, solver='lbfgs', tol=0.0001, verbose=0,
                   warm_start=False)
2025-08-08 20:02:21,958:INFO:create_model() successfully completed......................................
2025-08-08 20:02:22,164:INFO:SubProcess create_model() end ==================================
2025-08-08 20:02:22,164:INFO:Creating metrics dataframe
2025-08-08 20:02:22,169:INFO:Initializing K Neighbors Classifier
2025-08-08 20:02:22,170:INFO:Total runtime is 0.18188772996266683 minutes
2025-08-08 20:02:22,173:INFO:SubProcess create_model() called ==================================
2025-08-08 20:02:22,173:INFO:Initializing create_model()
2025-08-08 20:02:22,173:INFO:create_model(self=<pycaret.classification.oop.ClassificationExperiment object at 0x7bdce3e84050>, estimator=knn, fold=StratifiedKFold(n_splits=10, random_state=None, shuffle=False), round=4, cross_validation=True, predict=True, fit_kwargs={}, groups=None, refit=False, probability_threshold=None, experiment_custom_tags=None, verbose=False, system=False, add_to_model_list=True, metrics=None, display=<pycaret.internal.display.display.CommonDisplay object at 0x7bdcd07cc410>, model_only=True, return_train_score=False, error_score=0.0, kwargs={})
2025-08-08 20:02:22,173:INFO:Checking exceptions
2025-08-08 20:02:22,174:INFO:Importing libraries
2025-08-08 20:02:22,174:INFO:Copying training dataset
2025-08-08 20:02:22,181:INFO:Defining folds
2025-08-08 20:02:22,181:INFO:Declaring metric variables
2025-08-08 20:02:22,185:INFO:Importing untrained model
2025-08-08 20:02:22,188:INFO:K Neighbors Classifier Imported successfully
2025-08-08 20:02:22,196:INFO:Starting cross validation
2025-08-08 20:02:22,201:INFO:Cross validating with StratifiedKFold(n_splits=10, random_state=None, shuffle=False), n_jobs=-1
2025-08-08 20:02:22,843:WARNING:/workspaces/TechCatalyst_DE_2025/pycaret_env/lib/python3.11/site-packages/sklearn/metrics/_classification.py:1561: UserWarning: Note that pos_label (set to 'Yes') is ignored when average != 'binary' (got 'weighted'). You may use labels=[pos_label] to specify a single positive class.
  warnings.warn(

2025-08-08 20:02:22,849:WARNING:/workspaces/TechCatalyst_DE_2025/pycaret_env/lib/python3.11/site-packages/sklearn/metrics/_classification.py:1561: UserWarning: Note that pos_label (set to 'Yes') is ignored when average != 'binary' (got 'weighted'). You may use labels=[pos_label] to specify a single positive class.
  warnings.warn(

2025-08-08 20:02:22,850:WARNING:/workspaces/TechCatalyst_DE_2025/pycaret_env/lib/python3.11/site-packages/sklearn/metrics/_classification.py:1561: UserWarning: Note that pos_label (set to 'Yes') is ignored when average != 'binary' (got 'weighted'). You may use labels=[pos_label] to specify a single positive class.
  warnings.warn(

2025-08-08 20:02:22,855:WARNING:/workspaces/TechCatalyst_DE_2025/pycaret_env/lib/python3.11/site-packages/sklearn/metrics/_classification.py:1561: UserWarning: Note that pos_label (set to 'Yes') is ignored when average != 'binary' (got 'weighted'). You may use labels=[pos_label] to specify a single positive class.
  warnings.warn(

2025-08-08 20:02:22,856:WARNING:/workspaces/TechCatalyst_DE_2025/pycaret_env/lib/python3.11/site-packages/sklearn/metrics/_classification.py:1561: UserWarning: Note that pos_label (set to 'Yes') is ignored when average != 'binary' (got 'weighted'). You may use labels=[pos_label] to specify a single positive class.
  warnings.warn(

2025-08-08 20:02:22,862:WARNING:/workspaces/TechCatalyst_DE_2025/pycaret_env/lib/python3.11/site-packages/sklearn/metrics/_classification.py:1561: UserWarning: Note that pos_label (set to 'Yes') is ignored when average != 'binary' (got 'weighted'). You may use labels=[pos_label] to specify a single positive class.
  warnings.warn(

2025-08-08 20:02:23,293:WARNING:/workspaces/TechCatalyst_DE_2025/pycaret_env/lib/python3.11/site-packages/sklearn/metrics/_classification.py:1561: UserWarning: Note that pos_label (set to 'Yes') is ignored when average != 'binary' (got 'weighted'). You may use labels=[pos_label] to specify a single positive class.
  warnings.warn(

2025-08-08 20:02:23,300:WARNING:/workspaces/TechCatalyst_DE_2025/pycaret_env/lib/python3.11/site-packages/sklearn/metrics/_classification.py:1561: UserWarning: Note that pos_label (set to 'Yes') is ignored when average != 'binary' (got 'weighted'). You may use labels=[pos_label] to specify a single positive class.
  warnings.warn(

2025-08-08 20:02:23,306:WARNING:/workspaces/TechCatalyst_DE_2025/pycaret_env/lib/python3.11/site-packages/sklearn/metrics/_classification.py:1561: UserWarning: Note that pos_label (set to 'Yes') is ignored when average != 'binary' (got 'weighted'). You may use labels=[pos_label] to specify a single positive class.
  warnings.warn(

2025-08-08 20:02:23,331:WARNING:/workspaces/TechCatalyst_DE_2025/pycaret_env/lib/python3.11/site-packages/sklearn/metrics/_classification.py:1561: UserWarning: Note that pos_label (set to 'Yes') is ignored when average != 'binary' (got 'weighted'). You may use labels=[pos_label] to specify a single positive class.
  warnings.warn(

2025-08-08 20:02:23,341:WARNING:/workspaces/TechCatalyst_DE_2025/pycaret_env/lib/python3.11/site-packages/sklearn/metrics/_classification.py:1561: UserWarning: Note that pos_label (set to 'Yes') is ignored when average != 'binary' (got 'weighted'). You may use labels=[pos_label] to specify a single positive class.
  warnings.warn(

2025-08-08 20:02:23,347:WARNING:/workspaces/TechCatalyst_DE_2025/pycaret_env/lib/python3.11/site-packages/sklearn/metrics/_classification.py:1561: UserWarning: Note that pos_label (set to 'Yes') is ignored when average != 'binary' (got 'weighted'). You may use labels=[pos_label] to specify a single positive class.
  warnings.warn(

2025-08-08 20:02:23,761:WARNING:/workspaces/TechCatalyst_DE_2025/pycaret_env/lib/python3.11/site-packages/sklearn/metrics/_classification.py:1561: UserWarning: Note that pos_label (set to 'Yes') is ignored when average != 'binary' (got 'weighted'). You may use labels=[pos_label] to specify a single positive class.
  warnings.warn(

2025-08-08 20:02:23,767:WARNING:/workspaces/TechCatalyst_DE_2025/pycaret_env/lib/python3.11/site-packages/sklearn/metrics/_classification.py:1561: UserWarning: Note that pos_label (set to 'Yes') is ignored when average != 'binary' (got 'weighted'). You may use labels=[pos_label] to specify a single positive class.
  warnings.warn(

2025-08-08 20:02:23,772:WARNING:/workspaces/TechCatalyst_DE_2025/pycaret_env/lib/python3.11/site-packages/sklearn/metrics/_classification.py:1561: UserWarning: Note that pos_label (set to 'Yes') is ignored when average != 'binary' (got 'weighted'). You may use labels=[pos_label] to specify a single positive class.
  warnings.warn(

2025-08-08 20:02:23,795:WARNING:/workspaces/TechCatalyst_DE_2025/pycaret_env/lib/python3.11/site-packages/sklearn/metrics/_classification.py:1561: UserWarning: Note that pos_label (set to 'Yes') is ignored when average != 'binary' (got 'weighted'). You may use labels=[pos_label] to specify a single positive class.
  warnings.warn(

2025-08-08 20:02:23,805:WARNING:/workspaces/TechCatalyst_DE_2025/pycaret_env/lib/python3.11/site-packages/sklearn/metrics/_classification.py:1561: UserWarning: Note that pos_label (set to 'Yes') is ignored when average != 'binary' (got 'weighted'). You may use labels=[pos_label] to specify a single positive class.
  warnings.warn(

2025-08-08 20:02:23,811:WARNING:/workspaces/TechCatalyst_DE_2025/pycaret_env/lib/python3.11/site-packages/sklearn/metrics/_classification.py:1561: UserWarning: Note that pos_label (set to 'Yes') is ignored when average != 'binary' (got 'weighted'). You may use labels=[pos_label] to specify a single positive class.
  warnings.warn(

2025-08-08 20:02:24,226:WARNING:/workspaces/TechCatalyst_DE_2025/pycaret_env/lib/python3.11/site-packages/sklearn/metrics/_classification.py:1561: UserWarning: Note that pos_label (set to 'Yes') is ignored when average != 'binary' (got 'weighted'). You may use labels=[pos_label] to specify a single positive class.
  warnings.warn(

2025-08-08 20:02:24,232:WARNING:/workspaces/TechCatalyst_DE_2025/pycaret_env/lib/python3.11/site-packages/sklearn/metrics/_classification.py:1561: UserWarning: Note that pos_label (set to 'Yes') is ignored when average != 'binary' (got 'weighted'). You may use labels=[pos_label] to specify a single positive class.
  warnings.warn(

2025-08-08 20:02:24,238:WARNING:/workspaces/TechCatalyst_DE_2025/pycaret_env/lib/python3.11/site-packages/sklearn/metrics/_classification.py:1561: UserWarning: Note that pos_label (set to 'Yes') is ignored when average != 'binary' (got 'weighted'). You may use labels=[pos_label] to specify a single positive class.
  warnings.warn(

2025-08-08 20:02:24,265:WARNING:/workspaces/TechCatalyst_DE_2025/pycaret_env/lib/python3.11/site-packages/sklearn/metrics/_classification.py:1561: UserWarning: Note that pos_label (set to 'Yes') is ignored when average != 'binary' (got 'weighted'). You may use labels=[pos_label] to specify a single positive class.
  warnings.warn(

2025-08-08 20:02:24,271:WARNING:/workspaces/TechCatalyst_DE_2025/pycaret_env/lib/python3.11/site-packages/sklearn/metrics/_classification.py:1561: UserWarning: Note that pos_label (set to 'Yes') is ignored when average != 'binary' (got 'weighted'). You may use labels=[pos_label] to specify a single positive class.
  warnings.warn(

2025-08-08 20:02:24,277:WARNING:/workspaces/TechCatalyst_DE_2025/pycaret_env/lib/python3.11/site-packages/sklearn/metrics/_classification.py:1561: UserWarning: Note that pos_label (set to 'Yes') is ignored when average != 'binary' (got 'weighted'). You may use labels=[pos_label] to specify a single positive class.
  warnings.warn(

2025-08-08 20:02:24,653:WARNING:/workspaces/TechCatalyst_DE_2025/pycaret_env/lib/python3.11/site-packages/sklearn/metrics/_classification.py:1561: UserWarning: Note that pos_label (set to 'Yes') is ignored when average != 'binary' (got 'weighted'). You may use labels=[pos_label] to specify a single positive class.
  warnings.warn(

2025-08-08 20:02:24,660:WARNING:/workspaces/TechCatalyst_DE_2025/pycaret_env/lib/python3.11/site-packages/sklearn/metrics/_classification.py:1561: UserWarning: Note that pos_label (set to 'Yes') is ignored when average != 'binary' (got 'weighted'). You may use labels=[pos_label] to specify a single positive class.
  warnings.warn(

2025-08-08 20:02:24,666:WARNING:/workspaces/TechCatalyst_DE_2025/pycaret_env/lib/python3.11/site-packages/sklearn/metrics/_classification.py:1561: UserWarning: Note that pos_label (set to 'Yes') is ignored when average != 'binary' (got 'weighted'). You may use labels=[pos_label] to specify a single positive class.
  warnings.warn(

2025-08-08 20:02:24,695:WARNING:/workspaces/TechCatalyst_DE_2025/pycaret_env/lib/python3.11/site-packages/sklearn/metrics/_classification.py:1561: UserWarning: Note that pos_label (set to 'Yes') is ignored when average != 'binary' (got 'weighted'). You may use labels=[pos_label] to specify a single positive class.
  warnings.warn(

2025-08-08 20:02:24,698:WARNING:/workspaces/TechCatalyst_DE_2025/pycaret_env/lib/python3.11/site-packages/sklearn/metrics/_classification.py:1561: UserWarning: Note that pos_label (set to 'Yes') is ignored when average != 'binary' (got 'weighted'). You may use labels=[pos_label] to specify a single positive class.
  warnings.warn(

2025-08-08 20:02:24,702:WARNING:/workspaces/TechCatalyst_DE_2025/pycaret_env/lib/python3.11/site-packages/sklearn/metrics/_classification.py:1561: UserWarning: Note that pos_label (set to 'Yes') is ignored when average != 'binary' (got 'weighted'). You may use labels=[pos_label] to specify a single positive class.
  warnings.warn(

2025-08-08 20:02:24,717:INFO:Calculating mean and std
2025-08-08 20:02:24,718:INFO:Creating metrics dataframe
2025-08-08 20:02:24,721:INFO:Uploading results into container
2025-08-08 20:02:24,722:INFO:Uploading model into container now
2025-08-08 20:02:24,723:INFO:_master_model_container: 2
2025-08-08 20:02:24,723:INFO:_display_container: 2
2025-08-08 20:02:24,723:INFO:KNeighborsClassifier(algorithm='auto', leaf_size=30, metric='minkowski',
                     metric_params=None, n_jobs=-1, n_neighbors=5, p=2,
                     weights='uniform')
2025-08-08 20:02:24,723:INFO:create_model() successfully completed......................................
2025-08-08 20:02:24,931:INFO:SubProcess create_model() end ==================================
2025-08-08 20:02:24,931:INFO:Creating metrics dataframe
2025-08-08 20:02:24,937:INFO:Initializing Naive Bayes
2025-08-08 20:02:24,937:INFO:Total runtime is 0.22800657749176026 minutes
2025-08-08 20:02:24,940:INFO:SubProcess create_model() called ==================================
2025-08-08 20:02:24,940:INFO:Initializing create_model()
2025-08-08 20:02:24,940:INFO:create_model(self=<pycaret.classification.oop.ClassificationExperiment object at 0x7bdce3e84050>, estimator=nb, fold=StratifiedKFold(n_splits=10, random_state=None, shuffle=False), round=4, cross_validation=True, predict=True, fit_kwargs={}, groups=None, refit=False, probability_threshold=None, experiment_custom_tags=None, verbose=False, system=False, add_to_model_list=True, metrics=None, display=<pycaret.internal.display.display.CommonDisplay object at 0x7bdcd07cc410>, model_only=True, return_train_score=False, error_score=0.0, kwargs={})
2025-08-08 20:02:24,940:INFO:Checking exceptions
2025-08-08 20:02:24,940:INFO:Importing libraries
2025-08-08 20:02:24,940:INFO:Copying training dataset
2025-08-08 20:02:24,949:INFO:Defining folds
2025-08-08 20:02:24,949:INFO:Declaring metric variables
2025-08-08 20:02:24,952:INFO:Importing untrained model
2025-08-08 20:02:24,955:INFO:Naive Bayes Imported successfully
2025-08-08 20:02:24,961:INFO:Starting cross validation
2025-08-08 20:02:24,965:INFO:Cross validating with StratifiedKFold(n_splits=10, random_state=None, shuffle=False), n_jobs=-1
2025-08-08 20:02:25,437:WARNING:/workspaces/TechCatalyst_DE_2025/pycaret_env/lib/python3.11/site-packages/sklearn/metrics/_classification.py:1561: UserWarning: Note that pos_label (set to 'Yes') is ignored when average != 'binary' (got 'weighted'). You may use labels=[pos_label] to specify a single positive class.
  warnings.warn(

2025-08-08 20:02:25,443:WARNING:/workspaces/TechCatalyst_DE_2025/pycaret_env/lib/python3.11/site-packages/sklearn/metrics/_classification.py:1561: UserWarning: Note that pos_label (set to 'Yes') is ignored when average != 'binary' (got 'weighted'). You may use labels=[pos_label] to specify a single positive class.
  warnings.warn(

2025-08-08 20:02:25,446:WARNING:/workspaces/TechCatalyst_DE_2025/pycaret_env/lib/python3.11/site-packages/sklearn/metrics/_classification.py:1509: UndefinedMetricWarning: Precision is ill-defined and being set to 0.0 in labels with no predicted samples. Use `zero_division` parameter to control this behavior.
  _warn_prf(average, modifier, f"{metric.capitalize()} is", len(result))

2025-08-08 20:02:25,450:WARNING:/workspaces/TechCatalyst_DE_2025/pycaret_env/lib/python3.11/site-packages/sklearn/metrics/_classification.py:1561: UserWarning: Note that pos_label (set to 'Yes') is ignored when average != 'binary' (got 'weighted'). You may use labels=[pos_label] to specify a single positive class.
  warnings.warn(

2025-08-08 20:02:25,538:WARNING:/workspaces/TechCatalyst_DE_2025/pycaret_env/lib/python3.11/site-packages/sklearn/metrics/_classification.py:1561: UserWarning: Note that pos_label (set to 'Yes') is ignored when average != 'binary' (got 'weighted'). You may use labels=[pos_label] to specify a single positive class.
  warnings.warn(

2025-08-08 20:02:25,558:WARNING:/workspaces/TechCatalyst_DE_2025/pycaret_env/lib/python3.11/site-packages/sklearn/metrics/_classification.py:1561: UserWarning: Note that pos_label (set to 'Yes') is ignored when average != 'binary' (got 'weighted'). You may use labels=[pos_label] to specify a single positive class.
  warnings.warn(

2025-08-08 20:02:25,567:WARNING:/workspaces/TechCatalyst_DE_2025/pycaret_env/lib/python3.11/site-packages/sklearn/metrics/_classification.py:1509: UndefinedMetricWarning: Precision is ill-defined and being set to 0.0 in labels with no predicted samples. Use `zero_division` parameter to control this behavior.
  _warn_prf(average, modifier, f"{metric.capitalize()} is", len(result))

2025-08-08 20:02:25,573:WARNING:/workspaces/TechCatalyst_DE_2025/pycaret_env/lib/python3.11/site-packages/sklearn/metrics/_classification.py:1561: UserWarning: Note that pos_label (set to 'Yes') is ignored when average != 'binary' (got 'weighted'). You may use labels=[pos_label] to specify a single positive class.
  warnings.warn(

2025-08-08 20:02:25,968:WARNING:/workspaces/TechCatalyst_DE_2025/pycaret_env/lib/python3.11/site-packages/sklearn/metrics/_classification.py:1561: UserWarning: Note that pos_label (set to 'Yes') is ignored when average != 'binary' (got 'weighted'). You may use labels=[pos_label] to specify a single positive class.
  warnings.warn(

2025-08-08 20:02:25,974:WARNING:/workspaces/TechCatalyst_DE_2025/pycaret_env/lib/python3.11/site-packages/sklearn/metrics/_classification.py:1561: UserWarning: Note that pos_label (set to 'Yes') is ignored when average != 'binary' (got 'weighted'). You may use labels=[pos_label] to specify a single positive class.
  warnings.warn(

2025-08-08 20:02:25,975:WARNING:/workspaces/TechCatalyst_DE_2025/pycaret_env/lib/python3.11/site-packages/sklearn/metrics/_classification.py:1561: UserWarning: Note that pos_label (set to 'Yes') is ignored when average != 'binary' (got 'weighted'). You may use labels=[pos_label] to specify a single positive class.
  warnings.warn(

2025-08-08 20:02:25,977:WARNING:/workspaces/TechCatalyst_DE_2025/pycaret_env/lib/python3.11/site-packages/sklearn/metrics/_classification.py:1509: UndefinedMetricWarning: Precision is ill-defined and being set to 0.0 in labels with no predicted samples. Use `zero_division` parameter to control this behavior.
  _warn_prf(average, modifier, f"{metric.capitalize()} is", len(result))

2025-08-08 20:02:25,980:WARNING:/workspaces/TechCatalyst_DE_2025/pycaret_env/lib/python3.11/site-packages/sklearn/metrics/_classification.py:1561: UserWarning: Note that pos_label (set to 'Yes') is ignored when average != 'binary' (got 'weighted'). You may use labels=[pos_label] to specify a single positive class.
  warnings.warn(

2025-08-08 20:02:25,981:WARNING:/workspaces/TechCatalyst_DE_2025/pycaret_env/lib/python3.11/site-packages/sklearn/metrics/_classification.py:1561: UserWarning: Note that pos_label (set to 'Yes') is ignored when average != 'binary' (got 'weighted'). You may use labels=[pos_label] to specify a single positive class.
  warnings.warn(

2025-08-08 20:02:25,984:WARNING:/workspaces/TechCatalyst_DE_2025/pycaret_env/lib/python3.11/site-packages/sklearn/metrics/_classification.py:1509: UndefinedMetricWarning: Precision is ill-defined and being set to 0.0 in labels with no predicted samples. Use `zero_division` parameter to control this behavior.
  _warn_prf(average, modifier, f"{metric.capitalize()} is", len(result))

2025-08-08 20:02:25,987:WARNING:/workspaces/TechCatalyst_DE_2025/pycaret_env/lib/python3.11/site-packages/sklearn/metrics/_classification.py:1561: UserWarning: Note that pos_label (set to 'Yes') is ignored when average != 'binary' (got 'weighted'). You may use labels=[pos_label] to specify a single positive class.
  warnings.warn(

2025-08-08 20:02:26,530:WARNING:/workspaces/TechCatalyst_DE_2025/pycaret_env/lib/python3.11/site-packages/sklearn/metrics/_classification.py:1561: UserWarning: Note that pos_label (set to 'Yes') is ignored when average != 'binary' (got 'weighted'). You may use labels=[pos_label] to specify a single positive class.
  warnings.warn(

2025-08-08 20:02:26,536:WARNING:/workspaces/TechCatalyst_DE_2025/pycaret_env/lib/python3.11/site-packages/sklearn/metrics/_classification.py:1561: UserWarning: Note that pos_label (set to 'Yes') is ignored when average != 'binary' (got 'weighted'). You may use labels=[pos_label] to specify a single positive class.
  warnings.warn(

2025-08-08 20:02:26,536:WARNING:/workspaces/TechCatalyst_DE_2025/pycaret_env/lib/python3.11/site-packages/sklearn/metrics/_classification.py:1561: UserWarning: Note that pos_label (set to 'Yes') is ignored when average != 'binary' (got 'weighted'). You may use labels=[pos_label] to specify a single positive class.
  warnings.warn(

2025-08-08 20:02:26,539:WARNING:/workspaces/TechCatalyst_DE_2025/pycaret_env/lib/python3.11/site-packages/sklearn/metrics/_classification.py:1509: UndefinedMetricWarning: Precision is ill-defined and being set to 0.0 in labels with no predicted samples. Use `zero_division` parameter to control this behavior.
  _warn_prf(average, modifier, f"{metric.capitalize()} is", len(result))

2025-08-08 20:02:26,542:WARNING:/workspaces/TechCatalyst_DE_2025/pycaret_env/lib/python3.11/site-packages/sklearn/metrics/_classification.py:1561: UserWarning: Note that pos_label (set to 'Yes') is ignored when average != 'binary' (got 'weighted'). You may use labels=[pos_label] to specify a single positive class.
  warnings.warn(

2025-08-08 20:02:26,542:WARNING:/workspaces/TechCatalyst_DE_2025/pycaret_env/lib/python3.11/site-packages/sklearn/metrics/_classification.py:1561: UserWarning: Note that pos_label (set to 'Yes') is ignored when average != 'binary' (got 'weighted'). You may use labels=[pos_label] to specify a single positive class.
  warnings.warn(

2025-08-08 20:02:26,555:WARNING:/workspaces/TechCatalyst_DE_2025/pycaret_env/lib/python3.11/site-packages/sklearn/metrics/_classification.py:1509: UndefinedMetricWarning: Precision is ill-defined and being set to 0.0 in labels with no predicted samples. Use `zero_division` parameter to control this behavior.
  _warn_prf(average, modifier, f"{metric.capitalize()} is", len(result))

2025-08-08 20:02:26,567:WARNING:/workspaces/TechCatalyst_DE_2025/pycaret_env/lib/python3.11/site-packages/sklearn/metrics/_classification.py:1561: UserWarning: Note that pos_label (set to 'Yes') is ignored when average != 'binary' (got 'weighted'). You may use labels=[pos_label] to specify a single positive class.
  warnings.warn(

2025-08-08 20:02:27,014:WARNING:/workspaces/TechCatalyst_DE_2025/pycaret_env/lib/python3.11/site-packages/sklearn/metrics/_classification.py:1561: UserWarning: Note that pos_label (set to 'Yes') is ignored when average != 'binary' (got 'weighted'). You may use labels=[pos_label] to specify a single positive class.
  warnings.warn(

2025-08-08 20:02:27,029:WARNING:/workspaces/TechCatalyst_DE_2025/pycaret_env/lib/python3.11/site-packages/sklearn/metrics/_classification.py:1561: UserWarning: Note that pos_label (set to 'Yes') is ignored when average != 'binary' (got 'weighted'). You may use labels=[pos_label] to specify a single positive class.
  warnings.warn(

2025-08-08 20:02:27,032:WARNING:/workspaces/TechCatalyst_DE_2025/pycaret_env/lib/python3.11/site-packages/sklearn/metrics/_classification.py:1509: UndefinedMetricWarning: Precision is ill-defined and being set to 0.0 in labels with no predicted samples. Use `zero_division` parameter to control this behavior.
  _warn_prf(average, modifier, f"{metric.capitalize()} is", len(result))

2025-08-08 20:02:27,035:WARNING:/workspaces/TechCatalyst_DE_2025/pycaret_env/lib/python3.11/site-packages/sklearn/metrics/_classification.py:1561: UserWarning: Note that pos_label (set to 'Yes') is ignored when average != 'binary' (got 'weighted'). You may use labels=[pos_label] to specify a single positive class.
  warnings.warn(

2025-08-08 20:02:27,047:WARNING:/workspaces/TechCatalyst_DE_2025/pycaret_env/lib/python3.11/site-packages/sklearn/metrics/_classification.py:1561: UserWarning: Note that pos_label (set to 'Yes') is ignored when average != 'binary' (got 'weighted'). You may use labels=[pos_label] to specify a single positive class.
  warnings.warn(

2025-08-08 20:02:27,053:WARNING:/workspaces/TechCatalyst_DE_2025/pycaret_env/lib/python3.11/site-packages/sklearn/metrics/_classification.py:1561: UserWarning: Note that pos_label (set to 'Yes') is ignored when average != 'binary' (got 'weighted'). You may use labels=[pos_label] to specify a single positive class.
  warnings.warn(

2025-08-08 20:02:27,057:WARNING:/workspaces/TechCatalyst_DE_2025/pycaret_env/lib/python3.11/site-packages/sklearn/metrics/_classification.py:1509: UndefinedMetricWarning: Precision is ill-defined and being set to 0.0 in labels with no predicted samples. Use `zero_division` parameter to control this behavior.
  _warn_prf(average, modifier, f"{metric.capitalize()} is", len(result))

2025-08-08 20:02:27,060:WARNING:/workspaces/TechCatalyst_DE_2025/pycaret_env/lib/python3.11/site-packages/sklearn/metrics/_classification.py:1561: UserWarning: Note that pos_label (set to 'Yes') is ignored when average != 'binary' (got 'weighted'). You may use labels=[pos_label] to specify a single positive class.
  warnings.warn(

2025-08-08 20:02:27,420:WARNING:/workspaces/TechCatalyst_DE_2025/pycaret_env/lib/python3.11/site-packages/sklearn/metrics/_classification.py:1561: UserWarning: Note that pos_label (set to 'Yes') is ignored when average != 'binary' (got 'weighted'). You may use labels=[pos_label] to specify a single positive class.
  warnings.warn(

2025-08-08 20:02:27,426:WARNING:/workspaces/TechCatalyst_DE_2025/pycaret_env/lib/python3.11/site-packages/sklearn/metrics/_classification.py:1561: UserWarning: Note that pos_label (set to 'Yes') is ignored when average != 'binary' (got 'weighted'). You may use labels=[pos_label] to specify a single positive class.
  warnings.warn(

2025-08-08 20:02:27,429:WARNING:/workspaces/TechCatalyst_DE_2025/pycaret_env/lib/python3.11/site-packages/sklearn/metrics/_classification.py:1509: UndefinedMetricWarning: Precision is ill-defined and being set to 0.0 in labels with no predicted samples. Use `zero_division` parameter to control this behavior.
  _warn_prf(average, modifier, f"{metric.capitalize()} is", len(result))

2025-08-08 20:02:27,433:WARNING:/workspaces/TechCatalyst_DE_2025/pycaret_env/lib/python3.11/site-packages/sklearn/metrics/_classification.py:1561: UserWarning: Note that pos_label (set to 'Yes') is ignored when average != 'binary' (got 'weighted'). You may use labels=[pos_label] to specify a single positive class.
  warnings.warn(

2025-08-08 20:02:27,447:WARNING:/workspaces/TechCatalyst_DE_2025/pycaret_env/lib/python3.11/site-packages/sklearn/metrics/_classification.py:1561: UserWarning: Note that pos_label (set to 'Yes') is ignored when average != 'binary' (got 'weighted'). You may use labels=[pos_label] to specify a single positive class.
  warnings.warn(

2025-08-08 20:02:27,451:WARNING:/workspaces/TechCatalyst_DE_2025/pycaret_env/lib/python3.11/site-packages/sklearn/metrics/_classification.py:1561: UserWarning: Note that pos_label (set to 'Yes') is ignored when average != 'binary' (got 'weighted'). You may use labels=[pos_label] to specify a single positive class.
  warnings.warn(

2025-08-08 20:02:27,453:WARNING:/workspaces/TechCatalyst_DE_2025/pycaret_env/lib/python3.11/site-packages/sklearn/metrics/_classification.py:1509: UndefinedMetricWarning: Precision is ill-defined and being set to 0.0 in labels with no predicted samples. Use `zero_division` parameter to control this behavior.
  _warn_prf(average, modifier, f"{metric.capitalize()} is", len(result))

2025-08-08 20:02:27,455:WARNING:/workspaces/TechCatalyst_DE_2025/pycaret_env/lib/python3.11/site-packages/sklearn/metrics/_classification.py:1561: UserWarning: Note that pos_label (set to 'Yes') is ignored when average != 'binary' (got 'weighted'). You may use labels=[pos_label] to specify a single positive class.
  warnings.warn(

2025-08-08 20:02:27,470:INFO:Calculating mean and std
2025-08-08 20:02:27,471:INFO:Creating metrics dataframe
2025-08-08 20:02:27,474:INFO:Uploading results into container
2025-08-08 20:02:27,474:INFO:Uploading model into container now
2025-08-08 20:02:27,477:INFO:_master_model_container: 3
2025-08-08 20:02:27,478:INFO:_display_container: 2
2025-08-08 20:02:27,478:INFO:GaussianNB(priors=None, var_smoothing=1e-09)
2025-08-08 20:02:27,478:INFO:create_model() successfully completed......................................
2025-08-08 20:02:27,658:INFO:SubProcess create_model() end ==================================
2025-08-08 20:02:27,658:INFO:Creating metrics dataframe
2025-08-08 20:02:27,663:INFO:Initializing Decision Tree Classifier
2025-08-08 20:02:27,664:INFO:Total runtime is 0.27345255613327024 minutes
2025-08-08 20:02:27,667:INFO:SubProcess create_model() called ==================================
2025-08-08 20:02:27,668:INFO:Initializing create_model()
2025-08-08 20:02:27,668:INFO:create_model(self=<pycaret.classification.oop.ClassificationExperiment object at 0x7bdce3e84050>, estimator=dt, fold=StratifiedKFold(n_splits=10, random_state=None, shuffle=False), round=4, cross_validation=True, predict=True, fit_kwargs={}, groups=None, refit=False, probability_threshold=None, experiment_custom_tags=None, verbose=False, system=False, add_to_model_list=True, metrics=None, display=<pycaret.internal.display.display.CommonDisplay object at 0x7bdcd07cc410>, model_only=True, return_train_score=False, error_score=0.0, kwargs={})
2025-08-08 20:02:27,668:INFO:Checking exceptions
2025-08-08 20:02:27,668:INFO:Importing libraries
2025-08-08 20:02:27,669:INFO:Copying training dataset
2025-08-08 20:02:27,674:INFO:Defining folds
2025-08-08 20:02:27,675:INFO:Declaring metric variables
2025-08-08 20:02:27,680:INFO:Importing untrained model
2025-08-08 20:02:27,685:INFO:Decision Tree Classifier Imported successfully
2025-08-08 20:02:27,691:INFO:Starting cross validation
2025-08-08 20:02:27,695:INFO:Cross validating with StratifiedKFold(n_splits=10, random_state=None, shuffle=False), n_jobs=-1
2025-08-08 20:02:28,147:WARNING:/workspaces/TechCatalyst_DE_2025/pycaret_env/lib/python3.11/site-packages/sklearn/metrics/_classification.py:1561: UserWarning: Note that pos_label (set to 'Yes') is ignored when average != 'binary' (got 'weighted'). You may use labels=[pos_label] to specify a single positive class.
  warnings.warn(

2025-08-08 20:02:28,153:WARNING:/workspaces/TechCatalyst_DE_2025/pycaret_env/lib/python3.11/site-packages/sklearn/metrics/_classification.py:1561: UserWarning: Note that pos_label (set to 'Yes') is ignored when average != 'binary' (got 'weighted'). You may use labels=[pos_label] to specify a single positive class.
  warnings.warn(

2025-08-08 20:02:28,156:WARNING:/workspaces/TechCatalyst_DE_2025/pycaret_env/lib/python3.11/site-packages/sklearn/metrics/_classification.py:1509: UndefinedMetricWarning: Precision is ill-defined and being set to 0.0 in labels with no predicted samples. Use `zero_division` parameter to control this behavior.
  _warn_prf(average, modifier, f"{metric.capitalize()} is", len(result))

2025-08-08 20:02:28,160:WARNING:/workspaces/TechCatalyst_DE_2025/pycaret_env/lib/python3.11/site-packages/sklearn/metrics/_classification.py:1561: UserWarning: Note that pos_label (set to 'Yes') is ignored when average != 'binary' (got 'weighted'). You may use labels=[pos_label] to specify a single positive class.
  warnings.warn(

2025-08-08 20:02:28,294:WARNING:/workspaces/TechCatalyst_DE_2025/pycaret_env/lib/python3.11/site-packages/sklearn/metrics/_classification.py:1561: UserWarning: Note that pos_label (set to 'Yes') is ignored when average != 'binary' (got 'weighted'). You may use labels=[pos_label] to specify a single positive class.
  warnings.warn(

2025-08-08 20:02:28,300:WARNING:/workspaces/TechCatalyst_DE_2025/pycaret_env/lib/python3.11/site-packages/sklearn/metrics/_classification.py:1561: UserWarning: Note that pos_label (set to 'Yes') is ignored when average != 'binary' (got 'weighted'). You may use labels=[pos_label] to specify a single positive class.
  warnings.warn(

2025-08-08 20:02:28,304:WARNING:/workspaces/TechCatalyst_DE_2025/pycaret_env/lib/python3.11/site-packages/sklearn/metrics/_classification.py:1509: UndefinedMetricWarning: Precision is ill-defined and being set to 0.0 in labels with no predicted samples. Use `zero_division` parameter to control this behavior.
  _warn_prf(average, modifier, f"{metric.capitalize()} is", len(result))

2025-08-08 20:02:28,307:WARNING:/workspaces/TechCatalyst_DE_2025/pycaret_env/lib/python3.11/site-packages/sklearn/metrics/_classification.py:1561: UserWarning: Note that pos_label (set to 'Yes') is ignored when average != 'binary' (got 'weighted'). You may use labels=[pos_label] to specify a single positive class.
  warnings.warn(

2025-08-08 20:02:28,615:WARNING:/workspaces/TechCatalyst_DE_2025/pycaret_env/lib/python3.11/site-packages/sklearn/metrics/_classification.py:1561: UserWarning: Note that pos_label (set to 'Yes') is ignored when average != 'binary' (got 'weighted'). You may use labels=[pos_label] to specify a single positive class.
  warnings.warn(

2025-08-08 20:02:28,621:WARNING:/workspaces/TechCatalyst_DE_2025/pycaret_env/lib/python3.11/site-packages/sklearn/metrics/_classification.py:1561: UserWarning: Note that pos_label (set to 'Yes') is ignored when average != 'binary' (got 'weighted'). You may use labels=[pos_label] to specify a single positive class.
  warnings.warn(

2025-08-08 20:02:28,625:WARNING:/workspaces/TechCatalyst_DE_2025/pycaret_env/lib/python3.11/site-packages/sklearn/metrics/_classification.py:1509: UndefinedMetricWarning: Precision is ill-defined and being set to 0.0 in labels with no predicted samples. Use `zero_division` parameter to control this behavior.
  _warn_prf(average, modifier, f"{metric.capitalize()} is", len(result))

2025-08-08 20:02:28,628:WARNING:/workspaces/TechCatalyst_DE_2025/pycaret_env/lib/python3.11/site-packages/sklearn/metrics/_classification.py:1561: UserWarning: Note that pos_label (set to 'Yes') is ignored when average != 'binary' (got 'weighted'). You may use labels=[pos_label] to specify a single positive class.
  warnings.warn(

2025-08-08 20:02:28,713:WARNING:/workspaces/TechCatalyst_DE_2025/pycaret_env/lib/python3.11/site-packages/sklearn/metrics/_classification.py:1561: UserWarning: Note that pos_label (set to 'Yes') is ignored when average != 'binary' (got 'weighted'). You may use labels=[pos_label] to specify a single positive class.
  warnings.warn(

2025-08-08 20:02:28,719:WARNING:/workspaces/TechCatalyst_DE_2025/pycaret_env/lib/python3.11/site-packages/sklearn/metrics/_classification.py:1561: UserWarning: Note that pos_label (set to 'Yes') is ignored when average != 'binary' (got 'weighted'). You may use labels=[pos_label] to specify a single positive class.
  warnings.warn(

2025-08-08 20:02:28,724:WARNING:/workspaces/TechCatalyst_DE_2025/pycaret_env/lib/python3.11/site-packages/sklearn/metrics/_classification.py:1509: UndefinedMetricWarning: Precision is ill-defined and being set to 0.0 in labels with no predicted samples. Use `zero_division` parameter to control this behavior.
  _warn_prf(average, modifier, f"{metric.capitalize()} is", len(result))

2025-08-08 20:02:28,728:WARNING:/workspaces/TechCatalyst_DE_2025/pycaret_env/lib/python3.11/site-packages/sklearn/metrics/_classification.py:1561: UserWarning: Note that pos_label (set to 'Yes') is ignored when average != 'binary' (got 'weighted'). You may use labels=[pos_label] to specify a single positive class.
  warnings.warn(

2025-08-08 20:02:29,090:WARNING:/workspaces/TechCatalyst_DE_2025/pycaret_env/lib/python3.11/site-packages/sklearn/metrics/_classification.py:1561: UserWarning: Note that pos_label (set to 'Yes') is ignored when average != 'binary' (got 'weighted'). You may use labels=[pos_label] to specify a single positive class.
  warnings.warn(

2025-08-08 20:02:29,097:WARNING:/workspaces/TechCatalyst_DE_2025/pycaret_env/lib/python3.11/site-packages/sklearn/metrics/_classification.py:1561: UserWarning: Note that pos_label (set to 'Yes') is ignored when average != 'binary' (got 'weighted'). You may use labels=[pos_label] to specify a single positive class.
  warnings.warn(

2025-08-08 20:02:29,106:WARNING:/workspaces/TechCatalyst_DE_2025/pycaret_env/lib/python3.11/site-packages/sklearn/metrics/_classification.py:1509: UndefinedMetricWarning: Precision is ill-defined and being set to 0.0 in labels with no predicted samples. Use `zero_division` parameter to control this behavior.
  _warn_prf(average, modifier, f"{metric.capitalize()} is", len(result))

2025-08-08 20:02:29,111:WARNING:/workspaces/TechCatalyst_DE_2025/pycaret_env/lib/python3.11/site-packages/sklearn/metrics/_classification.py:1561: UserWarning: Note that pos_label (set to 'Yes') is ignored when average != 'binary' (got 'weighted'). You may use labels=[pos_label] to specify a single positive class.
  warnings.warn(

2025-08-08 20:02:29,208:WARNING:/workspaces/TechCatalyst_DE_2025/pycaret_env/lib/python3.11/site-packages/sklearn/metrics/_classification.py:1561: UserWarning: Note that pos_label (set to 'Yes') is ignored when average != 'binary' (got 'weighted'). You may use labels=[pos_label] to specify a single positive class.
  warnings.warn(

2025-08-08 20:02:29,214:WARNING:/workspaces/TechCatalyst_DE_2025/pycaret_env/lib/python3.11/site-packages/sklearn/metrics/_classification.py:1561: UserWarning: Note that pos_label (set to 'Yes') is ignored when average != 'binary' (got 'weighted'). You may use labels=[pos_label] to specify a single positive class.
  warnings.warn(

2025-08-08 20:02:29,217:WARNING:/workspaces/TechCatalyst_DE_2025/pycaret_env/lib/python3.11/site-packages/sklearn/metrics/_classification.py:1509: UndefinedMetricWarning: Precision is ill-defined and being set to 0.0 in labels with no predicted samples. Use `zero_division` parameter to control this behavior.
  _warn_prf(average, modifier, f"{metric.capitalize()} is", len(result))

2025-08-08 20:02:29,220:WARNING:/workspaces/TechCatalyst_DE_2025/pycaret_env/lib/python3.11/site-packages/sklearn/metrics/_classification.py:1561: UserWarning: Note that pos_label (set to 'Yes') is ignored when average != 'binary' (got 'weighted'). You may use labels=[pos_label] to specify a single positive class.
  warnings.warn(

2025-08-08 20:02:29,589:WARNING:/workspaces/TechCatalyst_DE_2025/pycaret_env/lib/python3.11/site-packages/sklearn/metrics/_classification.py:1561: UserWarning: Note that pos_label (set to 'Yes') is ignored when average != 'binary' (got 'weighted'). You may use labels=[pos_label] to specify a single positive class.
  warnings.warn(

2025-08-08 20:02:29,595:WARNING:/workspaces/TechCatalyst_DE_2025/pycaret_env/lib/python3.11/site-packages/sklearn/metrics/_classification.py:1561: UserWarning: Note that pos_label (set to 'Yes') is ignored when average != 'binary' (got 'weighted'). You may use labels=[pos_label] to specify a single positive class.
  warnings.warn(

2025-08-08 20:02:29,599:WARNING:/workspaces/TechCatalyst_DE_2025/pycaret_env/lib/python3.11/site-packages/sklearn/metrics/_classification.py:1509: UndefinedMetricWarning: Precision is ill-defined and being set to 0.0 in labels with no predicted samples. Use `zero_division` parameter to control this behavior.
  _warn_prf(average, modifier, f"{metric.capitalize()} is", len(result))

2025-08-08 20:02:29,602:WARNING:/workspaces/TechCatalyst_DE_2025/pycaret_env/lib/python3.11/site-packages/sklearn/metrics/_classification.py:1561: UserWarning: Note that pos_label (set to 'Yes') is ignored when average != 'binary' (got 'weighted'). You may use labels=[pos_label] to specify a single positive class.
  warnings.warn(

2025-08-08 20:02:29,678:WARNING:/workspaces/TechCatalyst_DE_2025/pycaret_env/lib/python3.11/site-packages/sklearn/metrics/_classification.py:1561: UserWarning: Note that pos_label (set to 'Yes') is ignored when average != 'binary' (got 'weighted'). You may use labels=[pos_label] to specify a single positive class.
  warnings.warn(

2025-08-08 20:02:29,684:WARNING:/workspaces/TechCatalyst_DE_2025/pycaret_env/lib/python3.11/site-packages/sklearn/metrics/_classification.py:1561: UserWarning: Note that pos_label (set to 'Yes') is ignored when average != 'binary' (got 'weighted'). You may use labels=[pos_label] to specify a single positive class.
  warnings.warn(

2025-08-08 20:02:29,687:WARNING:/workspaces/TechCatalyst_DE_2025/pycaret_env/lib/python3.11/site-packages/sklearn/metrics/_classification.py:1509: UndefinedMetricWarning: Precision is ill-defined and being set to 0.0 in labels with no predicted samples. Use `zero_division` parameter to control this behavior.
  _warn_prf(average, modifier, f"{metric.capitalize()} is", len(result))

2025-08-08 20:02:29,690:WARNING:/workspaces/TechCatalyst_DE_2025/pycaret_env/lib/python3.11/site-packages/sklearn/metrics/_classification.py:1561: UserWarning: Note that pos_label (set to 'Yes') is ignored when average != 'binary' (got 'weighted'). You may use labels=[pos_label] to specify a single positive class.
  warnings.warn(

2025-08-08 20:02:30,038:WARNING:/workspaces/TechCatalyst_DE_2025/pycaret_env/lib/python3.11/site-packages/sklearn/metrics/_classification.py:1561: UserWarning: Note that pos_label (set to 'Yes') is ignored when average != 'binary' (got 'weighted'). You may use labels=[pos_label] to specify a single positive class.
  warnings.warn(

2025-08-08 20:02:30,044:WARNING:/workspaces/TechCatalyst_DE_2025/pycaret_env/lib/python3.11/site-packages/sklearn/metrics/_classification.py:1561: UserWarning: Note that pos_label (set to 'Yes') is ignored when average != 'binary' (got 'weighted'). You may use labels=[pos_label] to specify a single positive class.
  warnings.warn(

2025-08-08 20:02:30,051:WARNING:/workspaces/TechCatalyst_DE_2025/pycaret_env/lib/python3.11/site-packages/sklearn/metrics/_classification.py:1509: UndefinedMetricWarning: Precision is ill-defined and being set to 0.0 in labels with no predicted samples. Use `zero_division` parameter to control this behavior.
  _warn_prf(average, modifier, f"{metric.capitalize()} is", len(result))

2025-08-08 20:02:30,056:WARNING:/workspaces/TechCatalyst_DE_2025/pycaret_env/lib/python3.11/site-packages/sklearn/metrics/_classification.py:1561: UserWarning: Note that pos_label (set to 'Yes') is ignored when average != 'binary' (got 'weighted'). You may use labels=[pos_label] to specify a single positive class.
  warnings.warn(

2025-08-08 20:02:30,059:WARNING:/workspaces/TechCatalyst_DE_2025/pycaret_env/lib/python3.11/site-packages/sklearn/metrics/_classification.py:1561: UserWarning: Note that pos_label (set to 'Yes') is ignored when average != 'binary' (got 'weighted'). You may use labels=[pos_label] to specify a single positive class.
  warnings.warn(

2025-08-08 20:02:30,065:WARNING:/workspaces/TechCatalyst_DE_2025/pycaret_env/lib/python3.11/site-packages/sklearn/metrics/_classification.py:1561: UserWarning: Note that pos_label (set to 'Yes') is ignored when average != 'binary' (got 'weighted'). You may use labels=[pos_label] to specify a single positive class.
  warnings.warn(

2025-08-08 20:02:30,069:WARNING:/workspaces/TechCatalyst_DE_2025/pycaret_env/lib/python3.11/site-packages/sklearn/metrics/_classification.py:1509: UndefinedMetricWarning: Precision is ill-defined and being set to 0.0 in labels with no predicted samples. Use `zero_division` parameter to control this behavior.
  _warn_prf(average, modifier, f"{metric.capitalize()} is", len(result))

2025-08-08 20:02:30,071:WARNING:/workspaces/TechCatalyst_DE_2025/pycaret_env/lib/python3.11/site-packages/sklearn/metrics/_classification.py:1561: UserWarning: Note that pos_label (set to 'Yes') is ignored when average != 'binary' (got 'weighted'). You may use labels=[pos_label] to specify a single positive class.
  warnings.warn(

2025-08-08 20:02:30,085:INFO:Calculating mean and std
2025-08-08 20:02:30,086:INFO:Creating metrics dataframe
2025-08-08 20:02:30,090:INFO:Uploading results into container
2025-08-08 20:02:30,090:INFO:Uploading model into container now
2025-08-08 20:02:30,091:INFO:_master_model_container: 4
2025-08-08 20:02:30,091:INFO:_display_container: 2
2025-08-08 20:02:30,091:INFO:DecisionTreeClassifier(ccp_alpha=0.0, class_weight=None, criterion='gini',
                       max_depth=None, max_features=None, max_leaf_nodes=None,
                       min_impurity_decrease=0.0, min_samples_leaf=1,
                       min_samples_split=2, min_weight_fraction_leaf=0.0,
                       monotonic_cst=None, random_state=42, splitter='best')
2025-08-08 20:02:30,091:INFO:create_model() successfully completed......................................
2025-08-08 20:02:30,284:INFO:SubProcess create_model() end ==================================
2025-08-08 20:02:30,285:INFO:Creating metrics dataframe
2025-08-08 20:02:30,292:INFO:Initializing SVM - Linear Kernel
2025-08-08 20:02:30,292:INFO:Total runtime is 0.31725867986679074 minutes
2025-08-08 20:02:30,295:INFO:SubProcess create_model() called ==================================
2025-08-08 20:02:30,295:INFO:Initializing create_model()
2025-08-08 20:02:30,296:INFO:create_model(self=<pycaret.classification.oop.ClassificationExperiment object at 0x7bdce3e84050>, estimator=svm, fold=StratifiedKFold(n_splits=10, random_state=None, shuffle=False), round=4, cross_validation=True, predict=True, fit_kwargs={}, groups=None, refit=False, probability_threshold=None, experiment_custom_tags=None, verbose=False, system=False, add_to_model_list=True, metrics=None, display=<pycaret.internal.display.display.CommonDisplay object at 0x7bdcd07cc410>, model_only=True, return_train_score=False, error_score=0.0, kwargs={})
2025-08-08 20:02:30,296:INFO:Checking exceptions
2025-08-08 20:02:30,296:INFO:Importing libraries
2025-08-08 20:02:30,296:INFO:Copying training dataset
2025-08-08 20:02:30,303:INFO:Defining folds
2025-08-08 20:02:30,304:INFO:Declaring metric variables
2025-08-08 20:02:30,307:INFO:Importing untrained model
2025-08-08 20:02:30,311:INFO:SVM - Linear Kernel Imported successfully
2025-08-08 20:02:30,317:INFO:Starting cross validation
2025-08-08 20:02:30,321:INFO:Cross validating with StratifiedKFold(n_splits=10, random_state=None, shuffle=False), n_jobs=-1
2025-08-08 20:02:30,836:WARNING:/workspaces/TechCatalyst_DE_2025/pycaret_env/lib/python3.11/site-packages/sklearn/metrics/_classification.py:1561: UserWarning: Note that pos_label (set to 'Yes') is ignored when average != 'binary' (got 'weighted'). You may use labels=[pos_label] to specify a single positive class.
  warnings.warn(

2025-08-08 20:02:30,843:WARNING:/workspaces/TechCatalyst_DE_2025/pycaret_env/lib/python3.11/site-packages/sklearn/metrics/_classification.py:1561: UserWarning: Note that pos_label (set to 'Yes') is ignored when average != 'binary' (got 'weighted'). You may use labels=[pos_label] to specify a single positive class.
  warnings.warn(

2025-08-08 20:02:30,855:WARNING:/workspaces/TechCatalyst_DE_2025/pycaret_env/lib/python3.11/site-packages/sklearn/metrics/_classification.py:1561: UserWarning: Note that pos_label (set to 'Yes') is ignored when average != 'binary' (got 'weighted'). You may use labels=[pos_label] to specify a single positive class.
  warnings.warn(

2025-08-08 20:02:30,900:WARNING:/workspaces/TechCatalyst_DE_2025/pycaret_env/lib/python3.11/site-packages/sklearn/metrics/_classification.py:1561: UserWarning: Note that pos_label (set to 'Yes') is ignored when average != 'binary' (got 'weighted'). You may use labels=[pos_label] to specify a single positive class.
  warnings.warn(

2025-08-08 20:02:30,906:WARNING:/workspaces/TechCatalyst_DE_2025/pycaret_env/lib/python3.11/site-packages/sklearn/metrics/_classification.py:1561: UserWarning: Note that pos_label (set to 'Yes') is ignored when average != 'binary' (got 'weighted'). You may use labels=[pos_label] to specify a single positive class.
  warnings.warn(

2025-08-08 20:02:30,912:WARNING:/workspaces/TechCatalyst_DE_2025/pycaret_env/lib/python3.11/site-packages/sklearn/metrics/_classification.py:1561: UserWarning: Note that pos_label (set to 'Yes') is ignored when average != 'binary' (got 'weighted'). You may use labels=[pos_label] to specify a single positive class.
  warnings.warn(

2025-08-08 20:02:31,413:WARNING:/workspaces/TechCatalyst_DE_2025/pycaret_env/lib/python3.11/site-packages/sklearn/metrics/_classification.py:1561: UserWarning: Note that pos_label (set to 'Yes') is ignored when average != 'binary' (got 'weighted'). You may use labels=[pos_label] to specify a single positive class.
  warnings.warn(

2025-08-08 20:02:31,420:WARNING:/workspaces/TechCatalyst_DE_2025/pycaret_env/lib/python3.11/site-packages/sklearn/metrics/_classification.py:1561: UserWarning: Note that pos_label (set to 'Yes') is ignored when average != 'binary' (got 'weighted'). You may use labels=[pos_label] to specify a single positive class.
  warnings.warn(

2025-08-08 20:02:31,427:WARNING:/workspaces/TechCatalyst_DE_2025/pycaret_env/lib/python3.11/site-packages/sklearn/metrics/_classification.py:1561: UserWarning: Note that pos_label (set to 'Yes') is ignored when average != 'binary' (got 'weighted'). You may use labels=[pos_label] to specify a single positive class.
  warnings.warn(

2025-08-08 20:02:31,526:WARNING:/workspaces/TechCatalyst_DE_2025/pycaret_env/lib/python3.11/site-packages/sklearn/metrics/_classification.py:1561: UserWarning: Note that pos_label (set to 'Yes') is ignored when average != 'binary' (got 'weighted'). You may use labels=[pos_label] to specify a single positive class.
  warnings.warn(

2025-08-08 20:02:31,553:WARNING:/workspaces/TechCatalyst_DE_2025/pycaret_env/lib/python3.11/site-packages/sklearn/metrics/_classification.py:1561: UserWarning: Note that pos_label (set to 'Yes') is ignored when average != 'binary' (got 'weighted'). You may use labels=[pos_label] to specify a single positive class.
  warnings.warn(

2025-08-08 20:02:31,575:WARNING:/workspaces/TechCatalyst_DE_2025/pycaret_env/lib/python3.11/site-packages/sklearn/metrics/_classification.py:1561: UserWarning: Note that pos_label (set to 'Yes') is ignored when average != 'binary' (got 'weighted'). You may use labels=[pos_label] to specify a single positive class.
  warnings.warn(

2025-08-08 20:02:32,078:WARNING:/workspaces/TechCatalyst_DE_2025/pycaret_env/lib/python3.11/site-packages/sklearn/metrics/_classification.py:1561: UserWarning: Note that pos_label (set to 'Yes') is ignored when average != 'binary' (got 'weighted'). You may use labels=[pos_label] to specify a single positive class.
  warnings.warn(

2025-08-08 20:02:32,084:WARNING:/workspaces/TechCatalyst_DE_2025/pycaret_env/lib/python3.11/site-packages/sklearn/metrics/_classification.py:1561: UserWarning: Note that pos_label (set to 'Yes') is ignored when average != 'binary' (got 'weighted'). You may use labels=[pos_label] to specify a single positive class.
  warnings.warn(

2025-08-08 20:02:32,090:WARNING:/workspaces/TechCatalyst_DE_2025/pycaret_env/lib/python3.11/site-packages/sklearn/metrics/_classification.py:1561: UserWarning: Note that pos_label (set to 'Yes') is ignored when average != 'binary' (got 'weighted'). You may use labels=[pos_label] to specify a single positive class.
  warnings.warn(

2025-08-08 20:02:32,183:WARNING:/workspaces/TechCatalyst_DE_2025/pycaret_env/lib/python3.11/site-packages/sklearn/metrics/_classification.py:1561: UserWarning: Note that pos_label (set to 'Yes') is ignored when average != 'binary' (got 'weighted'). You may use labels=[pos_label] to specify a single positive class.
  warnings.warn(

2025-08-08 20:02:32,189:WARNING:/workspaces/TechCatalyst_DE_2025/pycaret_env/lib/python3.11/site-packages/sklearn/metrics/_classification.py:1561: UserWarning: Note that pos_label (set to 'Yes') is ignored when average != 'binary' (got 'weighted'). You may use labels=[pos_label] to specify a single positive class.
  warnings.warn(

2025-08-08 20:02:32,196:WARNING:/workspaces/TechCatalyst_DE_2025/pycaret_env/lib/python3.11/site-packages/sklearn/metrics/_classification.py:1561: UserWarning: Note that pos_label (set to 'Yes') is ignored when average != 'binary' (got 'weighted'). You may use labels=[pos_label] to specify a single positive class.
  warnings.warn(

2025-08-08 20:02:32,560:WARNING:/workspaces/TechCatalyst_DE_2025/pycaret_env/lib/python3.11/site-packages/sklearn/metrics/_classification.py:1561: UserWarning: Note that pos_label (set to 'Yes') is ignored when average != 'binary' (got 'weighted'). You may use labels=[pos_label] to specify a single positive class.
  warnings.warn(

2025-08-08 20:02:32,566:WARNING:/workspaces/TechCatalyst_DE_2025/pycaret_env/lib/python3.11/site-packages/sklearn/metrics/_classification.py:1561: UserWarning: Note that pos_label (set to 'Yes') is ignored when average != 'binary' (got 'weighted'). You may use labels=[pos_label] to specify a single positive class.
  warnings.warn(

2025-08-08 20:02:32,573:WARNING:/workspaces/TechCatalyst_DE_2025/pycaret_env/lib/python3.11/site-packages/sklearn/metrics/_classification.py:1561: UserWarning: Note that pos_label (set to 'Yes') is ignored when average != 'binary' (got 'weighted'). You may use labels=[pos_label] to specify a single positive class.
  warnings.warn(

2025-08-08 20:02:32,665:WARNING:/workspaces/TechCatalyst_DE_2025/pycaret_env/lib/python3.11/site-packages/sklearn/metrics/_classification.py:1561: UserWarning: Note that pos_label (set to 'Yes') is ignored when average != 'binary' (got 'weighted'). You may use labels=[pos_label] to specify a single positive class.
  warnings.warn(

2025-08-08 20:02:32,671:WARNING:/workspaces/TechCatalyst_DE_2025/pycaret_env/lib/python3.11/site-packages/sklearn/metrics/_classification.py:1561: UserWarning: Note that pos_label (set to 'Yes') is ignored when average != 'binary' (got 'weighted'). You may use labels=[pos_label] to specify a single positive class.
  warnings.warn(

2025-08-08 20:02:32,678:WARNING:/workspaces/TechCatalyst_DE_2025/pycaret_env/lib/python3.11/site-packages/sklearn/metrics/_classification.py:1561: UserWarning: Note that pos_label (set to 'Yes') is ignored when average != 'binary' (got 'weighted'). You may use labels=[pos_label] to specify a single positive class.
  warnings.warn(

2025-08-08 20:02:33,036:WARNING:/workspaces/TechCatalyst_DE_2025/pycaret_env/lib/python3.11/site-packages/sklearn/metrics/_classification.py:1561: UserWarning: Note that pos_label (set to 'Yes') is ignored when average != 'binary' (got 'weighted'). You may use labels=[pos_label] to specify a single positive class.
  warnings.warn(

2025-08-08 20:02:33,043:WARNING:/workspaces/TechCatalyst_DE_2025/pycaret_env/lib/python3.11/site-packages/sklearn/metrics/_classification.py:1561: UserWarning: Note that pos_label (set to 'Yes') is ignored when average != 'binary' (got 'weighted'). You may use labels=[pos_label] to specify a single positive class.
  warnings.warn(

2025-08-08 20:02:33,050:WARNING:/workspaces/TechCatalyst_DE_2025/pycaret_env/lib/python3.11/site-packages/sklearn/metrics/_classification.py:1561: UserWarning: Note that pos_label (set to 'Yes') is ignored when average != 'binary' (got 'weighted'). You may use labels=[pos_label] to specify a single positive class.
  warnings.warn(

2025-08-08 20:02:33,097:WARNING:/workspaces/TechCatalyst_DE_2025/pycaret_env/lib/python3.11/site-packages/sklearn/metrics/_classification.py:1561: UserWarning: Note that pos_label (set to 'Yes') is ignored when average != 'binary' (got 'weighted'). You may use labels=[pos_label] to specify a single positive class.
  warnings.warn(

2025-08-08 20:02:33,101:WARNING:/workspaces/TechCatalyst_DE_2025/pycaret_env/lib/python3.11/site-packages/sklearn/metrics/_classification.py:1561: UserWarning: Note that pos_label (set to 'Yes') is ignored when average != 'binary' (got 'weighted'). You may use labels=[pos_label] to specify a single positive class.
  warnings.warn(

2025-08-08 20:02:33,105:WARNING:/workspaces/TechCatalyst_DE_2025/pycaret_env/lib/python3.11/site-packages/sklearn/metrics/_classification.py:1561: UserWarning: Note that pos_label (set to 'Yes') is ignored when average != 'binary' (got 'weighted'). You may use labels=[pos_label] to specify a single positive class.
  warnings.warn(

2025-08-08 20:02:33,115:INFO:Calculating mean and std
2025-08-08 20:02:33,117:INFO:Creating metrics dataframe
2025-08-08 20:02:33,120:INFO:Uploading results into container
2025-08-08 20:02:33,120:INFO:Uploading model into container now
2025-08-08 20:02:33,121:INFO:_master_model_container: 5
2025-08-08 20:02:33,121:INFO:_display_container: 2
2025-08-08 20:02:33,122:INFO:SGDClassifier(alpha=0.0001, average=False, class_weight=None,
              early_stopping=False, epsilon=0.1, eta0=0.001, fit_intercept=True,
              l1_ratio=0.15, learning_rate='optimal', loss='hinge',
              max_iter=1000, n_iter_no_change=5, n_jobs=-1, penalty='l2',
              power_t=0.5, random_state=42, shuffle=True, tol=0.001,
              validation_fraction=0.1, verbose=0, warm_start=False)
2025-08-08 20:02:33,122:INFO:create_model() successfully completed......................................
2025-08-08 20:02:33,308:INFO:SubProcess create_model() end ==================================
2025-08-08 20:02:33,308:INFO:Creating metrics dataframe
2025-08-08 20:02:33,316:INFO:Initializing Ridge Classifier
2025-08-08 20:02:33,316:INFO:Total runtime is 0.36765359242757156 minutes
2025-08-08 20:02:33,319:INFO:SubProcess create_model() called ==================================
2025-08-08 20:02:33,319:INFO:Initializing create_model()
2025-08-08 20:02:33,319:INFO:create_model(self=<pycaret.classification.oop.ClassificationExperiment object at 0x7bdce3e84050>, estimator=ridge, fold=StratifiedKFold(n_splits=10, random_state=None, shuffle=False), round=4, cross_validation=True, predict=True, fit_kwargs={}, groups=None, refit=False, probability_threshold=None, experiment_custom_tags=None, verbose=False, system=False, add_to_model_list=True, metrics=None, display=<pycaret.internal.display.display.CommonDisplay object at 0x7bdcd07cc410>, model_only=True, return_train_score=False, error_score=0.0, kwargs={})
2025-08-08 20:02:33,319:INFO:Checking exceptions
2025-08-08 20:02:33,319:INFO:Importing libraries
2025-08-08 20:02:33,319:INFO:Copying training dataset
2025-08-08 20:02:33,327:INFO:Defining folds
2025-08-08 20:02:33,327:INFO:Declaring metric variables
2025-08-08 20:02:33,330:INFO:Importing untrained model
2025-08-08 20:02:33,334:INFO:Ridge Classifier Imported successfully
2025-08-08 20:02:33,341:INFO:Starting cross validation
2025-08-08 20:02:33,344:INFO:Cross validating with StratifiedKFold(n_splits=10, random_state=None, shuffle=False), n_jobs=-1
2025-08-08 20:02:33,892:WARNING:/workspaces/TechCatalyst_DE_2025/pycaret_env/lib/python3.11/site-packages/sklearn/metrics/_classification.py:1561: UserWarning: Note that pos_label (set to 'Yes') is ignored when average != 'binary' (got 'weighted'). You may use labels=[pos_label] to specify a single positive class.
  warnings.warn(

2025-08-08 20:02:33,899:WARNING:/workspaces/TechCatalyst_DE_2025/pycaret_env/lib/python3.11/site-packages/sklearn/metrics/_classification.py:1561: UserWarning: Note that pos_label (set to 'Yes') is ignored when average != 'binary' (got 'weighted'). You may use labels=[pos_label] to specify a single positive class.
  warnings.warn(

2025-08-08 20:02:33,905:WARNING:/workspaces/TechCatalyst_DE_2025/pycaret_env/lib/python3.11/site-packages/sklearn/metrics/_classification.py:1561: UserWarning: Note that pos_label (set to 'Yes') is ignored when average != 'binary' (got 'weighted'). You may use labels=[pos_label] to specify a single positive class.
  warnings.warn(

2025-08-08 20:02:33,909:WARNING:/workspaces/TechCatalyst_DE_2025/pycaret_env/lib/python3.11/site-packages/sklearn/metrics/_classification.py:1561: UserWarning: Note that pos_label (set to 'Yes') is ignored when average != 'binary' (got 'weighted'). You may use labels=[pos_label] to specify a single positive class.
  warnings.warn(

2025-08-08 20:02:33,916:WARNING:/workspaces/TechCatalyst_DE_2025/pycaret_env/lib/python3.11/site-packages/sklearn/metrics/_classification.py:1561: UserWarning: Note that pos_label (set to 'Yes') is ignored when average != 'binary' (got 'weighted'). You may use labels=[pos_label] to specify a single positive class.
  warnings.warn(

2025-08-08 20:02:33,925:WARNING:/workspaces/TechCatalyst_DE_2025/pycaret_env/lib/python3.11/site-packages/sklearn/metrics/_classification.py:1561: UserWarning: Note that pos_label (set to 'Yes') is ignored when average != 'binary' (got 'weighted'). You may use labels=[pos_label] to specify a single positive class.
  warnings.warn(

2025-08-08 20:02:34,344:WARNING:/workspaces/TechCatalyst_DE_2025/pycaret_env/lib/python3.11/site-packages/sklearn/metrics/_classification.py:1561: UserWarning: Note that pos_label (set to 'Yes') is ignored when average != 'binary' (got 'weighted'). You may use labels=[pos_label] to specify a single positive class.
  warnings.warn(

2025-08-08 20:02:34,351:WARNING:/workspaces/TechCatalyst_DE_2025/pycaret_env/lib/python3.11/site-packages/sklearn/metrics/_classification.py:1561: UserWarning: Note that pos_label (set to 'Yes') is ignored when average != 'binary' (got 'weighted'). You may use labels=[pos_label] to specify a single positive class.
  warnings.warn(

2025-08-08 20:02:34,357:WARNING:/workspaces/TechCatalyst_DE_2025/pycaret_env/lib/python3.11/site-packages/sklearn/metrics/_classification.py:1561: UserWarning: Note that pos_label (set to 'Yes') is ignored when average != 'binary' (got 'weighted'). You may use labels=[pos_label] to specify a single positive class.
  warnings.warn(

2025-08-08 20:02:34,395:WARNING:/workspaces/TechCatalyst_DE_2025/pycaret_env/lib/python3.11/site-packages/sklearn/metrics/_classification.py:1561: UserWarning: Note that pos_label (set to 'Yes') is ignored when average != 'binary' (got 'weighted'). You may use labels=[pos_label] to specify a single positive class.
  warnings.warn(

2025-08-08 20:02:34,401:WARNING:/workspaces/TechCatalyst_DE_2025/pycaret_env/lib/python3.11/site-packages/sklearn/metrics/_classification.py:1561: UserWarning: Note that pos_label (set to 'Yes') is ignored when average != 'binary' (got 'weighted'). You may use labels=[pos_label] to specify a single positive class.
  warnings.warn(

2025-08-08 20:02:34,407:WARNING:/workspaces/TechCatalyst_DE_2025/pycaret_env/lib/python3.11/site-packages/sklearn/metrics/_classification.py:1561: UserWarning: Note that pos_label (set to 'Yes') is ignored when average != 'binary' (got 'weighted'). You may use labels=[pos_label] to specify a single positive class.
  warnings.warn(

2025-08-08 20:02:34,761:WARNING:/workspaces/TechCatalyst_DE_2025/pycaret_env/lib/python3.11/site-packages/sklearn/metrics/_classification.py:1561: UserWarning: Note that pos_label (set to 'Yes') is ignored when average != 'binary' (got 'weighted'). You may use labels=[pos_label] to specify a single positive class.
  warnings.warn(

2025-08-08 20:02:34,769:WARNING:/workspaces/TechCatalyst_DE_2025/pycaret_env/lib/python3.11/site-packages/sklearn/metrics/_classification.py:1561: UserWarning: Note that pos_label (set to 'Yes') is ignored when average != 'binary' (got 'weighted'). You may use labels=[pos_label] to specify a single positive class.
  warnings.warn(

2025-08-08 20:02:34,776:WARNING:/workspaces/TechCatalyst_DE_2025/pycaret_env/lib/python3.11/site-packages/sklearn/metrics/_classification.py:1561: UserWarning: Note that pos_label (set to 'Yes') is ignored when average != 'binary' (got 'weighted'). You may use labels=[pos_label] to specify a single positive class.
  warnings.warn(

2025-08-08 20:02:34,806:WARNING:/workspaces/TechCatalyst_DE_2025/pycaret_env/lib/python3.11/site-packages/sklearn/metrics/_classification.py:1561: UserWarning: Note that pos_label (set to 'Yes') is ignored when average != 'binary' (got 'weighted'). You may use labels=[pos_label] to specify a single positive class.
  warnings.warn(

2025-08-08 20:02:34,812:WARNING:/workspaces/TechCatalyst_DE_2025/pycaret_env/lib/python3.11/site-packages/sklearn/metrics/_classification.py:1561: UserWarning: Note that pos_label (set to 'Yes') is ignored when average != 'binary' (got 'weighted'). You may use labels=[pos_label] to specify a single positive class.
  warnings.warn(

2025-08-08 20:02:34,826:WARNING:/workspaces/TechCatalyst_DE_2025/pycaret_env/lib/python3.11/site-packages/sklearn/metrics/_classification.py:1561: UserWarning: Note that pos_label (set to 'Yes') is ignored when average != 'binary' (got 'weighted'). You may use labels=[pos_label] to specify a single positive class.
  warnings.warn(

2025-08-08 20:02:35,163:WARNING:/workspaces/TechCatalyst_DE_2025/pycaret_env/lib/python3.11/site-packages/sklearn/metrics/_classification.py:1561: UserWarning: Note that pos_label (set to 'Yes') is ignored when average != 'binary' (got 'weighted'). You may use labels=[pos_label] to specify a single positive class.
  warnings.warn(

2025-08-08 20:02:35,169:WARNING:/workspaces/TechCatalyst_DE_2025/pycaret_env/lib/python3.11/site-packages/sklearn/metrics/_classification.py:1561: UserWarning: Note that pos_label (set to 'Yes') is ignored when average != 'binary' (got 'weighted'). You may use labels=[pos_label] to specify a single positive class.
  warnings.warn(

2025-08-08 20:02:35,177:WARNING:/workspaces/TechCatalyst_DE_2025/pycaret_env/lib/python3.11/site-packages/sklearn/metrics/_classification.py:1561: UserWarning: Note that pos_label (set to 'Yes') is ignored when average != 'binary' (got 'weighted'). You may use labels=[pos_label] to specify a single positive class.
  warnings.warn(

2025-08-08 20:02:35,252:WARNING:/workspaces/TechCatalyst_DE_2025/pycaret_env/lib/python3.11/site-packages/sklearn/metrics/_classification.py:1561: UserWarning: Note that pos_label (set to 'Yes') is ignored when average != 'binary' (got 'weighted'). You may use labels=[pos_label] to specify a single positive class.
  warnings.warn(

2025-08-08 20:02:35,262:WARNING:/workspaces/TechCatalyst_DE_2025/pycaret_env/lib/python3.11/site-packages/sklearn/metrics/_classification.py:1561: UserWarning: Note that pos_label (set to 'Yes') is ignored when average != 'binary' (got 'weighted'). You may use labels=[pos_label] to specify a single positive class.
  warnings.warn(

2025-08-08 20:02:35,268:WARNING:/workspaces/TechCatalyst_DE_2025/pycaret_env/lib/python3.11/site-packages/sklearn/metrics/_classification.py:1561: UserWarning: Note that pos_label (set to 'Yes') is ignored when average != 'binary' (got 'weighted'). You may use labels=[pos_label] to specify a single positive class.
  warnings.warn(

2025-08-08 20:02:35,603:WARNING:/workspaces/TechCatalyst_DE_2025/pycaret_env/lib/python3.11/site-packages/sklearn/metrics/_classification.py:1561: UserWarning: Note that pos_label (set to 'Yes') is ignored when average != 'binary' (got 'weighted'). You may use labels=[pos_label] to specify a single positive class.
  warnings.warn(

2025-08-08 20:02:35,615:WARNING:/workspaces/TechCatalyst_DE_2025/pycaret_env/lib/python3.11/site-packages/sklearn/metrics/_classification.py:1561: UserWarning: Note that pos_label (set to 'Yes') is ignored when average != 'binary' (got 'weighted'). You may use labels=[pos_label] to specify a single positive class.
  warnings.warn(

2025-08-08 20:02:35,639:WARNING:/workspaces/TechCatalyst_DE_2025/pycaret_env/lib/python3.11/site-packages/sklearn/metrics/_classification.py:1561: UserWarning: Note that pos_label (set to 'Yes') is ignored when average != 'binary' (got 'weighted'). You may use labels=[pos_label] to specify a single positive class.
  warnings.warn(

2025-08-08 20:02:35,680:WARNING:/workspaces/TechCatalyst_DE_2025/pycaret_env/lib/python3.11/site-packages/sklearn/metrics/_classification.py:1561: UserWarning: Note that pos_label (set to 'Yes') is ignored when average != 'binary' (got 'weighted'). You may use labels=[pos_label] to specify a single positive class.
  warnings.warn(

2025-08-08 20:02:35,686:WARNING:/workspaces/TechCatalyst_DE_2025/pycaret_env/lib/python3.11/site-packages/sklearn/metrics/_classification.py:1561: UserWarning: Note that pos_label (set to 'Yes') is ignored when average != 'binary' (got 'weighted'). You may use labels=[pos_label] to specify a single positive class.
  warnings.warn(

2025-08-08 20:02:35,692:WARNING:/workspaces/TechCatalyst_DE_2025/pycaret_env/lib/python3.11/site-packages/sklearn/metrics/_classification.py:1561: UserWarning: Note that pos_label (set to 'Yes') is ignored when average != 'binary' (got 'weighted'). You may use labels=[pos_label] to specify a single positive class.
  warnings.warn(

2025-08-08 20:02:35,705:INFO:Calculating mean and std
2025-08-08 20:02:35,707:INFO:Creating metrics dataframe
2025-08-08 20:02:35,709:INFO:Uploading results into container
2025-08-08 20:02:35,709:INFO:Uploading model into container now
2025-08-08 20:02:35,710:INFO:_master_model_container: 6
2025-08-08 20:02:35,710:INFO:_display_container: 2
2025-08-08 20:02:35,711:INFO:RidgeClassifier(alpha=1.0, class_weight=None, copy_X=True, fit_intercept=True,
                max_iter=None, positive=False, random_state=42, solver='auto',
                tol=0.0001)
2025-08-08 20:02:35,711:INFO:create_model() successfully completed......................................
2025-08-08 20:02:35,901:INFO:SubProcess create_model() end ==================================
2025-08-08 20:02:35,902:INFO:Creating metrics dataframe
2025-08-08 20:02:35,909:INFO:Initializing Random Forest Classifier
2025-08-08 20:02:35,910:INFO:Total runtime is 0.41088814735412593 minutes
2025-08-08 20:02:35,914:INFO:SubProcess create_model() called ==================================
2025-08-08 20:02:35,915:INFO:Initializing create_model()
2025-08-08 20:02:35,916:INFO:create_model(self=<pycaret.classification.oop.ClassificationExperiment object at 0x7bdce3e84050>, estimator=rf, fold=StratifiedKFold(n_splits=10, random_state=None, shuffle=False), round=4, cross_validation=True, predict=True, fit_kwargs={}, groups=None, refit=False, probability_threshold=None, experiment_custom_tags=None, verbose=False, system=False, add_to_model_list=True, metrics=None, display=<pycaret.internal.display.display.CommonDisplay object at 0x7bdcd07cc410>, model_only=True, return_train_score=False, error_score=0.0, kwargs={})
2025-08-08 20:02:35,916:INFO:Checking exceptions
2025-08-08 20:02:35,916:INFO:Importing libraries
2025-08-08 20:02:35,916:INFO:Copying training dataset
2025-08-08 20:02:35,923:INFO:Defining folds
2025-08-08 20:02:35,923:INFO:Declaring metric variables
2025-08-08 20:02:35,927:INFO:Importing untrained model
2025-08-08 20:02:35,931:INFO:Random Forest Classifier Imported successfully
2025-08-08 20:02:35,937:INFO:Starting cross validation
2025-08-08 20:02:35,941:INFO:Cross validating with StratifiedKFold(n_splits=10, random_state=None, shuffle=False), n_jobs=-1
2025-08-08 20:02:36,847:WARNING:/workspaces/TechCatalyst_DE_2025/pycaret_env/lib/python3.11/site-packages/sklearn/metrics/_classification.py:1561: UserWarning: Note that pos_label (set to 'Yes') is ignored when average != 'binary' (got 'weighted'). You may use labels=[pos_label] to specify a single positive class.
  warnings.warn(

2025-08-08 20:02:36,851:WARNING:/workspaces/TechCatalyst_DE_2025/pycaret_env/lib/python3.11/site-packages/sklearn/metrics/_classification.py:1561: UserWarning: Note that pos_label (set to 'Yes') is ignored when average != 'binary' (got 'weighted'). You may use labels=[pos_label] to specify a single positive class.
  warnings.warn(

2025-08-08 20:02:36,853:WARNING:/workspaces/TechCatalyst_DE_2025/pycaret_env/lib/python3.11/site-packages/sklearn/metrics/_classification.py:1509: UndefinedMetricWarning: Precision is ill-defined and being set to 0.0 in labels with no predicted samples. Use `zero_division` parameter to control this behavior.
  _warn_prf(average, modifier, f"{metric.capitalize()} is", len(result))

2025-08-08 20:02:36,856:WARNING:/workspaces/TechCatalyst_DE_2025/pycaret_env/lib/python3.11/site-packages/sklearn/metrics/_classification.py:1561: UserWarning: Note that pos_label (set to 'Yes') is ignored when average != 'binary' (got 'weighted'). You may use labels=[pos_label] to specify a single positive class.
  warnings.warn(

2025-08-08 20:02:36,862:WARNING:/workspaces/TechCatalyst_DE_2025/pycaret_env/lib/python3.11/site-packages/sklearn/metrics/_classification.py:1561: UserWarning: Note that pos_label (set to 'Yes') is ignored when average != 'binary' (got 'weighted'). You may use labels=[pos_label] to specify a single positive class.
  warnings.warn(

2025-08-08 20:02:36,868:WARNING:/workspaces/TechCatalyst_DE_2025/pycaret_env/lib/python3.11/site-packages/sklearn/metrics/_classification.py:1561: UserWarning: Note that pos_label (set to 'Yes') is ignored when average != 'binary' (got 'weighted'). You may use labels=[pos_label] to specify a single positive class.
  warnings.warn(

2025-08-08 20:02:36,871:WARNING:/workspaces/TechCatalyst_DE_2025/pycaret_env/lib/python3.11/site-packages/sklearn/metrics/_classification.py:1509: UndefinedMetricWarning: Precision is ill-defined and being set to 0.0 in labels with no predicted samples. Use `zero_division` parameter to control this behavior.
  _warn_prf(average, modifier, f"{metric.capitalize()} is", len(result))

2025-08-08 20:02:36,874:WARNING:/workspaces/TechCatalyst_DE_2025/pycaret_env/lib/python3.11/site-packages/sklearn/metrics/_classification.py:1561: UserWarning: Note that pos_label (set to 'Yes') is ignored when average != 'binary' (got 'weighted'). You may use labels=[pos_label] to specify a single positive class.
  warnings.warn(

2025-08-08 20:02:37,630:WARNING:/workspaces/TechCatalyst_DE_2025/pycaret_env/lib/python3.11/site-packages/sklearn/metrics/_classification.py:1561: UserWarning: Note that pos_label (set to 'Yes') is ignored when average != 'binary' (got 'weighted'). You may use labels=[pos_label] to specify a single positive class.
  warnings.warn(

2025-08-08 20:02:37,641:WARNING:/workspaces/TechCatalyst_DE_2025/pycaret_env/lib/python3.11/site-packages/sklearn/metrics/_classification.py:1561: UserWarning: Note that pos_label (set to 'Yes') is ignored when average != 'binary' (got 'weighted'). You may use labels=[pos_label] to specify a single positive class.
  warnings.warn(

2025-08-08 20:02:37,646:WARNING:/workspaces/TechCatalyst_DE_2025/pycaret_env/lib/python3.11/site-packages/sklearn/metrics/_classification.py:1509: UndefinedMetricWarning: Precision is ill-defined and being set to 0.0 in labels with no predicted samples. Use `zero_division` parameter to control this behavior.
  _warn_prf(average, modifier, f"{metric.capitalize()} is", len(result))

2025-08-08 20:02:37,650:WARNING:/workspaces/TechCatalyst_DE_2025/pycaret_env/lib/python3.11/site-packages/sklearn/metrics/_classification.py:1561: UserWarning: Note that pos_label (set to 'Yes') is ignored when average != 'binary' (got 'weighted'). You may use labels=[pos_label] to specify a single positive class.
  warnings.warn(

2025-08-08 20:02:37,719:WARNING:/workspaces/TechCatalyst_DE_2025/pycaret_env/lib/python3.11/site-packages/sklearn/metrics/_classification.py:1561: UserWarning: Note that pos_label (set to 'Yes') is ignored when average != 'binary' (got 'weighted'). You may use labels=[pos_label] to specify a single positive class.
  warnings.warn(

2025-08-08 20:02:37,735:WARNING:/workspaces/TechCatalyst_DE_2025/pycaret_env/lib/python3.11/site-packages/sklearn/metrics/_classification.py:1561: UserWarning: Note that pos_label (set to 'Yes') is ignored when average != 'binary' (got 'weighted'). You may use labels=[pos_label] to specify a single positive class.
  warnings.warn(

2025-08-08 20:02:37,740:WARNING:/workspaces/TechCatalyst_DE_2025/pycaret_env/lib/python3.11/site-packages/sklearn/metrics/_classification.py:1509: UndefinedMetricWarning: Precision is ill-defined and being set to 0.0 in labels with no predicted samples. Use `zero_division` parameter to control this behavior.
  _warn_prf(average, modifier, f"{metric.capitalize()} is", len(result))

2025-08-08 20:02:37,749:WARNING:/workspaces/TechCatalyst_DE_2025/pycaret_env/lib/python3.11/site-packages/sklearn/metrics/_classification.py:1561: UserWarning: Note that pos_label (set to 'Yes') is ignored when average != 'binary' (got 'weighted'). You may use labels=[pos_label] to specify a single positive class.
  warnings.warn(

2025-08-08 20:02:38,518:WARNING:/workspaces/TechCatalyst_DE_2025/pycaret_env/lib/python3.11/site-packages/sklearn/metrics/_classification.py:1561: UserWarning: Note that pos_label (set to 'Yes') is ignored when average != 'binary' (got 'weighted'). You may use labels=[pos_label] to specify a single positive class.
  warnings.warn(

2025-08-08 20:02:38,528:WARNING:/workspaces/TechCatalyst_DE_2025/pycaret_env/lib/python3.11/site-packages/sklearn/metrics/_classification.py:1561: UserWarning: Note that pos_label (set to 'Yes') is ignored when average != 'binary' (got 'weighted'). You may use labels=[pos_label] to specify a single positive class.
  warnings.warn(

2025-08-08 20:02:38,531:WARNING:/workspaces/TechCatalyst_DE_2025/pycaret_env/lib/python3.11/site-packages/sklearn/metrics/_classification.py:1509: UndefinedMetricWarning: Precision is ill-defined and being set to 0.0 in labels with no predicted samples. Use `zero_division` parameter to control this behavior.
  _warn_prf(average, modifier, f"{metric.capitalize()} is", len(result))

2025-08-08 20:02:38,534:WARNING:/workspaces/TechCatalyst_DE_2025/pycaret_env/lib/python3.11/site-packages/sklearn/metrics/_classification.py:1561: UserWarning: Note that pos_label (set to 'Yes') is ignored when average != 'binary' (got 'weighted'). You may use labels=[pos_label] to specify a single positive class.
  warnings.warn(

2025-08-08 20:02:38,592:WARNING:/workspaces/TechCatalyst_DE_2025/pycaret_env/lib/python3.11/site-packages/sklearn/metrics/_classification.py:1561: UserWarning: Note that pos_label (set to 'Yes') is ignored when average != 'binary' (got 'weighted'). You may use labels=[pos_label] to specify a single positive class.
  warnings.warn(

2025-08-08 20:02:38,599:WARNING:/workspaces/TechCatalyst_DE_2025/pycaret_env/lib/python3.11/site-packages/sklearn/metrics/_classification.py:1561: UserWarning: Note that pos_label (set to 'Yes') is ignored when average != 'binary' (got 'weighted'). You may use labels=[pos_label] to specify a single positive class.
  warnings.warn(

2025-08-08 20:02:38,602:WARNING:/workspaces/TechCatalyst_DE_2025/pycaret_env/lib/python3.11/site-packages/sklearn/metrics/_classification.py:1509: UndefinedMetricWarning: Precision is ill-defined and being set to 0.0 in labels with no predicted samples. Use `zero_division` parameter to control this behavior.
  _warn_prf(average, modifier, f"{metric.capitalize()} is", len(result))

2025-08-08 20:02:38,606:WARNING:/workspaces/TechCatalyst_DE_2025/pycaret_env/lib/python3.11/site-packages/sklearn/metrics/_classification.py:1561: UserWarning: Note that pos_label (set to 'Yes') is ignored when average != 'binary' (got 'weighted'). You may use labels=[pos_label] to specify a single positive class.
  warnings.warn(

2025-08-08 20:02:39,349:WARNING:/workspaces/TechCatalyst_DE_2025/pycaret_env/lib/python3.11/site-packages/sklearn/metrics/_classification.py:1561: UserWarning: Note that pos_label (set to 'Yes') is ignored when average != 'binary' (got 'weighted'). You may use labels=[pos_label] to specify a single positive class.
  warnings.warn(

2025-08-08 20:02:39,355:WARNING:/workspaces/TechCatalyst_DE_2025/pycaret_env/lib/python3.11/site-packages/sklearn/metrics/_classification.py:1561: UserWarning: Note that pos_label (set to 'Yes') is ignored when average != 'binary' (got 'weighted'). You may use labels=[pos_label] to specify a single positive class.
  warnings.warn(

2025-08-08 20:02:39,359:WARNING:/workspaces/TechCatalyst_DE_2025/pycaret_env/lib/python3.11/site-packages/sklearn/metrics/_classification.py:1509: UndefinedMetricWarning: Precision is ill-defined and being set to 0.0 in labels with no predicted samples. Use `zero_division` parameter to control this behavior.
  _warn_prf(average, modifier, f"{metric.capitalize()} is", len(result))

2025-08-08 20:02:39,362:WARNING:/workspaces/TechCatalyst_DE_2025/pycaret_env/lib/python3.11/site-packages/sklearn/metrics/_classification.py:1561: UserWarning: Note that pos_label (set to 'Yes') is ignored when average != 'binary' (got 'weighted'). You may use labels=[pos_label] to specify a single positive class.
  warnings.warn(

2025-08-08 20:02:39,456:WARNING:/workspaces/TechCatalyst_DE_2025/pycaret_env/lib/python3.11/site-packages/sklearn/metrics/_classification.py:1561: UserWarning: Note that pos_label (set to 'Yes') is ignored when average != 'binary' (got 'weighted'). You may use labels=[pos_label] to specify a single positive class.
  warnings.warn(

2025-08-08 20:02:39,462:WARNING:/workspaces/TechCatalyst_DE_2025/pycaret_env/lib/python3.11/site-packages/sklearn/metrics/_classification.py:1561: UserWarning: Note that pos_label (set to 'Yes') is ignored when average != 'binary' (got 'weighted'). You may use labels=[pos_label] to specify a single positive class.
  warnings.warn(

2025-08-08 20:02:39,466:WARNING:/workspaces/TechCatalyst_DE_2025/pycaret_env/lib/python3.11/site-packages/sklearn/metrics/_classification.py:1509: UndefinedMetricWarning: Precision is ill-defined and being set to 0.0 in labels with no predicted samples. Use `zero_division` parameter to control this behavior.
  _warn_prf(average, modifier, f"{metric.capitalize()} is", len(result))

2025-08-08 20:02:39,469:WARNING:/workspaces/TechCatalyst_DE_2025/pycaret_env/lib/python3.11/site-packages/sklearn/metrics/_classification.py:1561: UserWarning: Note that pos_label (set to 'Yes') is ignored when average != 'binary' (got 'weighted'). You may use labels=[pos_label] to specify a single positive class.
  warnings.warn(

2025-08-08 20:02:40,353:WARNING:/workspaces/TechCatalyst_DE_2025/pycaret_env/lib/python3.11/site-packages/sklearn/metrics/_classification.py:1561: UserWarning: Note that pos_label (set to 'Yes') is ignored when average != 'binary' (got 'weighted'). You may use labels=[pos_label] to specify a single positive class.
  warnings.warn(

2025-08-08 20:02:40,358:WARNING:/workspaces/TechCatalyst_DE_2025/pycaret_env/lib/python3.11/site-packages/sklearn/metrics/_classification.py:1561: UserWarning: Note that pos_label (set to 'Yes') is ignored when average != 'binary' (got 'weighted'). You may use labels=[pos_label] to specify a single positive class.
  warnings.warn(

2025-08-08 20:02:40,361:WARNING:/workspaces/TechCatalyst_DE_2025/pycaret_env/lib/python3.11/site-packages/sklearn/metrics/_classification.py:1509: UndefinedMetricWarning: Precision is ill-defined and being set to 0.0 in labels with no predicted samples. Use `zero_division` parameter to control this behavior.
  _warn_prf(average, modifier, f"{metric.capitalize()} is", len(result))

2025-08-08 20:02:40,364:WARNING:/workspaces/TechCatalyst_DE_2025/pycaret_env/lib/python3.11/site-packages/sklearn/metrics/_classification.py:1561: UserWarning: Note that pos_label (set to 'Yes') is ignored when average != 'binary' (got 'weighted'). You may use labels=[pos_label] to specify a single positive class.
  warnings.warn(

2025-08-08 20:02:40,389:WARNING:/workspaces/TechCatalyst_DE_2025/pycaret_env/lib/python3.11/site-packages/sklearn/metrics/_classification.py:1561: UserWarning: Note that pos_label (set to 'Yes') is ignored when average != 'binary' (got 'weighted'). You may use labels=[pos_label] to specify a single positive class.
  warnings.warn(

2025-08-08 20:02:40,392:WARNING:/workspaces/TechCatalyst_DE_2025/pycaret_env/lib/python3.11/site-packages/sklearn/metrics/_classification.py:1561: UserWarning: Note that pos_label (set to 'Yes') is ignored when average != 'binary' (got 'weighted'). You may use labels=[pos_label] to specify a single positive class.
  warnings.warn(

2025-08-08 20:02:40,395:WARNING:/workspaces/TechCatalyst_DE_2025/pycaret_env/lib/python3.11/site-packages/sklearn/metrics/_classification.py:1509: UndefinedMetricWarning: Precision is ill-defined and being set to 0.0 in labels with no predicted samples. Use `zero_division` parameter to control this behavior.
  _warn_prf(average, modifier, f"{metric.capitalize()} is", len(result))

2025-08-08 20:02:40,396:WARNING:/workspaces/TechCatalyst_DE_2025/pycaret_env/lib/python3.11/site-packages/sklearn/metrics/_classification.py:1561: UserWarning: Note that pos_label (set to 'Yes') is ignored when average != 'binary' (got 'weighted'). You may use labels=[pos_label] to specify a single positive class.
  warnings.warn(

2025-08-08 20:02:40,408:INFO:Calculating mean and std
2025-08-08 20:02:40,410:INFO:Creating metrics dataframe
2025-08-08 20:02:40,412:INFO:Uploading results into container
2025-08-08 20:02:40,412:INFO:Uploading model into container now
2025-08-08 20:02:40,413:INFO:_master_model_container: 7
2025-08-08 20:02:40,414:INFO:_display_container: 2
2025-08-08 20:02:40,415:INFO:RandomForestClassifier(bootstrap=True, ccp_alpha=0.0, class_weight=None,
                       criterion='gini', max_depth=None, max_features='sqrt',
                       max_leaf_nodes=None, max_samples=None,
                       min_impurity_decrease=0.0, min_samples_leaf=1,
                       min_samples_split=2, min_weight_fraction_leaf=0.0,
                       monotonic_cst=None, n_estimators=100, n_jobs=-1,
                       oob_score=False, random_state=42, verbose=0,
                       warm_start=False)
2025-08-08 20:02:40,415:INFO:create_model() successfully completed......................................
2025-08-08 20:02:40,608:INFO:SubProcess create_model() end ==================================
2025-08-08 20:02:40,608:INFO:Creating metrics dataframe
2025-08-08 20:02:40,615:INFO:Initializing Quadratic Discriminant Analysis
2025-08-08 20:02:40,615:INFO:Total runtime is 0.4893061121304829 minutes
2025-08-08 20:02:40,618:INFO:SubProcess create_model() called ==================================
2025-08-08 20:02:40,618:INFO:Initializing create_model()
2025-08-08 20:02:40,618:INFO:create_model(self=<pycaret.classification.oop.ClassificationExperiment object at 0x7bdce3e84050>, estimator=qda, fold=StratifiedKFold(n_splits=10, random_state=None, shuffle=False), round=4, cross_validation=True, predict=True, fit_kwargs={}, groups=None, refit=False, probability_threshold=None, experiment_custom_tags=None, verbose=False, system=False, add_to_model_list=True, metrics=None, display=<pycaret.internal.display.display.CommonDisplay object at 0x7bdcd07cc410>, model_only=True, return_train_score=False, error_score=0.0, kwargs={})
2025-08-08 20:02:40,618:INFO:Checking exceptions
2025-08-08 20:02:40,618:INFO:Importing libraries
2025-08-08 20:02:40,618:INFO:Copying training dataset
2025-08-08 20:02:40,627:INFO:Defining folds
2025-08-08 20:02:40,627:INFO:Declaring metric variables
2025-08-08 20:02:40,630:INFO:Importing untrained model
2025-08-08 20:02:40,634:INFO:Quadratic Discriminant Analysis Imported successfully
2025-08-08 20:02:40,642:INFO:Starting cross validation
2025-08-08 20:02:40,646:INFO:Cross validating with StratifiedKFold(n_splits=10, random_state=None, shuffle=False), n_jobs=-1
2025-08-08 20:02:41,077:WARNING:/workspaces/TechCatalyst_DE_2025/pycaret_env/lib/python3.11/site-packages/sklearn/discriminant_analysis.py:935: UserWarning: Variables are collinear
  warnings.warn("Variables are collinear")

2025-08-08 20:02:41,077:WARNING:/workspaces/TechCatalyst_DE_2025/pycaret_env/lib/python3.11/site-packages/sklearn/discriminant_analysis.py:935: UserWarning: Variables are collinear
  warnings.warn("Variables are collinear")

2025-08-08 20:02:41,159:WARNING:/workspaces/TechCatalyst_DE_2025/pycaret_env/lib/python3.11/site-packages/sklearn/metrics/_classification.py:1561: UserWarning: Note that pos_label (set to 'Yes') is ignored when average != 'binary' (got 'weighted'). You may use labels=[pos_label] to specify a single positive class.
  warnings.warn(

2025-08-08 20:02:41,161:WARNING:/workspaces/TechCatalyst_DE_2025/pycaret_env/lib/python3.11/site-packages/sklearn/metrics/_classification.py:1561: UserWarning: Note that pos_label (set to 'Yes') is ignored when average != 'binary' (got 'weighted'). You may use labels=[pos_label] to specify a single positive class.
  warnings.warn(

2025-08-08 20:02:41,165:WARNING:/workspaces/TechCatalyst_DE_2025/pycaret_env/lib/python3.11/site-packages/sklearn/metrics/_classification.py:1561: UserWarning: Note that pos_label (set to 'Yes') is ignored when average != 'binary' (got 'weighted'). You may use labels=[pos_label] to specify a single positive class.
  warnings.warn(

2025-08-08 20:02:41,167:WARNING:/workspaces/TechCatalyst_DE_2025/pycaret_env/lib/python3.11/site-packages/sklearn/metrics/_classification.py:1561: UserWarning: Note that pos_label (set to 'Yes') is ignored when average != 'binary' (got 'weighted'). You may use labels=[pos_label] to specify a single positive class.
  warnings.warn(

2025-08-08 20:02:41,168:WARNING:/workspaces/TechCatalyst_DE_2025/pycaret_env/lib/python3.11/site-packages/sklearn/metrics/_classification.py:1509: UndefinedMetricWarning: Precision is ill-defined and being set to 0.0 in labels with no predicted samples. Use `zero_division` parameter to control this behavior.
  _warn_prf(average, modifier, f"{metric.capitalize()} is", len(result))

2025-08-08 20:02:41,170:WARNING:/workspaces/TechCatalyst_DE_2025/pycaret_env/lib/python3.11/site-packages/sklearn/metrics/_classification.py:1509: UndefinedMetricWarning: Precision is ill-defined and being set to 0.0 in labels with no predicted samples. Use `zero_division` parameter to control this behavior.
  _warn_prf(average, modifier, f"{metric.capitalize()} is", len(result))

2025-08-08 20:02:41,172:WARNING:/workspaces/TechCatalyst_DE_2025/pycaret_env/lib/python3.11/site-packages/sklearn/metrics/_classification.py:1561: UserWarning: Note that pos_label (set to 'Yes') is ignored when average != 'binary' (got 'weighted'). You may use labels=[pos_label] to specify a single positive class.
  warnings.warn(

2025-08-08 20:02:41,173:WARNING:/workspaces/TechCatalyst_DE_2025/pycaret_env/lib/python3.11/site-packages/sklearn/metrics/_classification.py:1561: UserWarning: Note that pos_label (set to 'Yes') is ignored when average != 'binary' (got 'weighted'). You may use labels=[pos_label] to specify a single positive class.
  warnings.warn(

2025-08-08 20:02:41,480:WARNING:/workspaces/TechCatalyst_DE_2025/pycaret_env/lib/python3.11/site-packages/sklearn/discriminant_analysis.py:935: UserWarning: Variables are collinear
  warnings.warn("Variables are collinear")

2025-08-08 20:02:41,498:WARNING:/workspaces/TechCatalyst_DE_2025/pycaret_env/lib/python3.11/site-packages/sklearn/discriminant_analysis.py:935: UserWarning: Variables are collinear
  warnings.warn("Variables are collinear")

2025-08-08 20:02:41,563:WARNING:/workspaces/TechCatalyst_DE_2025/pycaret_env/lib/python3.11/site-packages/sklearn/metrics/_classification.py:1561: UserWarning: Note that pos_label (set to 'Yes') is ignored when average != 'binary' (got 'weighted'). You may use labels=[pos_label] to specify a single positive class.
  warnings.warn(

2025-08-08 20:02:41,570:WARNING:/workspaces/TechCatalyst_DE_2025/pycaret_env/lib/python3.11/site-packages/sklearn/metrics/_classification.py:1561: UserWarning: Note that pos_label (set to 'Yes') is ignored when average != 'binary' (got 'weighted'). You may use labels=[pos_label] to specify a single positive class.
  warnings.warn(

2025-08-08 20:02:41,573:WARNING:/workspaces/TechCatalyst_DE_2025/pycaret_env/lib/python3.11/site-packages/sklearn/metrics/_classification.py:1509: UndefinedMetricWarning: Precision is ill-defined and being set to 0.0 in labels with no predicted samples. Use `zero_division` parameter to control this behavior.
  _warn_prf(average, modifier, f"{metric.capitalize()} is", len(result))

2025-08-08 20:02:41,576:WARNING:/workspaces/TechCatalyst_DE_2025/pycaret_env/lib/python3.11/site-packages/sklearn/metrics/_classification.py:1561: UserWarning: Note that pos_label (set to 'Yes') is ignored when average != 'binary' (got 'weighted'). You may use labels=[pos_label] to specify a single positive class.
  warnings.warn(

2025-08-08 20:02:41,580:WARNING:/workspaces/TechCatalyst_DE_2025/pycaret_env/lib/python3.11/site-packages/sklearn/metrics/_classification.py:1561: UserWarning: Note that pos_label (set to 'Yes') is ignored when average != 'binary' (got 'weighted'). You may use labels=[pos_label] to specify a single positive class.
  warnings.warn(

2025-08-08 20:02:41,585:WARNING:/workspaces/TechCatalyst_DE_2025/pycaret_env/lib/python3.11/site-packages/sklearn/metrics/_classification.py:1561: UserWarning: Note that pos_label (set to 'Yes') is ignored when average != 'binary' (got 'weighted'). You may use labels=[pos_label] to specify a single positive class.
  warnings.warn(

2025-08-08 20:02:41,588:WARNING:/workspaces/TechCatalyst_DE_2025/pycaret_env/lib/python3.11/site-packages/sklearn/metrics/_classification.py:1509: UndefinedMetricWarning: Precision is ill-defined and being set to 0.0 in labels with no predicted samples. Use `zero_division` parameter to control this behavior.
  _warn_prf(average, modifier, f"{metric.capitalize()} is", len(result))

2025-08-08 20:02:41,592:WARNING:/workspaces/TechCatalyst_DE_2025/pycaret_env/lib/python3.11/site-packages/sklearn/metrics/_classification.py:1561: UserWarning: Note that pos_label (set to 'Yes') is ignored when average != 'binary' (got 'weighted'). You may use labels=[pos_label] to specify a single positive class.
  warnings.warn(

2025-08-08 20:02:41,997:WARNING:/workspaces/TechCatalyst_DE_2025/pycaret_env/lib/python3.11/site-packages/sklearn/discriminant_analysis.py:935: UserWarning: Variables are collinear
  warnings.warn("Variables are collinear")

2025-08-08 20:02:42,079:WARNING:/workspaces/TechCatalyst_DE_2025/pycaret_env/lib/python3.11/site-packages/sklearn/discriminant_analysis.py:935: UserWarning: Variables are collinear
  warnings.warn("Variables are collinear")

2025-08-08 20:02:42,241:WARNING:/workspaces/TechCatalyst_DE_2025/pycaret_env/lib/python3.11/site-packages/sklearn/metrics/_classification.py:1561: UserWarning: Note that pos_label (set to 'Yes') is ignored when average != 'binary' (got 'weighted'). You may use labels=[pos_label] to specify a single positive class.
  warnings.warn(

2025-08-08 20:02:42,251:WARNING:/workspaces/TechCatalyst_DE_2025/pycaret_env/lib/python3.11/site-packages/sklearn/metrics/_classification.py:1561: UserWarning: Note that pos_label (set to 'Yes') is ignored when average != 'binary' (got 'weighted'). You may use labels=[pos_label] to specify a single positive class.
  warnings.warn(

2025-08-08 20:02:42,254:WARNING:/workspaces/TechCatalyst_DE_2025/pycaret_env/lib/python3.11/site-packages/sklearn/metrics/_classification.py:1509: UndefinedMetricWarning: Precision is ill-defined and being set to 0.0 in labels with no predicted samples. Use `zero_division` parameter to control this behavior.
  _warn_prf(average, modifier, f"{metric.capitalize()} is", len(result))

2025-08-08 20:02:42,257:WARNING:/workspaces/TechCatalyst_DE_2025/pycaret_env/lib/python3.11/site-packages/sklearn/metrics/_classification.py:1561: UserWarning: Note that pos_label (set to 'Yes') is ignored when average != 'binary' (got 'weighted'). You may use labels=[pos_label] to specify a single positive class.
  warnings.warn(

2025-08-08 20:02:42,261:WARNING:/workspaces/TechCatalyst_DE_2025/pycaret_env/lib/python3.11/site-packages/sklearn/metrics/_classification.py:1561: UserWarning: Note that pos_label (set to 'Yes') is ignored when average != 'binary' (got 'weighted'). You may use labels=[pos_label] to specify a single positive class.
  warnings.warn(

2025-08-08 20:02:42,269:WARNING:/workspaces/TechCatalyst_DE_2025/pycaret_env/lib/python3.11/site-packages/sklearn/metrics/_classification.py:1561: UserWarning: Note that pos_label (set to 'Yes') is ignored when average != 'binary' (got 'weighted'). You may use labels=[pos_label] to specify a single positive class.
  warnings.warn(

2025-08-08 20:02:42,273:WARNING:/workspaces/TechCatalyst_DE_2025/pycaret_env/lib/python3.11/site-packages/sklearn/metrics/_classification.py:1509: UndefinedMetricWarning: Precision is ill-defined and being set to 0.0 in labels with no predicted samples. Use `zero_division` parameter to control this behavior.
  _warn_prf(average, modifier, f"{metric.capitalize()} is", len(result))

2025-08-08 20:02:42,276:WARNING:/workspaces/TechCatalyst_DE_2025/pycaret_env/lib/python3.11/site-packages/sklearn/metrics/_classification.py:1561: UserWarning: Note that pos_label (set to 'Yes') is ignored when average != 'binary' (got 'weighted'). You may use labels=[pos_label] to specify a single positive class.
  warnings.warn(

2025-08-08 20:02:42,589:WARNING:/workspaces/TechCatalyst_DE_2025/pycaret_env/lib/python3.11/site-packages/sklearn/discriminant_analysis.py:935: UserWarning: Variables are collinear
  warnings.warn("Variables are collinear")

2025-08-08 20:02:42,626:WARNING:/workspaces/TechCatalyst_DE_2025/pycaret_env/lib/python3.11/site-packages/sklearn/discriminant_analysis.py:935: UserWarning: Variables are collinear
  warnings.warn("Variables are collinear")

2025-08-08 20:02:42,671:WARNING:/workspaces/TechCatalyst_DE_2025/pycaret_env/lib/python3.11/site-packages/sklearn/metrics/_classification.py:1561: UserWarning: Note that pos_label (set to 'Yes') is ignored when average != 'binary' (got 'weighted'). You may use labels=[pos_label] to specify a single positive class.
  warnings.warn(

2025-08-08 20:02:42,677:WARNING:/workspaces/TechCatalyst_DE_2025/pycaret_env/lib/python3.11/site-packages/sklearn/metrics/_classification.py:1561: UserWarning: Note that pos_label (set to 'Yes') is ignored when average != 'binary' (got 'weighted'). You may use labels=[pos_label] to specify a single positive class.
  warnings.warn(

2025-08-08 20:02:42,681:WARNING:/workspaces/TechCatalyst_DE_2025/pycaret_env/lib/python3.11/site-packages/sklearn/metrics/_classification.py:1509: UndefinedMetricWarning: Precision is ill-defined and being set to 0.0 in labels with no predicted samples. Use `zero_division` parameter to control this behavior.
  _warn_prf(average, modifier, f"{metric.capitalize()} is", len(result))

2025-08-08 20:02:42,684:WARNING:/workspaces/TechCatalyst_DE_2025/pycaret_env/lib/python3.11/site-packages/sklearn/metrics/_classification.py:1561: UserWarning: Note that pos_label (set to 'Yes') is ignored when average != 'binary' (got 'weighted'). You may use labels=[pos_label] to specify a single positive class.
  warnings.warn(

2025-08-08 20:02:42,719:WARNING:/workspaces/TechCatalyst_DE_2025/pycaret_env/lib/python3.11/site-packages/sklearn/metrics/_classification.py:1561: UserWarning: Note that pos_label (set to 'Yes') is ignored when average != 'binary' (got 'weighted'). You may use labels=[pos_label] to specify a single positive class.
  warnings.warn(

2025-08-08 20:02:42,728:WARNING:/workspaces/TechCatalyst_DE_2025/pycaret_env/lib/python3.11/site-packages/sklearn/metrics/_classification.py:1561: UserWarning: Note that pos_label (set to 'Yes') is ignored when average != 'binary' (got 'weighted'). You may use labels=[pos_label] to specify a single positive class.
  warnings.warn(

2025-08-08 20:02:42,731:WARNING:/workspaces/TechCatalyst_DE_2025/pycaret_env/lib/python3.11/site-packages/sklearn/metrics/_classification.py:1509: UndefinedMetricWarning: Precision is ill-defined and being set to 0.0 in labels with no predicted samples. Use `zero_division` parameter to control this behavior.
  _warn_prf(average, modifier, f"{metric.capitalize()} is", len(result))

2025-08-08 20:02:42,734:WARNING:/workspaces/TechCatalyst_DE_2025/pycaret_env/lib/python3.11/site-packages/sklearn/metrics/_classification.py:1561: UserWarning: Note that pos_label (set to 'Yes') is ignored when average != 'binary' (got 'weighted'). You may use labels=[pos_label] to specify a single positive class.
  warnings.warn(

2025-08-08 20:02:42,983:WARNING:/workspaces/TechCatalyst_DE_2025/pycaret_env/lib/python3.11/site-packages/sklearn/discriminant_analysis.py:935: UserWarning: Variables are collinear
  warnings.warn("Variables are collinear")

2025-08-08 20:02:43,028:WARNING:/workspaces/TechCatalyst_DE_2025/pycaret_env/lib/python3.11/site-packages/sklearn/discriminant_analysis.py:935: UserWarning: Variables are collinear
  warnings.warn("Variables are collinear")

2025-08-08 20:02:43,065:WARNING:/workspaces/TechCatalyst_DE_2025/pycaret_env/lib/python3.11/site-packages/sklearn/metrics/_classification.py:1561: UserWarning: Note that pos_label (set to 'Yes') is ignored when average != 'binary' (got 'weighted'). You may use labels=[pos_label] to specify a single positive class.
  warnings.warn(

2025-08-08 20:02:43,072:WARNING:/workspaces/TechCatalyst_DE_2025/pycaret_env/lib/python3.11/site-packages/sklearn/metrics/_classification.py:1561: UserWarning: Note that pos_label (set to 'Yes') is ignored when average != 'binary' (got 'weighted'). You may use labels=[pos_label] to specify a single positive class.
  warnings.warn(

2025-08-08 20:02:43,075:WARNING:/workspaces/TechCatalyst_DE_2025/pycaret_env/lib/python3.11/site-packages/sklearn/metrics/_classification.py:1509: UndefinedMetricWarning: Precision is ill-defined and being set to 0.0 in labels with no predicted samples. Use `zero_division` parameter to control this behavior.
  _warn_prf(average, modifier, f"{metric.capitalize()} is", len(result))

2025-08-08 20:02:43,078:WARNING:/workspaces/TechCatalyst_DE_2025/pycaret_env/lib/python3.11/site-packages/sklearn/metrics/_classification.py:1561: UserWarning: Note that pos_label (set to 'Yes') is ignored when average != 'binary' (got 'weighted'). You may use labels=[pos_label] to specify a single positive class.
  warnings.warn(

2025-08-08 20:02:43,101:WARNING:/workspaces/TechCatalyst_DE_2025/pycaret_env/lib/python3.11/site-packages/sklearn/metrics/_classification.py:1561: UserWarning: Note that pos_label (set to 'Yes') is ignored when average != 'binary' (got 'weighted'). You may use labels=[pos_label] to specify a single positive class.
  warnings.warn(

2025-08-08 20:02:43,104:WARNING:/workspaces/TechCatalyst_DE_2025/pycaret_env/lib/python3.11/site-packages/sklearn/metrics/_classification.py:1561: UserWarning: Note that pos_label (set to 'Yes') is ignored when average != 'binary' (got 'weighted'). You may use labels=[pos_label] to specify a single positive class.
  warnings.warn(

2025-08-08 20:02:43,106:WARNING:/workspaces/TechCatalyst_DE_2025/pycaret_env/lib/python3.11/site-packages/sklearn/metrics/_classification.py:1509: UndefinedMetricWarning: Precision is ill-defined and being set to 0.0 in labels with no predicted samples. Use `zero_division` parameter to control this behavior.
  _warn_prf(average, modifier, f"{metric.capitalize()} is", len(result))

2025-08-08 20:02:43,108:WARNING:/workspaces/TechCatalyst_DE_2025/pycaret_env/lib/python3.11/site-packages/sklearn/metrics/_classification.py:1561: UserWarning: Note that pos_label (set to 'Yes') is ignored when average != 'binary' (got 'weighted'). You may use labels=[pos_label] to specify a single positive class.
  warnings.warn(

2025-08-08 20:02:43,122:INFO:Calculating mean and std
2025-08-08 20:02:43,123:INFO:Creating metrics dataframe
2025-08-08 20:02:43,125:INFO:Uploading results into container
2025-08-08 20:02:43,126:INFO:Uploading model into container now
2025-08-08 20:02:43,127:INFO:_master_model_container: 8
2025-08-08 20:02:43,128:INFO:_display_container: 2
2025-08-08 20:02:43,129:INFO:QuadraticDiscriminantAnalysis(priors=None, reg_param=0.0,
                              store_covariance=False, tol=0.0001)
2025-08-08 20:02:43,129:INFO:create_model() successfully completed......................................
2025-08-08 20:02:43,312:INFO:SubProcess create_model() end ==================================
2025-08-08 20:02:43,313:INFO:Creating metrics dataframe
2025-08-08 20:02:43,321:INFO:Initializing Ada Boost Classifier
2025-08-08 20:02:43,321:INFO:Total runtime is 0.5344035903612772 minutes
2025-08-08 20:02:43,324:INFO:SubProcess create_model() called ==================================
2025-08-08 20:02:43,324:INFO:Initializing create_model()
2025-08-08 20:02:43,324:INFO:create_model(self=<pycaret.classification.oop.ClassificationExperiment object at 0x7bdce3e84050>, estimator=ada, fold=StratifiedKFold(n_splits=10, random_state=None, shuffle=False), round=4, cross_validation=True, predict=True, fit_kwargs={}, groups=None, refit=False, probability_threshold=None, experiment_custom_tags=None, verbose=False, system=False, add_to_model_list=True, metrics=None, display=<pycaret.internal.display.display.CommonDisplay object at 0x7bdcd07cc410>, model_only=True, return_train_score=False, error_score=0.0, kwargs={})
2025-08-08 20:02:43,324:INFO:Checking exceptions
2025-08-08 20:02:43,324:INFO:Importing libraries
2025-08-08 20:02:43,324:INFO:Copying training dataset
2025-08-08 20:02:43,332:INFO:Defining folds
2025-08-08 20:02:43,333:INFO:Declaring metric variables
2025-08-08 20:02:43,336:INFO:Importing untrained model
2025-08-08 20:02:43,341:INFO:Ada Boost Classifier Imported successfully
2025-08-08 20:02:43,350:INFO:Starting cross validation
2025-08-08 20:02:43,354:INFO:Cross validating with StratifiedKFold(n_splits=10, random_state=None, shuffle=False), n_jobs=-1
2025-08-08 20:02:43,662:WARNING:/workspaces/TechCatalyst_DE_2025/pycaret_env/lib/python3.11/site-packages/sklearn/ensemble/_weight_boosting.py:519: FutureWarning: The SAMME.R algorithm (the default) is deprecated and will be removed in 1.6. Use the SAMME algorithm to circumvent this warning.
  warnings.warn(

2025-08-08 20:02:43,699:WARNING:/workspaces/TechCatalyst_DE_2025/pycaret_env/lib/python3.11/site-packages/sklearn/ensemble/_weight_boosting.py:519: FutureWarning: The SAMME.R algorithm (the default) is deprecated and will be removed in 1.6. Use the SAMME algorithm to circumvent this warning.
  warnings.warn(

2025-08-08 20:02:43,745:WARNING:/workspaces/TechCatalyst_DE_2025/pycaret_env/lib/python3.11/site-packages/sklearn/metrics/_classification.py:1561: UserWarning: Note that pos_label (set to 'Yes') is ignored when average != 'binary' (got 'weighted'). You may use labels=[pos_label] to specify a single positive class.
  warnings.warn(

2025-08-08 20:02:43,751:WARNING:/workspaces/TechCatalyst_DE_2025/pycaret_env/lib/python3.11/site-packages/sklearn/metrics/_classification.py:1561: UserWarning: Note that pos_label (set to 'Yes') is ignored when average != 'binary' (got 'weighted'). You may use labels=[pos_label] to specify a single positive class.
  warnings.warn(

2025-08-08 20:02:43,754:WARNING:/workspaces/TechCatalyst_DE_2025/pycaret_env/lib/python3.11/site-packages/sklearn/metrics/_classification.py:1509: UndefinedMetricWarning: Precision is ill-defined and being set to 0.0 in labels with no predicted samples. Use `zero_division` parameter to control this behavior.
  _warn_prf(average, modifier, f"{metric.capitalize()} is", len(result))

2025-08-08 20:02:43,758:WARNING:/workspaces/TechCatalyst_DE_2025/pycaret_env/lib/python3.11/site-packages/sklearn/metrics/_classification.py:1561: UserWarning: Note that pos_label (set to 'Yes') is ignored when average != 'binary' (got 'weighted'). You may use labels=[pos_label] to specify a single positive class.
  warnings.warn(

2025-08-08 20:02:43,786:WARNING:/workspaces/TechCatalyst_DE_2025/pycaret_env/lib/python3.11/site-packages/sklearn/metrics/_classification.py:1561: UserWarning: Note that pos_label (set to 'Yes') is ignored when average != 'binary' (got 'weighted'). You may use labels=[pos_label] to specify a single positive class.
  warnings.warn(

2025-08-08 20:02:43,793:WARNING:/workspaces/TechCatalyst_DE_2025/pycaret_env/lib/python3.11/site-packages/sklearn/metrics/_classification.py:1561: UserWarning: Note that pos_label (set to 'Yes') is ignored when average != 'binary' (got 'weighted'). You may use labels=[pos_label] to specify a single positive class.
  warnings.warn(

2025-08-08 20:02:43,795:WARNING:/workspaces/TechCatalyst_DE_2025/pycaret_env/lib/python3.11/site-packages/sklearn/metrics/_classification.py:1509: UndefinedMetricWarning: Precision is ill-defined and being set to 0.0 in labels with no predicted samples. Use `zero_division` parameter to control this behavior.
  _warn_prf(average, modifier, f"{metric.capitalize()} is", len(result))

2025-08-08 20:02:43,798:WARNING:/workspaces/TechCatalyst_DE_2025/pycaret_env/lib/python3.11/site-packages/sklearn/metrics/_classification.py:1561: UserWarning: Note that pos_label (set to 'Yes') is ignored when average != 'binary' (got 'weighted'). You may use labels=[pos_label] to specify a single positive class.
  warnings.warn(

2025-08-08 20:02:44,041:WARNING:/workspaces/TechCatalyst_DE_2025/pycaret_env/lib/python3.11/site-packages/sklearn/ensemble/_weight_boosting.py:519: FutureWarning: The SAMME.R algorithm (the default) is deprecated and will be removed in 1.6. Use the SAMME algorithm to circumvent this warning.
  warnings.warn(

2025-08-08 20:02:44,091:WARNING:/workspaces/TechCatalyst_DE_2025/pycaret_env/lib/python3.11/site-packages/sklearn/ensemble/_weight_boosting.py:519: FutureWarning: The SAMME.R algorithm (the default) is deprecated and will be removed in 1.6. Use the SAMME algorithm to circumvent this warning.
  warnings.warn(

2025-08-08 20:02:44,122:WARNING:/workspaces/TechCatalyst_DE_2025/pycaret_env/lib/python3.11/site-packages/sklearn/metrics/_classification.py:1561: UserWarning: Note that pos_label (set to 'Yes') is ignored when average != 'binary' (got 'weighted'). You may use labels=[pos_label] to specify a single positive class.
  warnings.warn(

2025-08-08 20:02:44,129:WARNING:/workspaces/TechCatalyst_DE_2025/pycaret_env/lib/python3.11/site-packages/sklearn/metrics/_classification.py:1561: UserWarning: Note that pos_label (set to 'Yes') is ignored when average != 'binary' (got 'weighted'). You may use labels=[pos_label] to specify a single positive class.
  warnings.warn(

2025-08-08 20:02:44,132:WARNING:/workspaces/TechCatalyst_DE_2025/pycaret_env/lib/python3.11/site-packages/sklearn/metrics/_classification.py:1509: UndefinedMetricWarning: Precision is ill-defined and being set to 0.0 in labels with no predicted samples. Use `zero_division` parameter to control this behavior.
  _warn_prf(average, modifier, f"{metric.capitalize()} is", len(result))

2025-08-08 20:02:44,135:WARNING:/workspaces/TechCatalyst_DE_2025/pycaret_env/lib/python3.11/site-packages/sklearn/metrics/_classification.py:1561: UserWarning: Note that pos_label (set to 'Yes') is ignored when average != 'binary' (got 'weighted'). You may use labels=[pos_label] to specify a single positive class.
  warnings.warn(

2025-08-08 20:02:44,177:WARNING:/workspaces/TechCatalyst_DE_2025/pycaret_env/lib/python3.11/site-packages/sklearn/metrics/_classification.py:1561: UserWarning: Note that pos_label (set to 'Yes') is ignored when average != 'binary' (got 'weighted'). You may use labels=[pos_label] to specify a single positive class.
  warnings.warn(

2025-08-08 20:02:44,183:WARNING:/workspaces/TechCatalyst_DE_2025/pycaret_env/lib/python3.11/site-packages/sklearn/metrics/_classification.py:1561: UserWarning: Note that pos_label (set to 'Yes') is ignored when average != 'binary' (got 'weighted'). You may use labels=[pos_label] to specify a single positive class.
  warnings.warn(

2025-08-08 20:02:44,186:WARNING:/workspaces/TechCatalyst_DE_2025/pycaret_env/lib/python3.11/site-packages/sklearn/metrics/_classification.py:1509: UndefinedMetricWarning: Precision is ill-defined and being set to 0.0 in labels with no predicted samples. Use `zero_division` parameter to control this behavior.
  _warn_prf(average, modifier, f"{metric.capitalize()} is", len(result))

2025-08-08 20:02:44,188:WARNING:/workspaces/TechCatalyst_DE_2025/pycaret_env/lib/python3.11/site-packages/sklearn/metrics/_classification.py:1561: UserWarning: Note that pos_label (set to 'Yes') is ignored when average != 'binary' (got 'weighted'). You may use labels=[pos_label] to specify a single positive class.
  warnings.warn(

2025-08-08 20:02:44,493:WARNING:/workspaces/TechCatalyst_DE_2025/pycaret_env/lib/python3.11/site-packages/sklearn/ensemble/_weight_boosting.py:519: FutureWarning: The SAMME.R algorithm (the default) is deprecated and will be removed in 1.6. Use the SAMME algorithm to circumvent this warning.
  warnings.warn(

2025-08-08 20:02:44,545:WARNING:/workspaces/TechCatalyst_DE_2025/pycaret_env/lib/python3.11/site-packages/sklearn/ensemble/_weight_boosting.py:519: FutureWarning: The SAMME.R algorithm (the default) is deprecated and will be removed in 1.6. Use the SAMME algorithm to circumvent this warning.
  warnings.warn(

2025-08-08 20:02:44,581:WARNING:/workspaces/TechCatalyst_DE_2025/pycaret_env/lib/python3.11/site-packages/sklearn/metrics/_classification.py:1561: UserWarning: Note that pos_label (set to 'Yes') is ignored when average != 'binary' (got 'weighted'). You may use labels=[pos_label] to specify a single positive class.
  warnings.warn(

2025-08-08 20:02:44,587:WARNING:/workspaces/TechCatalyst_DE_2025/pycaret_env/lib/python3.11/site-packages/sklearn/metrics/_classification.py:1561: UserWarning: Note that pos_label (set to 'Yes') is ignored when average != 'binary' (got 'weighted'). You may use labels=[pos_label] to specify a single positive class.
  warnings.warn(

2025-08-08 20:02:44,591:WARNING:/workspaces/TechCatalyst_DE_2025/pycaret_env/lib/python3.11/site-packages/sklearn/metrics/_classification.py:1509: UndefinedMetricWarning: Precision is ill-defined and being set to 0.0 in labels with no predicted samples. Use `zero_division` parameter to control this behavior.
  _warn_prf(average, modifier, f"{metric.capitalize()} is", len(result))

2025-08-08 20:02:44,594:WARNING:/workspaces/TechCatalyst_DE_2025/pycaret_env/lib/python3.11/site-packages/sklearn/metrics/_classification.py:1561: UserWarning: Note that pos_label (set to 'Yes') is ignored when average != 'binary' (got 'weighted'). You may use labels=[pos_label] to specify a single positive class.
  warnings.warn(

2025-08-08 20:02:44,638:WARNING:/workspaces/TechCatalyst_DE_2025/pycaret_env/lib/python3.11/site-packages/sklearn/metrics/_classification.py:1561: UserWarning: Note that pos_label (set to 'Yes') is ignored when average != 'binary' (got 'weighted'). You may use labels=[pos_label] to specify a single positive class.
  warnings.warn(

2025-08-08 20:02:44,644:WARNING:/workspaces/TechCatalyst_DE_2025/pycaret_env/lib/python3.11/site-packages/sklearn/metrics/_classification.py:1561: UserWarning: Note that pos_label (set to 'Yes') is ignored when average != 'binary' (got 'weighted'). You may use labels=[pos_label] to specify a single positive class.
  warnings.warn(

2025-08-08 20:02:44,647:WARNING:/workspaces/TechCatalyst_DE_2025/pycaret_env/lib/python3.11/site-packages/sklearn/metrics/_classification.py:1509: UndefinedMetricWarning: Precision is ill-defined and being set to 0.0 in labels with no predicted samples. Use `zero_division` parameter to control this behavior.
  _warn_prf(average, modifier, f"{metric.capitalize()} is", len(result))

2025-08-08 20:02:44,650:WARNING:/workspaces/TechCatalyst_DE_2025/pycaret_env/lib/python3.11/site-packages/sklearn/metrics/_classification.py:1561: UserWarning: Note that pos_label (set to 'Yes') is ignored when average != 'binary' (got 'weighted'). You may use labels=[pos_label] to specify a single positive class.
  warnings.warn(

2025-08-08 20:02:44,950:WARNING:/workspaces/TechCatalyst_DE_2025/pycaret_env/lib/python3.11/site-packages/sklearn/ensemble/_weight_boosting.py:519: FutureWarning: The SAMME.R algorithm (the default) is deprecated and will be removed in 1.6. Use the SAMME algorithm to circumvent this warning.
  warnings.warn(

2025-08-08 20:02:45,030:WARNING:/workspaces/TechCatalyst_DE_2025/pycaret_env/lib/python3.11/site-packages/sklearn/metrics/_classification.py:1561: UserWarning: Note that pos_label (set to 'Yes') is ignored when average != 'binary' (got 'weighted'). You may use labels=[pos_label] to specify a single positive class.
  warnings.warn(

2025-08-08 20:02:45,036:WARNING:/workspaces/TechCatalyst_DE_2025/pycaret_env/lib/python3.11/site-packages/sklearn/metrics/_classification.py:1561: UserWarning: Note that pos_label (set to 'Yes') is ignored when average != 'binary' (got 'weighted'). You may use labels=[pos_label] to specify a single positive class.
  warnings.warn(

2025-08-08 20:02:45,039:WARNING:/workspaces/TechCatalyst_DE_2025/pycaret_env/lib/python3.11/site-packages/sklearn/metrics/_classification.py:1509: UndefinedMetricWarning: Precision is ill-defined and being set to 0.0 in labels with no predicted samples. Use `zero_division` parameter to control this behavior.
  _warn_prf(average, modifier, f"{metric.capitalize()} is", len(result))

2025-08-08 20:02:45,040:WARNING:/workspaces/TechCatalyst_DE_2025/pycaret_env/lib/python3.11/site-packages/sklearn/ensemble/_weight_boosting.py:519: FutureWarning: The SAMME.R algorithm (the default) is deprecated and will be removed in 1.6. Use the SAMME algorithm to circumvent this warning.
  warnings.warn(

2025-08-08 20:02:45,048:WARNING:/workspaces/TechCatalyst_DE_2025/pycaret_env/lib/python3.11/site-packages/sklearn/metrics/_classification.py:1561: UserWarning: Note that pos_label (set to 'Yes') is ignored when average != 'binary' (got 'weighted'). You may use labels=[pos_label] to specify a single positive class.
  warnings.warn(

2025-08-08 20:02:45,156:WARNING:/workspaces/TechCatalyst_DE_2025/pycaret_env/lib/python3.11/site-packages/sklearn/metrics/_classification.py:1561: UserWarning: Note that pos_label (set to 'Yes') is ignored when average != 'binary' (got 'weighted'). You may use labels=[pos_label] to specify a single positive class.
  warnings.warn(

2025-08-08 20:02:45,162:WARNING:/workspaces/TechCatalyst_DE_2025/pycaret_env/lib/python3.11/site-packages/sklearn/metrics/_classification.py:1561: UserWarning: Note that pos_label (set to 'Yes') is ignored when average != 'binary' (got 'weighted'). You may use labels=[pos_label] to specify a single positive class.
  warnings.warn(

2025-08-08 20:02:45,166:WARNING:/workspaces/TechCatalyst_DE_2025/pycaret_env/lib/python3.11/site-packages/sklearn/metrics/_classification.py:1509: UndefinedMetricWarning: Precision is ill-defined and being set to 0.0 in labels with no predicted samples. Use `zero_division` parameter to control this behavior.
  _warn_prf(average, modifier, f"{metric.capitalize()} is", len(result))

2025-08-08 20:02:45,169:WARNING:/workspaces/TechCatalyst_DE_2025/pycaret_env/lib/python3.11/site-packages/sklearn/metrics/_classification.py:1561: UserWarning: Note that pos_label (set to 'Yes') is ignored when average != 'binary' (got 'weighted'). You may use labels=[pos_label] to specify a single positive class.
  warnings.warn(

2025-08-08 20:02:45,420:WARNING:/workspaces/TechCatalyst_DE_2025/pycaret_env/lib/python3.11/site-packages/sklearn/ensemble/_weight_boosting.py:519: FutureWarning: The SAMME.R algorithm (the default) is deprecated and will be removed in 1.6. Use the SAMME algorithm to circumvent this warning.
  warnings.warn(

2025-08-08 20:02:45,489:WARNING:/workspaces/TechCatalyst_DE_2025/pycaret_env/lib/python3.11/site-packages/sklearn/ensemble/_weight_boosting.py:519: FutureWarning: The SAMME.R algorithm (the default) is deprecated and will be removed in 1.6. Use the SAMME algorithm to circumvent this warning.
  warnings.warn(

2025-08-08 20:02:45,503:WARNING:/workspaces/TechCatalyst_DE_2025/pycaret_env/lib/python3.11/site-packages/sklearn/metrics/_classification.py:1561: UserWarning: Note that pos_label (set to 'Yes') is ignored when average != 'binary' (got 'weighted'). You may use labels=[pos_label] to specify a single positive class.
  warnings.warn(

2025-08-08 20:02:45,510:WARNING:/workspaces/TechCatalyst_DE_2025/pycaret_env/lib/python3.11/site-packages/sklearn/metrics/_classification.py:1561: UserWarning: Note that pos_label (set to 'Yes') is ignored when average != 'binary' (got 'weighted'). You may use labels=[pos_label] to specify a single positive class.
  warnings.warn(

2025-08-08 20:02:45,513:WARNING:/workspaces/TechCatalyst_DE_2025/pycaret_env/lib/python3.11/site-packages/sklearn/metrics/_classification.py:1509: UndefinedMetricWarning: Precision is ill-defined and being set to 0.0 in labels with no predicted samples. Use `zero_division` parameter to control this behavior.
  _warn_prf(average, modifier, f"{metric.capitalize()} is", len(result))

2025-08-08 20:02:45,516:WARNING:/workspaces/TechCatalyst_DE_2025/pycaret_env/lib/python3.11/site-packages/sklearn/metrics/_classification.py:1561: UserWarning: Note that pos_label (set to 'Yes') is ignored when average != 'binary' (got 'weighted'). You may use labels=[pos_label] to specify a single positive class.
  warnings.warn(

2025-08-08 20:02:45,559:WARNING:/workspaces/TechCatalyst_DE_2025/pycaret_env/lib/python3.11/site-packages/sklearn/metrics/_classification.py:1561: UserWarning: Note that pos_label (set to 'Yes') is ignored when average != 'binary' (got 'weighted'). You may use labels=[pos_label] to specify a single positive class.
  warnings.warn(

2025-08-08 20:02:45,563:WARNING:/workspaces/TechCatalyst_DE_2025/pycaret_env/lib/python3.11/site-packages/sklearn/metrics/_classification.py:1561: UserWarning: Note that pos_label (set to 'Yes') is ignored when average != 'binary' (got 'weighted'). You may use labels=[pos_label] to specify a single positive class.
  warnings.warn(

2025-08-08 20:02:45,565:WARNING:/workspaces/TechCatalyst_DE_2025/pycaret_env/lib/python3.11/site-packages/sklearn/metrics/_classification.py:1509: UndefinedMetricWarning: Precision is ill-defined and being set to 0.0 in labels with no predicted samples. Use `zero_division` parameter to control this behavior.
  _warn_prf(average, modifier, f"{metric.capitalize()} is", len(result))

2025-08-08 20:02:45,567:WARNING:/workspaces/TechCatalyst_DE_2025/pycaret_env/lib/python3.11/site-packages/sklearn/metrics/_classification.py:1561: UserWarning: Note that pos_label (set to 'Yes') is ignored when average != 'binary' (got 'weighted'). You may use labels=[pos_label] to specify a single positive class.
  warnings.warn(

2025-08-08 20:02:45,575:INFO:Calculating mean and std
2025-08-08 20:02:45,576:INFO:Creating metrics dataframe
2025-08-08 20:02:45,578:INFO:Uploading results into container
2025-08-08 20:02:45,578:INFO:Uploading model into container now
2025-08-08 20:02:45,579:INFO:_master_model_container: 9
2025-08-08 20:02:45,579:INFO:_display_container: 2
2025-08-08 20:02:45,579:INFO:AdaBoostClassifier(algorithm='SAMME.R', estimator=None, learning_rate=1.0,
                   n_estimators=50, random_state=42)
2025-08-08 20:02:45,579:INFO:create_model() successfully completed......................................
2025-08-08 20:02:45,759:INFO:SubProcess create_model() end ==================================
2025-08-08 20:02:45,759:INFO:Creating metrics dataframe
2025-08-08 20:02:45,766:INFO:Initializing Gradient Boosting Classifier
2025-08-08 20:02:45,767:INFO:Total runtime is 0.5751688877741494 minutes
2025-08-08 20:02:45,770:INFO:SubProcess create_model() called ==================================
2025-08-08 20:02:45,771:INFO:Initializing create_model()
2025-08-08 20:02:45,771:INFO:create_model(self=<pycaret.classification.oop.ClassificationExperiment object at 0x7bdce3e84050>, estimator=gbc, fold=StratifiedKFold(n_splits=10, random_state=None, shuffle=False), round=4, cross_validation=True, predict=True, fit_kwargs={}, groups=None, refit=False, probability_threshold=None, experiment_custom_tags=None, verbose=False, system=False, add_to_model_list=True, metrics=None, display=<pycaret.internal.display.display.CommonDisplay object at 0x7bdcd07cc410>, model_only=True, return_train_score=False, error_score=0.0, kwargs={})
2025-08-08 20:02:45,771:INFO:Checking exceptions
2025-08-08 20:02:45,771:INFO:Importing libraries
2025-08-08 20:02:45,771:INFO:Copying training dataset
2025-08-08 20:02:45,779:INFO:Defining folds
2025-08-08 20:02:45,779:INFO:Declaring metric variables
2025-08-08 20:02:45,783:INFO:Importing untrained model
2025-08-08 20:02:45,786:INFO:Gradient Boosting Classifier Imported successfully
2025-08-08 20:02:45,793:INFO:Starting cross validation
2025-08-08 20:02:45,797:INFO:Cross validating with StratifiedKFold(n_splits=10, random_state=None, shuffle=False), n_jobs=-1
2025-08-08 20:02:46,674:WARNING:/workspaces/TechCatalyst_DE_2025/pycaret_env/lib/python3.11/site-packages/sklearn/metrics/_classification.py:1561: UserWarning: Note that pos_label (set to 'Yes') is ignored when average != 'binary' (got 'weighted'). You may use labels=[pos_label] to specify a single positive class.
  warnings.warn(

2025-08-08 20:02:46,680:WARNING:/workspaces/TechCatalyst_DE_2025/pycaret_env/lib/python3.11/site-packages/sklearn/metrics/_classification.py:1561: UserWarning: Note that pos_label (set to 'Yes') is ignored when average != 'binary' (got 'weighted'). You may use labels=[pos_label] to specify a single positive class.
  warnings.warn(

2025-08-08 20:02:46,684:WARNING:/workspaces/TechCatalyst_DE_2025/pycaret_env/lib/python3.11/site-packages/sklearn/metrics/_classification.py:1509: UndefinedMetricWarning: Precision is ill-defined and being set to 0.0 in labels with no predicted samples. Use `zero_division` parameter to control this behavior.
  _warn_prf(average, modifier, f"{metric.capitalize()} is", len(result))

2025-08-08 20:02:46,687:WARNING:/workspaces/TechCatalyst_DE_2025/pycaret_env/lib/python3.11/site-packages/sklearn/metrics/_classification.py:1561: UserWarning: Note that pos_label (set to 'Yes') is ignored when average != 'binary' (got 'weighted'). You may use labels=[pos_label] to specify a single positive class.
  warnings.warn(

2025-08-08 20:02:46,735:WARNING:/workspaces/TechCatalyst_DE_2025/pycaret_env/lib/python3.11/site-packages/sklearn/metrics/_classification.py:1561: UserWarning: Note that pos_label (set to 'Yes') is ignored when average != 'binary' (got 'weighted'). You may use labels=[pos_label] to specify a single positive class.
  warnings.warn(

2025-08-08 20:02:46,740:WARNING:/workspaces/TechCatalyst_DE_2025/pycaret_env/lib/python3.11/site-packages/sklearn/metrics/_classification.py:1561: UserWarning: Note that pos_label (set to 'Yes') is ignored when average != 'binary' (got 'weighted'). You may use labels=[pos_label] to specify a single positive class.
  warnings.warn(

2025-08-08 20:02:46,748:WARNING:/workspaces/TechCatalyst_DE_2025/pycaret_env/lib/python3.11/site-packages/sklearn/metrics/_classification.py:1509: UndefinedMetricWarning: Precision is ill-defined and being set to 0.0 in labels with no predicted samples. Use `zero_division` parameter to control this behavior.
  _warn_prf(average, modifier, f"{metric.capitalize()} is", len(result))

2025-08-08 20:02:46,760:WARNING:/workspaces/TechCatalyst_DE_2025/pycaret_env/lib/python3.11/site-packages/sklearn/metrics/_classification.py:1561: UserWarning: Note that pos_label (set to 'Yes') is ignored when average != 'binary' (got 'weighted'). You may use labels=[pos_label] to specify a single positive class.
  warnings.warn(

2025-08-08 20:02:47,563:WARNING:/workspaces/TechCatalyst_DE_2025/pycaret_env/lib/python3.11/site-packages/sklearn/metrics/_classification.py:1561: UserWarning: Note that pos_label (set to 'Yes') is ignored when average != 'binary' (got 'weighted'). You may use labels=[pos_label] to specify a single positive class.
  warnings.warn(

2025-08-08 20:02:47,569:WARNING:/workspaces/TechCatalyst_DE_2025/pycaret_env/lib/python3.11/site-packages/sklearn/metrics/_classification.py:1561: UserWarning: Note that pos_label (set to 'Yes') is ignored when average != 'binary' (got 'weighted'). You may use labels=[pos_label] to specify a single positive class.
  warnings.warn(

2025-08-08 20:02:47,573:WARNING:/workspaces/TechCatalyst_DE_2025/pycaret_env/lib/python3.11/site-packages/sklearn/metrics/_classification.py:1509: UndefinedMetricWarning: Precision is ill-defined and being set to 0.0 in labels with no predicted samples. Use `zero_division` parameter to control this behavior.
  _warn_prf(average, modifier, f"{metric.capitalize()} is", len(result))

2025-08-08 20:02:47,576:WARNING:/workspaces/TechCatalyst_DE_2025/pycaret_env/lib/python3.11/site-packages/sklearn/metrics/_classification.py:1561: UserWarning: Note that pos_label (set to 'Yes') is ignored when average != 'binary' (got 'weighted'). You may use labels=[pos_label] to specify a single positive class.
  warnings.warn(

2025-08-08 20:02:47,615:WARNING:/workspaces/TechCatalyst_DE_2025/pycaret_env/lib/python3.11/site-packages/sklearn/metrics/_classification.py:1561: UserWarning: Note that pos_label (set to 'Yes') is ignored when average != 'binary' (got 'weighted'). You may use labels=[pos_label] to specify a single positive class.
  warnings.warn(

2025-08-08 20:02:47,621:WARNING:/workspaces/TechCatalyst_DE_2025/pycaret_env/lib/python3.11/site-packages/sklearn/metrics/_classification.py:1561: UserWarning: Note that pos_label (set to 'Yes') is ignored when average != 'binary' (got 'weighted'). You may use labels=[pos_label] to specify a single positive class.
  warnings.warn(

2025-08-08 20:02:47,624:WARNING:/workspaces/TechCatalyst_DE_2025/pycaret_env/lib/python3.11/site-packages/sklearn/metrics/_classification.py:1509: UndefinedMetricWarning: Precision is ill-defined and being set to 0.0 in labels with no predicted samples. Use `zero_division` parameter to control this behavior.
  _warn_prf(average, modifier, f"{metric.capitalize()} is", len(result))

2025-08-08 20:02:47,626:WARNING:/workspaces/TechCatalyst_DE_2025/pycaret_env/lib/python3.11/site-packages/sklearn/metrics/_classification.py:1561: UserWarning: Note that pos_label (set to 'Yes') is ignored when average != 'binary' (got 'weighted'). You may use labels=[pos_label] to specify a single positive class.
  warnings.warn(

2025-08-08 20:02:48,671:WARNING:/workspaces/TechCatalyst_DE_2025/pycaret_env/lib/python3.11/site-packages/sklearn/metrics/_classification.py:1561: UserWarning: Note that pos_label (set to 'Yes') is ignored when average != 'binary' (got 'weighted'). You may use labels=[pos_label] to specify a single positive class.
  warnings.warn(

2025-08-08 20:02:48,678:WARNING:/workspaces/TechCatalyst_DE_2025/pycaret_env/lib/python3.11/site-packages/sklearn/metrics/_classification.py:1561: UserWarning: Note that pos_label (set to 'Yes') is ignored when average != 'binary' (got 'weighted'). You may use labels=[pos_label] to specify a single positive class.
  warnings.warn(

2025-08-08 20:02:48,685:WARNING:/workspaces/TechCatalyst_DE_2025/pycaret_env/lib/python3.11/site-packages/sklearn/metrics/_classification.py:1509: UndefinedMetricWarning: Precision is ill-defined and being set to 0.0 in labels with no predicted samples. Use `zero_division` parameter to control this behavior.
  _warn_prf(average, modifier, f"{metric.capitalize()} is", len(result))

2025-08-08 20:02:48,692:WARNING:/workspaces/TechCatalyst_DE_2025/pycaret_env/lib/python3.11/site-packages/sklearn/metrics/_classification.py:1561: UserWarning: Note that pos_label (set to 'Yes') is ignored when average != 'binary' (got 'weighted'). You may use labels=[pos_label] to specify a single positive class.
  warnings.warn(

2025-08-08 20:02:48,800:WARNING:/workspaces/TechCatalyst_DE_2025/pycaret_env/lib/python3.11/site-packages/sklearn/metrics/_classification.py:1561: UserWarning: Note that pos_label (set to 'Yes') is ignored when average != 'binary' (got 'weighted'). You may use labels=[pos_label] to specify a single positive class.
  warnings.warn(

2025-08-08 20:02:48,819:WARNING:/workspaces/TechCatalyst_DE_2025/pycaret_env/lib/python3.11/site-packages/sklearn/metrics/_classification.py:1561: UserWarning: Note that pos_label (set to 'Yes') is ignored when average != 'binary' (got 'weighted'). You may use labels=[pos_label] to specify a single positive class.
  warnings.warn(

2025-08-08 20:02:48,826:WARNING:/workspaces/TechCatalyst_DE_2025/pycaret_env/lib/python3.11/site-packages/sklearn/metrics/_classification.py:1509: UndefinedMetricWarning: Precision is ill-defined and being set to 0.0 in labels with no predicted samples. Use `zero_division` parameter to control this behavior.
  _warn_prf(average, modifier, f"{metric.capitalize()} is", len(result))

2025-08-08 20:02:48,833:WARNING:/workspaces/TechCatalyst_DE_2025/pycaret_env/lib/python3.11/site-packages/sklearn/metrics/_classification.py:1561: UserWarning: Note that pos_label (set to 'Yes') is ignored when average != 'binary' (got 'weighted'). You may use labels=[pos_label] to specify a single positive class.
  warnings.warn(

2025-08-08 20:02:49,560:WARNING:/workspaces/TechCatalyst_DE_2025/pycaret_env/lib/python3.11/site-packages/sklearn/metrics/_classification.py:1561: UserWarning: Note that pos_label (set to 'Yes') is ignored when average != 'binary' (got 'weighted'). You may use labels=[pos_label] to specify a single positive class.
  warnings.warn(

2025-08-08 20:02:49,566:WARNING:/workspaces/TechCatalyst_DE_2025/pycaret_env/lib/python3.11/site-packages/sklearn/metrics/_classification.py:1561: UserWarning: Note that pos_label (set to 'Yes') is ignored when average != 'binary' (got 'weighted'). You may use labels=[pos_label] to specify a single positive class.
  warnings.warn(

2025-08-08 20:02:49,569:WARNING:/workspaces/TechCatalyst_DE_2025/pycaret_env/lib/python3.11/site-packages/sklearn/metrics/_classification.py:1509: UndefinedMetricWarning: Precision is ill-defined and being set to 0.0 in labels with no predicted samples. Use `zero_division` parameter to control this behavior.
  _warn_prf(average, modifier, f"{metric.capitalize()} is", len(result))

2025-08-08 20:02:49,571:WARNING:/workspaces/TechCatalyst_DE_2025/pycaret_env/lib/python3.11/site-packages/sklearn/metrics/_classification.py:1561: UserWarning: Note that pos_label (set to 'Yes') is ignored when average != 'binary' (got 'weighted'). You may use labels=[pos_label] to specify a single positive class.
  warnings.warn(

2025-08-08 20:02:49,695:WARNING:/workspaces/TechCatalyst_DE_2025/pycaret_env/lib/python3.11/site-packages/sklearn/metrics/_classification.py:1561: UserWarning: Note that pos_label (set to 'Yes') is ignored when average != 'binary' (got 'weighted'). You may use labels=[pos_label] to specify a single positive class.
  warnings.warn(

2025-08-08 20:02:49,704:WARNING:/workspaces/TechCatalyst_DE_2025/pycaret_env/lib/python3.11/site-packages/sklearn/metrics/_classification.py:1561: UserWarning: Note that pos_label (set to 'Yes') is ignored when average != 'binary' (got 'weighted'). You may use labels=[pos_label] to specify a single positive class.
  warnings.warn(

2025-08-08 20:02:49,710:WARNING:/workspaces/TechCatalyst_DE_2025/pycaret_env/lib/python3.11/site-packages/sklearn/metrics/_classification.py:1509: UndefinedMetricWarning: Precision is ill-defined and being set to 0.0 in labels with no predicted samples. Use `zero_division` parameter to control this behavior.
  _warn_prf(average, modifier, f"{metric.capitalize()} is", len(result))

2025-08-08 20:02:49,713:WARNING:/workspaces/TechCatalyst_DE_2025/pycaret_env/lib/python3.11/site-packages/sklearn/metrics/_classification.py:1561: UserWarning: Note that pos_label (set to 'Yes') is ignored when average != 'binary' (got 'weighted'). You may use labels=[pos_label] to specify a single positive class.
  warnings.warn(

2025-08-08 20:02:50,456:WARNING:/workspaces/TechCatalyst_DE_2025/pycaret_env/lib/python3.11/site-packages/sklearn/metrics/_classification.py:1561: UserWarning: Note that pos_label (set to 'Yes') is ignored when average != 'binary' (got 'weighted'). You may use labels=[pos_label] to specify a single positive class.
  warnings.warn(

2025-08-08 20:02:50,468:WARNING:/workspaces/TechCatalyst_DE_2025/pycaret_env/lib/python3.11/site-packages/sklearn/metrics/_classification.py:1561: UserWarning: Note that pos_label (set to 'Yes') is ignored when average != 'binary' (got 'weighted'). You may use labels=[pos_label] to specify a single positive class.
  warnings.warn(

2025-08-08 20:02:50,471:WARNING:/workspaces/TechCatalyst_DE_2025/pycaret_env/lib/python3.11/site-packages/sklearn/metrics/_classification.py:1509: UndefinedMetricWarning: Precision is ill-defined and being set to 0.0 in labels with no predicted samples. Use `zero_division` parameter to control this behavior.
  _warn_prf(average, modifier, f"{metric.capitalize()} is", len(result))

2025-08-08 20:02:50,474:WARNING:/workspaces/TechCatalyst_DE_2025/pycaret_env/lib/python3.11/site-packages/sklearn/metrics/_classification.py:1561: UserWarning: Note that pos_label (set to 'Yes') is ignored when average != 'binary' (got 'weighted'). You may use labels=[pos_label] to specify a single positive class.
  warnings.warn(

2025-08-08 20:02:50,515:WARNING:/workspaces/TechCatalyst_DE_2025/pycaret_env/lib/python3.11/site-packages/sklearn/metrics/_classification.py:1561: UserWarning: Note that pos_label (set to 'Yes') is ignored when average != 'binary' (got 'weighted'). You may use labels=[pos_label] to specify a single positive class.
  warnings.warn(

2025-08-08 20:02:50,518:WARNING:/workspaces/TechCatalyst_DE_2025/pycaret_env/lib/python3.11/site-packages/sklearn/metrics/_classification.py:1561: UserWarning: Note that pos_label (set to 'Yes') is ignored when average != 'binary' (got 'weighted'). You may use labels=[pos_label] to specify a single positive class.
  warnings.warn(

2025-08-08 20:02:50,520:WARNING:/workspaces/TechCatalyst_DE_2025/pycaret_env/lib/python3.11/site-packages/sklearn/metrics/_classification.py:1509: UndefinedMetricWarning: Precision is ill-defined and being set to 0.0 in labels with no predicted samples. Use `zero_division` parameter to control this behavior.
  _warn_prf(average, modifier, f"{metric.capitalize()} is", len(result))

2025-08-08 20:02:50,522:WARNING:/workspaces/TechCatalyst_DE_2025/pycaret_env/lib/python3.11/site-packages/sklearn/metrics/_classification.py:1561: UserWarning: Note that pos_label (set to 'Yes') is ignored when average != 'binary' (got 'weighted'). You may use labels=[pos_label] to specify a single positive class.
  warnings.warn(

2025-08-08 20:02:50,532:INFO:Calculating mean and std
2025-08-08 20:02:50,533:INFO:Creating metrics dataframe
2025-08-08 20:02:50,535:INFO:Uploading results into container
2025-08-08 20:02:50,536:INFO:Uploading model into container now
2025-08-08 20:02:50,536:INFO:_master_model_container: 10
2025-08-08 20:02:50,536:INFO:_display_container: 2
2025-08-08 20:02:50,536:INFO:GradientBoostingClassifier(ccp_alpha=0.0, criterion='friedman_mse', init=None,
                           learning_rate=0.1, loss='log_loss', max_depth=3,
                           max_features=None, max_leaf_nodes=None,
                           min_impurity_decrease=0.0, min_samples_leaf=1,
                           min_samples_split=2, min_weight_fraction_leaf=0.0,
                           n_estimators=100, n_iter_no_change=None,
                           random_state=42, subsample=1.0, tol=0.0001,
                           validation_fraction=0.1, verbose=0,
                           warm_start=False)
2025-08-08 20:02:50,537:INFO:create_model() successfully completed......................................
2025-08-08 20:02:50,731:INFO:SubProcess create_model() end ==================================
2025-08-08 20:02:50,731:INFO:Creating metrics dataframe
2025-08-08 20:02:50,750:INFO:Initializing Linear Discriminant Analysis
2025-08-08 20:02:50,753:INFO:Total runtime is 0.6582730054855346 minutes
2025-08-08 20:02:50,761:INFO:SubProcess create_model() called ==================================
2025-08-08 20:02:50,761:INFO:Initializing create_model()
2025-08-08 20:02:50,761:INFO:create_model(self=<pycaret.classification.oop.ClassificationExperiment object at 0x7bdce3e84050>, estimator=lda, fold=StratifiedKFold(n_splits=10, random_state=None, shuffle=False), round=4, cross_validation=True, predict=True, fit_kwargs={}, groups=None, refit=False, probability_threshold=None, experiment_custom_tags=None, verbose=False, system=False, add_to_model_list=True, metrics=None, display=<pycaret.internal.display.display.CommonDisplay object at 0x7bdcd07cc410>, model_only=True, return_train_score=False, error_score=0.0, kwargs={})
2025-08-08 20:02:50,762:INFO:Checking exceptions
2025-08-08 20:02:50,762:INFO:Importing libraries
2025-08-08 20:02:50,762:INFO:Copying training dataset
2025-08-08 20:02:50,781:INFO:Defining folds
2025-08-08 20:02:50,783:INFO:Declaring metric variables
2025-08-08 20:02:50,793:INFO:Importing untrained model
2025-08-08 20:02:50,802:INFO:Linear Discriminant Analysis Imported successfully
2025-08-08 20:02:50,822:INFO:Starting cross validation
2025-08-08 20:02:50,830:INFO:Cross validating with StratifiedKFold(n_splits=10, random_state=None, shuffle=False), n_jobs=-1
2025-08-08 20:02:51,510:WARNING:/workspaces/TechCatalyst_DE_2025/pycaret_env/lib/python3.11/site-packages/sklearn/metrics/_classification.py:1561: UserWarning: Note that pos_label (set to 'Yes') is ignored when average != 'binary' (got 'weighted'). You may use labels=[pos_label] to specify a single positive class.
  warnings.warn(

2025-08-08 20:02:51,524:WARNING:/workspaces/TechCatalyst_DE_2025/pycaret_env/lib/python3.11/site-packages/sklearn/metrics/_classification.py:1561: UserWarning: Note that pos_label (set to 'Yes') is ignored when average != 'binary' (got 'weighted'). You may use labels=[pos_label] to specify a single positive class.
  warnings.warn(

2025-08-08 20:02:51,524:WARNING:/workspaces/TechCatalyst_DE_2025/pycaret_env/lib/python3.11/site-packages/sklearn/metrics/_classification.py:1561: UserWarning: Note that pos_label (set to 'Yes') is ignored when average != 'binary' (got 'weighted'). You may use labels=[pos_label] to specify a single positive class.
  warnings.warn(

2025-08-08 20:02:51,535:WARNING:/workspaces/TechCatalyst_DE_2025/pycaret_env/lib/python3.11/site-packages/sklearn/metrics/_classification.py:1509: UndefinedMetricWarning: Precision is ill-defined and being set to 0.0 in labels with no predicted samples. Use `zero_division` parameter to control this behavior.
  _warn_prf(average, modifier, f"{metric.capitalize()} is", len(result))

2025-08-08 20:02:51,538:WARNING:/workspaces/TechCatalyst_DE_2025/pycaret_env/lib/python3.11/site-packages/sklearn/metrics/_classification.py:1561: UserWarning: Note that pos_label (set to 'Yes') is ignored when average != 'binary' (got 'weighted'). You may use labels=[pos_label] to specify a single positive class.
  warnings.warn(

2025-08-08 20:02:51,542:WARNING:/workspaces/TechCatalyst_DE_2025/pycaret_env/lib/python3.11/site-packages/sklearn/metrics/_classification.py:1561: UserWarning: Note that pos_label (set to 'Yes') is ignored when average != 'binary' (got 'weighted'). You may use labels=[pos_label] to specify a single positive class.
  warnings.warn(

2025-08-08 20:02:51,546:WARNING:/workspaces/TechCatalyst_DE_2025/pycaret_env/lib/python3.11/site-packages/sklearn/metrics/_classification.py:1509: UndefinedMetricWarning: Precision is ill-defined and being set to 0.0 in labels with no predicted samples. Use `zero_division` parameter to control this behavior.
  _warn_prf(average, modifier, f"{metric.capitalize()} is", len(result))

2025-08-08 20:02:51,551:WARNING:/workspaces/TechCatalyst_DE_2025/pycaret_env/lib/python3.11/site-packages/sklearn/metrics/_classification.py:1561: UserWarning: Note that pos_label (set to 'Yes') is ignored when average != 'binary' (got 'weighted'). You may use labels=[pos_label] to specify a single positive class.
  warnings.warn(

2025-08-08 20:02:52,011:WARNING:/workspaces/TechCatalyst_DE_2025/pycaret_env/lib/python3.11/site-packages/sklearn/metrics/_classification.py:1561: UserWarning: Note that pos_label (set to 'Yes') is ignored when average != 'binary' (got 'weighted'). You may use labels=[pos_label] to specify a single positive class.
  warnings.warn(

2025-08-08 20:02:52,018:WARNING:/workspaces/TechCatalyst_DE_2025/pycaret_env/lib/python3.11/site-packages/sklearn/metrics/_classification.py:1561: UserWarning: Note that pos_label (set to 'Yes') is ignored when average != 'binary' (got 'weighted'). You may use labels=[pos_label] to specify a single positive class.
  warnings.warn(

2025-08-08 20:02:52,021:WARNING:/workspaces/TechCatalyst_DE_2025/pycaret_env/lib/python3.11/site-packages/sklearn/metrics/_classification.py:1509: UndefinedMetricWarning: Precision is ill-defined and being set to 0.0 in labels with no predicted samples. Use `zero_division` parameter to control this behavior.
  _warn_prf(average, modifier, f"{metric.capitalize()} is", len(result))

2025-08-08 20:02:52,023:WARNING:/workspaces/TechCatalyst_DE_2025/pycaret_env/lib/python3.11/site-packages/sklearn/metrics/_classification.py:1561: UserWarning: Note that pos_label (set to 'Yes') is ignored when average != 'binary' (got 'weighted'). You may use labels=[pos_label] to specify a single positive class.
  warnings.warn(

2025-08-08 20:02:52,024:WARNING:/workspaces/TechCatalyst_DE_2025/pycaret_env/lib/python3.11/site-packages/sklearn/metrics/_classification.py:1561: UserWarning: Note that pos_label (set to 'Yes') is ignored when average != 'binary' (got 'weighted'). You may use labels=[pos_label] to specify a single positive class.
  warnings.warn(

2025-08-08 20:02:52,029:WARNING:/workspaces/TechCatalyst_DE_2025/pycaret_env/lib/python3.11/site-packages/sklearn/metrics/_classification.py:1561: UserWarning: Note that pos_label (set to 'Yes') is ignored when average != 'binary' (got 'weighted'). You may use labels=[pos_label] to specify a single positive class.
  warnings.warn(

2025-08-08 20:02:52,032:WARNING:/workspaces/TechCatalyst_DE_2025/pycaret_env/lib/python3.11/site-packages/sklearn/metrics/_classification.py:1509: UndefinedMetricWarning: Precision is ill-defined and being set to 0.0 in labels with no predicted samples. Use `zero_division` parameter to control this behavior.
  _warn_prf(average, modifier, f"{metric.capitalize()} is", len(result))

2025-08-08 20:02:52,038:WARNING:/workspaces/TechCatalyst_DE_2025/pycaret_env/lib/python3.11/site-packages/sklearn/metrics/_classification.py:1561: UserWarning: Note that pos_label (set to 'Yes') is ignored when average != 'binary' (got 'weighted'). You may use labels=[pos_label] to specify a single positive class.
  warnings.warn(

2025-08-08 20:02:52,535:WARNING:/workspaces/TechCatalyst_DE_2025/pycaret_env/lib/python3.11/site-packages/sklearn/metrics/_classification.py:1561: UserWarning: Note that pos_label (set to 'Yes') is ignored when average != 'binary' (got 'weighted'). You may use labels=[pos_label] to specify a single positive class.
  warnings.warn(

2025-08-08 20:02:52,553:WARNING:/workspaces/TechCatalyst_DE_2025/pycaret_env/lib/python3.11/site-packages/sklearn/metrics/_classification.py:1561: UserWarning: Note that pos_label (set to 'Yes') is ignored when average != 'binary' (got 'weighted'). You may use labels=[pos_label] to specify a single positive class.
  warnings.warn(

2025-08-08 20:02:52,562:WARNING:/workspaces/TechCatalyst_DE_2025/pycaret_env/lib/python3.11/site-packages/sklearn/metrics/_classification.py:1509: UndefinedMetricWarning: Precision is ill-defined and being set to 0.0 in labels with no predicted samples. Use `zero_division` parameter to control this behavior.
  _warn_prf(average, modifier, f"{metric.capitalize()} is", len(result))

2025-08-08 20:02:52,570:WARNING:/workspaces/TechCatalyst_DE_2025/pycaret_env/lib/python3.11/site-packages/sklearn/metrics/_classification.py:1561: UserWarning: Note that pos_label (set to 'Yes') is ignored when average != 'binary' (got 'weighted'). You may use labels=[pos_label] to specify a single positive class.
  warnings.warn(

2025-08-08 20:02:52,580:WARNING:/workspaces/TechCatalyst_DE_2025/pycaret_env/lib/python3.11/site-packages/sklearn/metrics/_classification.py:1561: UserWarning: Note that pos_label (set to 'Yes') is ignored when average != 'binary' (got 'weighted'). You may use labels=[pos_label] to specify a single positive class.
  warnings.warn(

2025-08-08 20:02:52,597:WARNING:/workspaces/TechCatalyst_DE_2025/pycaret_env/lib/python3.11/site-packages/sklearn/metrics/_classification.py:1561: UserWarning: Note that pos_label (set to 'Yes') is ignored when average != 'binary' (got 'weighted'). You may use labels=[pos_label] to specify a single positive class.
  warnings.warn(

2025-08-08 20:02:52,601:WARNING:/workspaces/TechCatalyst_DE_2025/pycaret_env/lib/python3.11/site-packages/sklearn/metrics/_classification.py:1509: UndefinedMetricWarning: Precision is ill-defined and being set to 0.0 in labels with no predicted samples. Use `zero_division` parameter to control this behavior.
  _warn_prf(average, modifier, f"{metric.capitalize()} is", len(result))

2025-08-08 20:02:52,604:WARNING:/workspaces/TechCatalyst_DE_2025/pycaret_env/lib/python3.11/site-packages/sklearn/metrics/_classification.py:1561: UserWarning: Note that pos_label (set to 'Yes') is ignored when average != 'binary' (got 'weighted'). You may use labels=[pos_label] to specify a single positive class.
  warnings.warn(

2025-08-08 20:02:53,162:WARNING:/workspaces/TechCatalyst_DE_2025/pycaret_env/lib/python3.11/site-packages/sklearn/metrics/_classification.py:1561: UserWarning: Note that pos_label (set to 'Yes') is ignored when average != 'binary' (got 'weighted'). You may use labels=[pos_label] to specify a single positive class.
  warnings.warn(

2025-08-08 20:02:53,169:WARNING:/workspaces/TechCatalyst_DE_2025/pycaret_env/lib/python3.11/site-packages/sklearn/metrics/_classification.py:1561: UserWarning: Note that pos_label (set to 'Yes') is ignored when average != 'binary' (got 'weighted'). You may use labels=[pos_label] to specify a single positive class.
  warnings.warn(

2025-08-08 20:02:53,172:WARNING:/workspaces/TechCatalyst_DE_2025/pycaret_env/lib/python3.11/site-packages/sklearn/metrics/_classification.py:1509: UndefinedMetricWarning: Precision is ill-defined and being set to 0.0 in labels with no predicted samples. Use `zero_division` parameter to control this behavior.
  _warn_prf(average, modifier, f"{metric.capitalize()} is", len(result))

2025-08-08 20:02:53,175:WARNING:/workspaces/TechCatalyst_DE_2025/pycaret_env/lib/python3.11/site-packages/sklearn/metrics/_classification.py:1561: UserWarning: Note that pos_label (set to 'Yes') is ignored when average != 'binary' (got 'weighted'). You may use labels=[pos_label] to specify a single positive class.
  warnings.warn(

2025-08-08 20:02:53,228:WARNING:/workspaces/TechCatalyst_DE_2025/pycaret_env/lib/python3.11/site-packages/sklearn/metrics/_classification.py:1561: UserWarning: Note that pos_label (set to 'Yes') is ignored when average != 'binary' (got 'weighted'). You may use labels=[pos_label] to specify a single positive class.
  warnings.warn(

2025-08-08 20:02:53,234:WARNING:/workspaces/TechCatalyst_DE_2025/pycaret_env/lib/python3.11/site-packages/sklearn/metrics/_classification.py:1561: UserWarning: Note that pos_label (set to 'Yes') is ignored when average != 'binary' (got 'weighted'). You may use labels=[pos_label] to specify a single positive class.
  warnings.warn(

2025-08-08 20:02:53,236:WARNING:/workspaces/TechCatalyst_DE_2025/pycaret_env/lib/python3.11/site-packages/sklearn/metrics/_classification.py:1509: UndefinedMetricWarning: Precision is ill-defined and being set to 0.0 in labels with no predicted samples. Use `zero_division` parameter to control this behavior.
  _warn_prf(average, modifier, f"{metric.capitalize()} is", len(result))

2025-08-08 20:02:53,239:WARNING:/workspaces/TechCatalyst_DE_2025/pycaret_env/lib/python3.11/site-packages/sklearn/metrics/_classification.py:1561: UserWarning: Note that pos_label (set to 'Yes') is ignored when average != 'binary' (got 'weighted'). You may use labels=[pos_label] to specify a single positive class.
  warnings.warn(

2025-08-08 20:02:53,630:WARNING:/workspaces/TechCatalyst_DE_2025/pycaret_env/lib/python3.11/site-packages/sklearn/metrics/_classification.py:1561: UserWarning: Note that pos_label (set to 'Yes') is ignored when average != 'binary' (got 'weighted'). You may use labels=[pos_label] to specify a single positive class.
  warnings.warn(

2025-08-08 20:02:53,639:WARNING:/workspaces/TechCatalyst_DE_2025/pycaret_env/lib/python3.11/site-packages/sklearn/metrics/_classification.py:1561: UserWarning: Note that pos_label (set to 'Yes') is ignored when average != 'binary' (got 'weighted'). You may use labels=[pos_label] to specify a single positive class.
  warnings.warn(

2025-08-08 20:02:53,643:WARNING:/workspaces/TechCatalyst_DE_2025/pycaret_env/lib/python3.11/site-packages/sklearn/metrics/_classification.py:1509: UndefinedMetricWarning: Precision is ill-defined and being set to 0.0 in labels with no predicted samples. Use `zero_division` parameter to control this behavior.
  _warn_prf(average, modifier, f"{metric.capitalize()} is", len(result))

2025-08-08 20:02:53,646:WARNING:/workspaces/TechCatalyst_DE_2025/pycaret_env/lib/python3.11/site-packages/sklearn/metrics/_classification.py:1561: UserWarning: Note that pos_label (set to 'Yes') is ignored when average != 'binary' (got 'weighted'). You may use labels=[pos_label] to specify a single positive class.
  warnings.warn(

2025-08-08 20:02:53,651:WARNING:/workspaces/TechCatalyst_DE_2025/pycaret_env/lib/python3.11/site-packages/sklearn/metrics/_classification.py:1561: UserWarning: Note that pos_label (set to 'Yes') is ignored when average != 'binary' (got 'weighted'). You may use labels=[pos_label] to specify a single positive class.
  warnings.warn(

2025-08-08 20:02:53,653:WARNING:/workspaces/TechCatalyst_DE_2025/pycaret_env/lib/python3.11/site-packages/sklearn/metrics/_classification.py:1561: UserWarning: Note that pos_label (set to 'Yes') is ignored when average != 'binary' (got 'weighted'). You may use labels=[pos_label] to specify a single positive class.
  warnings.warn(

2025-08-08 20:02:53,656:WARNING:/workspaces/TechCatalyst_DE_2025/pycaret_env/lib/python3.11/site-packages/sklearn/metrics/_classification.py:1509: UndefinedMetricWarning: Precision is ill-defined and being set to 0.0 in labels with no predicted samples. Use `zero_division` parameter to control this behavior.
  _warn_prf(average, modifier, f"{metric.capitalize()} is", len(result))

2025-08-08 20:02:53,659:WARNING:/workspaces/TechCatalyst_DE_2025/pycaret_env/lib/python3.11/site-packages/sklearn/metrics/_classification.py:1561: UserWarning: Note that pos_label (set to 'Yes') is ignored when average != 'binary' (got 'weighted'). You may use labels=[pos_label] to specify a single positive class.
  warnings.warn(

2025-08-08 20:02:53,670:INFO:Calculating mean and std
2025-08-08 20:02:53,672:INFO:Creating metrics dataframe
2025-08-08 20:02:53,674:INFO:Uploading results into container
2025-08-08 20:02:53,675:INFO:Uploading model into container now
2025-08-08 20:02:53,675:INFO:_master_model_container: 11
2025-08-08 20:02:53,675:INFO:_display_container: 2
2025-08-08 20:02:53,676:INFO:LinearDiscriminantAnalysis(covariance_estimator=None, n_components=None,
                           priors=None, shrinkage=None, solver='svd',
                           store_covariance=False, tol=0.0001)
2025-08-08 20:02:53,676:INFO:create_model() successfully completed......................................
2025-08-08 20:02:53,855:INFO:SubProcess create_model() end ==================================
2025-08-08 20:02:53,856:INFO:Creating metrics dataframe
2025-08-08 20:02:53,863:INFO:Initializing Extra Trees Classifier
2025-08-08 20:02:53,863:INFO:Total runtime is 0.7101054986317952 minutes
2025-08-08 20:02:53,865:INFO:SubProcess create_model() called ==================================
2025-08-08 20:02:53,866:INFO:Initializing create_model()
2025-08-08 20:02:53,866:INFO:create_model(self=<pycaret.classification.oop.ClassificationExperiment object at 0x7bdce3e84050>, estimator=et, fold=StratifiedKFold(n_splits=10, random_state=None, shuffle=False), round=4, cross_validation=True, predict=True, fit_kwargs={}, groups=None, refit=False, probability_threshold=None, experiment_custom_tags=None, verbose=False, system=False, add_to_model_list=True, metrics=None, display=<pycaret.internal.display.display.CommonDisplay object at 0x7bdcd07cc410>, model_only=True, return_train_score=False, error_score=0.0, kwargs={})
2025-08-08 20:02:53,866:INFO:Checking exceptions
2025-08-08 20:02:53,866:INFO:Importing libraries
2025-08-08 20:02:53,866:INFO:Copying training dataset
2025-08-08 20:02:53,874:INFO:Defining folds
2025-08-08 20:02:53,875:INFO:Declaring metric variables
2025-08-08 20:02:53,878:INFO:Importing untrained model
2025-08-08 20:02:53,882:INFO:Extra Trees Classifier Imported successfully
2025-08-08 20:02:53,888:INFO:Starting cross validation
2025-08-08 20:02:53,893:INFO:Cross validating with StratifiedKFold(n_splits=10, random_state=None, shuffle=False), n_jobs=-1
2025-08-08 20:02:54,663:WARNING:/workspaces/TechCatalyst_DE_2025/pycaret_env/lib/python3.11/site-packages/sklearn/metrics/_classification.py:1561: UserWarning: Note that pos_label (set to 'Yes') is ignored when average != 'binary' (got 'weighted'). You may use labels=[pos_label] to specify a single positive class.
  warnings.warn(

2025-08-08 20:02:54,676:WARNING:/workspaces/TechCatalyst_DE_2025/pycaret_env/lib/python3.11/site-packages/sklearn/metrics/_classification.py:1561: UserWarning: Note that pos_label (set to 'Yes') is ignored when average != 'binary' (got 'weighted'). You may use labels=[pos_label] to specify a single positive class.
  warnings.warn(

2025-08-08 20:02:54,685:WARNING:/workspaces/TechCatalyst_DE_2025/pycaret_env/lib/python3.11/site-packages/sklearn/metrics/_classification.py:1561: UserWarning: Note that pos_label (set to 'Yes') is ignored when average != 'binary' (got 'weighted'). You may use labels=[pos_label] to specify a single positive class.
  warnings.warn(

2025-08-08 20:02:54,795:WARNING:/workspaces/TechCatalyst_DE_2025/pycaret_env/lib/python3.11/site-packages/sklearn/metrics/_classification.py:1561: UserWarning: Note that pos_label (set to 'Yes') is ignored when average != 'binary' (got 'weighted'). You may use labels=[pos_label] to specify a single positive class.
  warnings.warn(

2025-08-08 20:02:54,801:WARNING:/workspaces/TechCatalyst_DE_2025/pycaret_env/lib/python3.11/site-packages/sklearn/metrics/_classification.py:1561: UserWarning: Note that pos_label (set to 'Yes') is ignored when average != 'binary' (got 'weighted'). You may use labels=[pos_label] to specify a single positive class.
  warnings.warn(

2025-08-08 20:02:54,807:WARNING:/workspaces/TechCatalyst_DE_2025/pycaret_env/lib/python3.11/site-packages/sklearn/metrics/_classification.py:1561: UserWarning: Note that pos_label (set to 'Yes') is ignored when average != 'binary' (got 'weighted'). You may use labels=[pos_label] to specify a single positive class.
  warnings.warn(

2025-08-08 20:02:55,853:WARNING:/workspaces/TechCatalyst_DE_2025/pycaret_env/lib/python3.11/site-packages/sklearn/metrics/_classification.py:1561: UserWarning: Note that pos_label (set to 'Yes') is ignored when average != 'binary' (got 'weighted'). You may use labels=[pos_label] to specify a single positive class.
  warnings.warn(

2025-08-08 20:02:55,859:WARNING:/workspaces/TechCatalyst_DE_2025/pycaret_env/lib/python3.11/site-packages/sklearn/metrics/_classification.py:1561: UserWarning: Note that pos_label (set to 'Yes') is ignored when average != 'binary' (got 'weighted'). You may use labels=[pos_label] to specify a single positive class.
  warnings.warn(

2025-08-08 20:02:55,864:WARNING:/workspaces/TechCatalyst_DE_2025/pycaret_env/lib/python3.11/site-packages/sklearn/metrics/_classification.py:1561: UserWarning: Note that pos_label (set to 'Yes') is ignored when average != 'binary' (got 'weighted'). You may use labels=[pos_label] to specify a single positive class.
  warnings.warn(

2025-08-08 20:02:55,901:WARNING:/workspaces/TechCatalyst_DE_2025/pycaret_env/lib/python3.11/site-packages/sklearn/metrics/_classification.py:1561: UserWarning: Note that pos_label (set to 'Yes') is ignored when average != 'binary' (got 'weighted'). You may use labels=[pos_label] to specify a single positive class.
  warnings.warn(

2025-08-08 20:02:55,913:WARNING:/workspaces/TechCatalyst_DE_2025/pycaret_env/lib/python3.11/site-packages/sklearn/metrics/_classification.py:1561: UserWarning: Note that pos_label (set to 'Yes') is ignored when average != 'binary' (got 'weighted'). You may use labels=[pos_label] to specify a single positive class.
  warnings.warn(

2025-08-08 20:02:55,931:WARNING:/workspaces/TechCatalyst_DE_2025/pycaret_env/lib/python3.11/site-packages/sklearn/metrics/_classification.py:1561: UserWarning: Note that pos_label (set to 'Yes') is ignored when average != 'binary' (got 'weighted'). You may use labels=[pos_label] to specify a single positive class.
  warnings.warn(

2025-08-08 20:02:56,954:WARNING:/workspaces/TechCatalyst_DE_2025/pycaret_env/lib/python3.11/site-packages/sklearn/metrics/_classification.py:1561: UserWarning: Note that pos_label (set to 'Yes') is ignored when average != 'binary' (got 'weighted'). You may use labels=[pos_label] to specify a single positive class.
  warnings.warn(

2025-08-08 20:02:56,966:WARNING:/workspaces/TechCatalyst_DE_2025/pycaret_env/lib/python3.11/site-packages/sklearn/metrics/_classification.py:1561: UserWarning: Note that pos_label (set to 'Yes') is ignored when average != 'binary' (got 'weighted'). You may use labels=[pos_label] to specify a single positive class.
  warnings.warn(

2025-08-08 20:02:56,978:WARNING:/workspaces/TechCatalyst_DE_2025/pycaret_env/lib/python3.11/site-packages/sklearn/metrics/_classification.py:1561: UserWarning: Note that pos_label (set to 'Yes') is ignored when average != 'binary' (got 'weighted'). You may use labels=[pos_label] to specify a single positive class.
  warnings.warn(

2025-08-08 20:02:57,083:WARNING:/workspaces/TechCatalyst_DE_2025/pycaret_env/lib/python3.11/site-packages/sklearn/metrics/_classification.py:1561: UserWarning: Note that pos_label (set to 'Yes') is ignored when average != 'binary' (got 'weighted'). You may use labels=[pos_label] to specify a single positive class.
  warnings.warn(

2025-08-08 20:02:57,089:WARNING:/workspaces/TechCatalyst_DE_2025/pycaret_env/lib/python3.11/site-packages/sklearn/metrics/_classification.py:1561: UserWarning: Note that pos_label (set to 'Yes') is ignored when average != 'binary' (got 'weighted'). You may use labels=[pos_label] to specify a single positive class.
  warnings.warn(

2025-08-08 20:02:57,098:WARNING:/workspaces/TechCatalyst_DE_2025/pycaret_env/lib/python3.11/site-packages/sklearn/metrics/_classification.py:1561: UserWarning: Note that pos_label (set to 'Yes') is ignored when average != 'binary' (got 'weighted'). You may use labels=[pos_label] to specify a single positive class.
  warnings.warn(

2025-08-08 20:02:57,900:WARNING:/workspaces/TechCatalyst_DE_2025/pycaret_env/lib/python3.11/site-packages/sklearn/metrics/_classification.py:1561: UserWarning: Note that pos_label (set to 'Yes') is ignored when average != 'binary' (got 'weighted'). You may use labels=[pos_label] to specify a single positive class.
  warnings.warn(

2025-08-08 20:02:57,907:WARNING:/workspaces/TechCatalyst_DE_2025/pycaret_env/lib/python3.11/site-packages/sklearn/metrics/_classification.py:1561: UserWarning: Note that pos_label (set to 'Yes') is ignored when average != 'binary' (got 'weighted'). You may use labels=[pos_label] to specify a single positive class.
  warnings.warn(

2025-08-08 20:02:57,916:WARNING:/workspaces/TechCatalyst_DE_2025/pycaret_env/lib/python3.11/site-packages/sklearn/metrics/_classification.py:1561: UserWarning: Note that pos_label (set to 'Yes') is ignored when average != 'binary' (got 'weighted'). You may use labels=[pos_label] to specify a single positive class.
  warnings.warn(

2025-08-08 20:02:58,006:WARNING:/workspaces/TechCatalyst_DE_2025/pycaret_env/lib/python3.11/site-packages/sklearn/metrics/_classification.py:1561: UserWarning: Note that pos_label (set to 'Yes') is ignored when average != 'binary' (got 'weighted'). You may use labels=[pos_label] to specify a single positive class.
  warnings.warn(

2025-08-08 20:02:58,016:WARNING:/workspaces/TechCatalyst_DE_2025/pycaret_env/lib/python3.11/site-packages/sklearn/metrics/_classification.py:1561: UserWarning: Note that pos_label (set to 'Yes') is ignored when average != 'binary' (got 'weighted'). You may use labels=[pos_label] to specify a single positive class.
  warnings.warn(

2025-08-08 20:02:58,032:WARNING:/workspaces/TechCatalyst_DE_2025/pycaret_env/lib/python3.11/site-packages/sklearn/metrics/_classification.py:1561: UserWarning: Note that pos_label (set to 'Yes') is ignored when average != 'binary' (got 'weighted'). You may use labels=[pos_label] to specify a single positive class.
  warnings.warn(

2025-08-08 20:02:59,270:WARNING:/workspaces/TechCatalyst_DE_2025/pycaret_env/lib/python3.11/site-packages/sklearn/metrics/_classification.py:1561: UserWarning: Note that pos_label (set to 'Yes') is ignored when average != 'binary' (got 'weighted'). You may use labels=[pos_label] to specify a single positive class.
  warnings.warn(

2025-08-08 20:02:59,302:WARNING:/workspaces/TechCatalyst_DE_2025/pycaret_env/lib/python3.11/site-packages/sklearn/metrics/_classification.py:1561: UserWarning: Note that pos_label (set to 'Yes') is ignored when average != 'binary' (got 'weighted'). You may use labels=[pos_label] to specify a single positive class.
  warnings.warn(

2025-08-08 20:02:59,310:WARNING:/workspaces/TechCatalyst_DE_2025/pycaret_env/lib/python3.11/site-packages/sklearn/metrics/_classification.py:1561: UserWarning: Note that pos_label (set to 'Yes') is ignored when average != 'binary' (got 'weighted'). You may use labels=[pos_label] to specify a single positive class.
  warnings.warn(

2025-08-08 20:02:59,452:WARNING:/workspaces/TechCatalyst_DE_2025/pycaret_env/lib/python3.11/site-packages/sklearn/metrics/_classification.py:1561: UserWarning: Note that pos_label (set to 'Yes') is ignored when average != 'binary' (got 'weighted'). You may use labels=[pos_label] to specify a single positive class.
  warnings.warn(

2025-08-08 20:02:59,456:WARNING:/workspaces/TechCatalyst_DE_2025/pycaret_env/lib/python3.11/site-packages/sklearn/metrics/_classification.py:1561: UserWarning: Note that pos_label (set to 'Yes') is ignored when average != 'binary' (got 'weighted'). You may use labels=[pos_label] to specify a single positive class.
  warnings.warn(

2025-08-08 20:02:59,458:WARNING:/workspaces/TechCatalyst_DE_2025/pycaret_env/lib/python3.11/site-packages/sklearn/metrics/_classification.py:1509: UndefinedMetricWarning: Precision is ill-defined and being set to 0.0 in labels with no predicted samples. Use `zero_division` parameter to control this behavior.
  _warn_prf(average, modifier, f"{metric.capitalize()} is", len(result))

2025-08-08 20:02:59,460:WARNING:/workspaces/TechCatalyst_DE_2025/pycaret_env/lib/python3.11/site-packages/sklearn/metrics/_classification.py:1561: UserWarning: Note that pos_label (set to 'Yes') is ignored when average != 'binary' (got 'weighted'). You may use labels=[pos_label] to specify a single positive class.
  warnings.warn(

2025-08-08 20:02:59,476:INFO:Calculating mean and std
2025-08-08 20:02:59,477:INFO:Creating metrics dataframe
2025-08-08 20:02:59,479:INFO:Uploading results into container
2025-08-08 20:02:59,480:INFO:Uploading model into container now
2025-08-08 20:02:59,481:INFO:_master_model_container: 12
2025-08-08 20:02:59,481:INFO:_display_container: 2
2025-08-08 20:02:59,482:INFO:ExtraTreesClassifier(bootstrap=False, ccp_alpha=0.0, class_weight=None,
                     criterion='gini', max_depth=None, max_features='sqrt',
                     max_leaf_nodes=None, max_samples=None,
                     min_impurity_decrease=0.0, min_samples_leaf=1,
                     min_samples_split=2, min_weight_fraction_leaf=0.0,
                     monotonic_cst=None, n_estimators=100, n_jobs=-1,
                     oob_score=False, random_state=42, verbose=0,
                     warm_start=False)
2025-08-08 20:02:59,482:INFO:create_model() successfully completed......................................
2025-08-08 20:02:59,769:INFO:SubProcess create_model() end ==================================
2025-08-08 20:02:59,769:INFO:Creating metrics dataframe
2025-08-08 20:02:59,777:INFO:Initializing Extreme Gradient Boosting
2025-08-08 20:02:59,777:INFO:Total runtime is 0.8086711406707763 minutes
2025-08-08 20:02:59,780:INFO:SubProcess create_model() called ==================================
2025-08-08 20:02:59,780:INFO:Initializing create_model()
2025-08-08 20:02:59,780:INFO:create_model(self=<pycaret.classification.oop.ClassificationExperiment object at 0x7bdce3e84050>, estimator=xgboost, fold=StratifiedKFold(n_splits=10, random_state=None, shuffle=False), round=4, cross_validation=True, predict=True, fit_kwargs={}, groups=None, refit=False, probability_threshold=None, experiment_custom_tags=None, verbose=False, system=False, add_to_model_list=True, metrics=None, display=<pycaret.internal.display.display.CommonDisplay object at 0x7bdcd07cc410>, model_only=True, return_train_score=False, error_score=0.0, kwargs={})
2025-08-08 20:02:59,780:INFO:Checking exceptions
2025-08-08 20:02:59,780:INFO:Importing libraries
2025-08-08 20:02:59,780:INFO:Copying training dataset
2025-08-08 20:02:59,790:INFO:Defining folds
2025-08-08 20:02:59,790:INFO:Declaring metric variables
2025-08-08 20:02:59,795:INFO:Importing untrained model
2025-08-08 20:02:59,800:INFO:Extreme Gradient Boosting Imported successfully
2025-08-08 20:02:59,806:INFO:Starting cross validation
2025-08-08 20:02:59,810:INFO:Cross validating with StratifiedKFold(n_splits=10, random_state=None, shuffle=False), n_jobs=-1
2025-08-08 20:03:00,522:WARNING:/workspaces/TechCatalyst_DE_2025/pycaret_env/lib/python3.11/site-packages/sklearn/metrics/_classification.py:1561: UserWarning: Note that pos_label (set to 'Yes') is ignored when average != 'binary' (got 'weighted'). You may use labels=[pos_label] to specify a single positive class.
  warnings.warn(

2025-08-08 20:03:00,523:WARNING:/workspaces/TechCatalyst_DE_2025/pycaret_env/lib/python3.11/site-packages/sklearn/metrics/_classification.py:1561: UserWarning: Note that pos_label (set to 'Yes') is ignored when average != 'binary' (got 'weighted'). You may use labels=[pos_label] to specify a single positive class.
  warnings.warn(

2025-08-08 20:03:00,528:WARNING:/workspaces/TechCatalyst_DE_2025/pycaret_env/lib/python3.11/site-packages/sklearn/metrics/_classification.py:1561: UserWarning: Note that pos_label (set to 'Yes') is ignored when average != 'binary' (got 'weighted'). You may use labels=[pos_label] to specify a single positive class.
  warnings.warn(

2025-08-08 20:03:00,529:WARNING:/workspaces/TechCatalyst_DE_2025/pycaret_env/lib/python3.11/site-packages/sklearn/metrics/_classification.py:1561: UserWarning: Note that pos_label (set to 'Yes') is ignored when average != 'binary' (got 'weighted'). You may use labels=[pos_label] to specify a single positive class.
  warnings.warn(

2025-08-08 20:03:00,532:WARNING:/workspaces/TechCatalyst_DE_2025/pycaret_env/lib/python3.11/site-packages/sklearn/metrics/_classification.py:1509: UndefinedMetricWarning: Precision is ill-defined and being set to 0.0 in labels with no predicted samples. Use `zero_division` parameter to control this behavior.
  _warn_prf(average, modifier, f"{metric.capitalize()} is", len(result))

2025-08-08 20:03:00,532:WARNING:/workspaces/TechCatalyst_DE_2025/pycaret_env/lib/python3.11/site-packages/sklearn/metrics/_classification.py:1509: UndefinedMetricWarning: Precision is ill-defined and being set to 0.0 in labels with no predicted samples. Use `zero_division` parameter to control this behavior.
  _warn_prf(average, modifier, f"{metric.capitalize()} is", len(result))

2025-08-08 20:03:00,534:WARNING:/workspaces/TechCatalyst_DE_2025/pycaret_env/lib/python3.11/site-packages/sklearn/metrics/_classification.py:1561: UserWarning: Note that pos_label (set to 'Yes') is ignored when average != 'binary' (got 'weighted'). You may use labels=[pos_label] to specify a single positive class.
  warnings.warn(

2025-08-08 20:03:00,535:WARNING:/workspaces/TechCatalyst_DE_2025/pycaret_env/lib/python3.11/site-packages/sklearn/metrics/_classification.py:1561: UserWarning: Note that pos_label (set to 'Yes') is ignored when average != 'binary' (got 'weighted'). You may use labels=[pos_label] to specify a single positive class.
  warnings.warn(

2025-08-08 20:03:00,985:WARNING:/workspaces/TechCatalyst_DE_2025/pycaret_env/lib/python3.11/site-packages/sklearn/metrics/_classification.py:1561: UserWarning: Note that pos_label (set to 'Yes') is ignored when average != 'binary' (got 'weighted'). You may use labels=[pos_label] to specify a single positive class.
  warnings.warn(

2025-08-08 20:03:00,991:WARNING:/workspaces/TechCatalyst_DE_2025/pycaret_env/lib/python3.11/site-packages/sklearn/metrics/_classification.py:1561: UserWarning: Note that pos_label (set to 'Yes') is ignored when average != 'binary' (got 'weighted'). You may use labels=[pos_label] to specify a single positive class.
  warnings.warn(

2025-08-08 20:03:00,994:WARNING:/workspaces/TechCatalyst_DE_2025/pycaret_env/lib/python3.11/site-packages/sklearn/metrics/_classification.py:1509: UndefinedMetricWarning: Precision is ill-defined and being set to 0.0 in labels with no predicted samples. Use `zero_division` parameter to control this behavior.
  _warn_prf(average, modifier, f"{metric.capitalize()} is", len(result))

2025-08-08 20:03:00,997:WARNING:/workspaces/TechCatalyst_DE_2025/pycaret_env/lib/python3.11/site-packages/sklearn/metrics/_classification.py:1561: UserWarning: Note that pos_label (set to 'Yes') is ignored when average != 'binary' (got 'weighted'). You may use labels=[pos_label] to specify a single positive class.
  warnings.warn(

2025-08-08 20:03:01,007:WARNING:/workspaces/TechCatalyst_DE_2025/pycaret_env/lib/python3.11/site-packages/sklearn/metrics/_classification.py:1561: UserWarning: Note that pos_label (set to 'Yes') is ignored when average != 'binary' (got 'weighted'). You may use labels=[pos_label] to specify a single positive class.
  warnings.warn(

2025-08-08 20:03:01,013:WARNING:/workspaces/TechCatalyst_DE_2025/pycaret_env/lib/python3.11/site-packages/sklearn/metrics/_classification.py:1561: UserWarning: Note that pos_label (set to 'Yes') is ignored when average != 'binary' (got 'weighted'). You may use labels=[pos_label] to specify a single positive class.
  warnings.warn(

2025-08-08 20:03:01,018:WARNING:/workspaces/TechCatalyst_DE_2025/pycaret_env/lib/python3.11/site-packages/sklearn/metrics/_classification.py:1509: UndefinedMetricWarning: Precision is ill-defined and being set to 0.0 in labels with no predicted samples. Use `zero_division` parameter to control this behavior.
  _warn_prf(average, modifier, f"{metric.capitalize()} is", len(result))

2025-08-08 20:03:01,027:WARNING:/workspaces/TechCatalyst_DE_2025/pycaret_env/lib/python3.11/site-packages/sklearn/metrics/_classification.py:1561: UserWarning: Note that pos_label (set to 'Yes') is ignored when average != 'binary' (got 'weighted'). You may use labels=[pos_label] to specify a single positive class.
  warnings.warn(

2025-08-08 20:03:01,463:WARNING:/workspaces/TechCatalyst_DE_2025/pycaret_env/lib/python3.11/site-packages/sklearn/metrics/_classification.py:1561: UserWarning: Note that pos_label (set to 'Yes') is ignored when average != 'binary' (got 'weighted'). You may use labels=[pos_label] to specify a single positive class.
  warnings.warn(

2025-08-08 20:03:01,469:WARNING:/workspaces/TechCatalyst_DE_2025/pycaret_env/lib/python3.11/site-packages/sklearn/metrics/_classification.py:1561: UserWarning: Note that pos_label (set to 'Yes') is ignored when average != 'binary' (got 'weighted'). You may use labels=[pos_label] to specify a single positive class.
  warnings.warn(

2025-08-08 20:03:01,472:WARNING:/workspaces/TechCatalyst_DE_2025/pycaret_env/lib/python3.11/site-packages/sklearn/metrics/_classification.py:1509: UndefinedMetricWarning: Precision is ill-defined and being set to 0.0 in labels with no predicted samples. Use `zero_division` parameter to control this behavior.
  _warn_prf(average, modifier, f"{metric.capitalize()} is", len(result))

2025-08-08 20:03:01,475:WARNING:/workspaces/TechCatalyst_DE_2025/pycaret_env/lib/python3.11/site-packages/sklearn/metrics/_classification.py:1561: UserWarning: Note that pos_label (set to 'Yes') is ignored when average != 'binary' (got 'weighted'). You may use labels=[pos_label] to specify a single positive class.
  warnings.warn(

2025-08-08 20:03:01,545:WARNING:/workspaces/TechCatalyst_DE_2025/pycaret_env/lib/python3.11/site-packages/sklearn/metrics/_classification.py:1561: UserWarning: Note that pos_label (set to 'Yes') is ignored when average != 'binary' (got 'weighted'). You may use labels=[pos_label] to specify a single positive class.
  warnings.warn(

2025-08-08 20:03:01,552:WARNING:/workspaces/TechCatalyst_DE_2025/pycaret_env/lib/python3.11/site-packages/sklearn/metrics/_classification.py:1561: UserWarning: Note that pos_label (set to 'Yes') is ignored when average != 'binary' (got 'weighted'). You may use labels=[pos_label] to specify a single positive class.
  warnings.warn(

2025-08-08 20:03:01,555:WARNING:/workspaces/TechCatalyst_DE_2025/pycaret_env/lib/python3.11/site-packages/sklearn/metrics/_classification.py:1509: UndefinedMetricWarning: Precision is ill-defined and being set to 0.0 in labels with no predicted samples. Use `zero_division` parameter to control this behavior.
  _warn_prf(average, modifier, f"{metric.capitalize()} is", len(result))

2025-08-08 20:03:01,558:WARNING:/workspaces/TechCatalyst_DE_2025/pycaret_env/lib/python3.11/site-packages/sklearn/metrics/_classification.py:1561: UserWarning: Note that pos_label (set to 'Yes') is ignored when average != 'binary' (got 'weighted'). You may use labels=[pos_label] to specify a single positive class.
  warnings.warn(

2025-08-08 20:03:02,179:WARNING:/workspaces/TechCatalyst_DE_2025/pycaret_env/lib/python3.11/site-packages/sklearn/metrics/_classification.py:1561: UserWarning: Note that pos_label (set to 'Yes') is ignored when average != 'binary' (got 'weighted'). You may use labels=[pos_label] to specify a single positive class.
  warnings.warn(

2025-08-08 20:03:02,179:WARNING:/workspaces/TechCatalyst_DE_2025/pycaret_env/lib/python3.11/site-packages/sklearn/metrics/_classification.py:1561: UserWarning: Note that pos_label (set to 'Yes') is ignored when average != 'binary' (got 'weighted'). You may use labels=[pos_label] to specify a single positive class.
  warnings.warn(

2025-08-08 20:03:02,184:WARNING:/workspaces/TechCatalyst_DE_2025/pycaret_env/lib/python3.11/site-packages/sklearn/metrics/_classification.py:1561: UserWarning: Note that pos_label (set to 'Yes') is ignored when average != 'binary' (got 'weighted'). You may use labels=[pos_label] to specify a single positive class.
  warnings.warn(

2025-08-08 20:03:02,185:WARNING:/workspaces/TechCatalyst_DE_2025/pycaret_env/lib/python3.11/site-packages/sklearn/metrics/_classification.py:1561: UserWarning: Note that pos_label (set to 'Yes') is ignored when average != 'binary' (got 'weighted'). You may use labels=[pos_label] to specify a single positive class.
  warnings.warn(

2025-08-08 20:03:02,188:WARNING:/workspaces/TechCatalyst_DE_2025/pycaret_env/lib/python3.11/site-packages/sklearn/metrics/_classification.py:1509: UndefinedMetricWarning: Precision is ill-defined and being set to 0.0 in labels with no predicted samples. Use `zero_division` parameter to control this behavior.
  _warn_prf(average, modifier, f"{metric.capitalize()} is", len(result))

2025-08-08 20:03:02,188:WARNING:/workspaces/TechCatalyst_DE_2025/pycaret_env/lib/python3.11/site-packages/sklearn/metrics/_classification.py:1509: UndefinedMetricWarning: Precision is ill-defined and being set to 0.0 in labels with no predicted samples. Use `zero_division` parameter to control this behavior.
  _warn_prf(average, modifier, f"{metric.capitalize()} is", len(result))

2025-08-08 20:03:02,190:WARNING:/workspaces/TechCatalyst_DE_2025/pycaret_env/lib/python3.11/site-packages/sklearn/metrics/_classification.py:1561: UserWarning: Note that pos_label (set to 'Yes') is ignored when average != 'binary' (got 'weighted'). You may use labels=[pos_label] to specify a single positive class.
  warnings.warn(

2025-08-08 20:03:02,190:WARNING:/workspaces/TechCatalyst_DE_2025/pycaret_env/lib/python3.11/site-packages/sklearn/metrics/_classification.py:1561: UserWarning: Note that pos_label (set to 'Yes') is ignored when average != 'binary' (got 'weighted'). You may use labels=[pos_label] to specify a single positive class.
  warnings.warn(

2025-08-08 20:03:02,662:WARNING:/workspaces/TechCatalyst_DE_2025/pycaret_env/lib/python3.11/site-packages/sklearn/metrics/_classification.py:1561: UserWarning: Note that pos_label (set to 'Yes') is ignored when average != 'binary' (got 'weighted'). You may use labels=[pos_label] to specify a single positive class.
  warnings.warn(

2025-08-08 20:03:02,664:WARNING:/workspaces/TechCatalyst_DE_2025/pycaret_env/lib/python3.11/site-packages/sklearn/metrics/_classification.py:1561: UserWarning: Note that pos_label (set to 'Yes') is ignored when average != 'binary' (got 'weighted'). You may use labels=[pos_label] to specify a single positive class.
  warnings.warn(

2025-08-08 20:03:02,668:WARNING:/workspaces/TechCatalyst_DE_2025/pycaret_env/lib/python3.11/site-packages/sklearn/metrics/_classification.py:1561: UserWarning: Note that pos_label (set to 'Yes') is ignored when average != 'binary' (got 'weighted'). You may use labels=[pos_label] to specify a single positive class.
  warnings.warn(

2025-08-08 20:03:02,669:WARNING:/workspaces/TechCatalyst_DE_2025/pycaret_env/lib/python3.11/site-packages/sklearn/metrics/_classification.py:1561: UserWarning: Note that pos_label (set to 'Yes') is ignored when average != 'binary' (got 'weighted'). You may use labels=[pos_label] to specify a single positive class.
  warnings.warn(

2025-08-08 20:03:02,671:WARNING:/workspaces/TechCatalyst_DE_2025/pycaret_env/lib/python3.11/site-packages/sklearn/metrics/_classification.py:1509: UndefinedMetricWarning: Precision is ill-defined and being set to 0.0 in labels with no predicted samples. Use `zero_division` parameter to control this behavior.
  _warn_prf(average, modifier, f"{metric.capitalize()} is", len(result))

2025-08-08 20:03:02,672:WARNING:/workspaces/TechCatalyst_DE_2025/pycaret_env/lib/python3.11/site-packages/sklearn/metrics/_classification.py:1509: UndefinedMetricWarning: Precision is ill-defined and being set to 0.0 in labels with no predicted samples. Use `zero_division` parameter to control this behavior.
  _warn_prf(average, modifier, f"{metric.capitalize()} is", len(result))

2025-08-08 20:03:02,675:WARNING:/workspaces/TechCatalyst_DE_2025/pycaret_env/lib/python3.11/site-packages/sklearn/metrics/_classification.py:1561: UserWarning: Note that pos_label (set to 'Yes') is ignored when average != 'binary' (got 'weighted'). You may use labels=[pos_label] to specify a single positive class.
  warnings.warn(

2025-08-08 20:03:02,675:WARNING:/workspaces/TechCatalyst_DE_2025/pycaret_env/lib/python3.11/site-packages/sklearn/metrics/_classification.py:1561: UserWarning: Note that pos_label (set to 'Yes') is ignored when average != 'binary' (got 'weighted'). You may use labels=[pos_label] to specify a single positive class.
  warnings.warn(

2025-08-08 20:03:02,693:INFO:Calculating mean and std
2025-08-08 20:03:02,694:INFO:Creating metrics dataframe
2025-08-08 20:03:02,696:INFO:Uploading results into container
2025-08-08 20:03:02,696:INFO:Uploading model into container now
2025-08-08 20:03:02,697:INFO:_master_model_container: 13
2025-08-08 20:03:02,697:INFO:_display_container: 2
2025-08-08 20:03:02,697:INFO:XGBClassifier(base_score=None, booster='gbtree', callbacks=None,
              colsample_bylevel=None, colsample_bynode=None,
              colsample_bytree=None, device='cpu', early_stopping_rounds=None,
              enable_categorical=False, eval_metric=None, feature_types=None,
              feature_weights=None, gamma=None, grow_policy=None,
              importance_type=None, interaction_constraints=None,
              learning_rate=None, max_bin=None, max_cat_threshold=None,
              max_cat_to_onehot=None, max_delta_step=None, max_depth=None,
              max_leaves=None, min_child_weight=None, missing=nan,
              monotone_constraints=None, multi_strategy=None, n_estimators=None,
              n_jobs=-1, num_parallel_tree=None, ...)
2025-08-08 20:03:02,698:INFO:create_model() successfully completed......................................
2025-08-08 20:03:02,891:INFO:SubProcess create_model() end ==================================
2025-08-08 20:03:02,891:INFO:Creating metrics dataframe
2025-08-08 20:03:02,903:INFO:Initializing Light Gradient Boosting Machine
2025-08-08 20:03:02,903:INFO:Total runtime is 0.8607701063156127 minutes
2025-08-08 20:03:02,907:INFO:SubProcess create_model() called ==================================
2025-08-08 20:03:02,907:INFO:Initializing create_model()
2025-08-08 20:03:02,907:INFO:create_model(self=<pycaret.classification.oop.ClassificationExperiment object at 0x7bdce3e84050>, estimator=lightgbm, fold=StratifiedKFold(n_splits=10, random_state=None, shuffle=False), round=4, cross_validation=True, predict=True, fit_kwargs={}, groups=None, refit=False, probability_threshold=None, experiment_custom_tags=None, verbose=False, system=False, add_to_model_list=True, metrics=None, display=<pycaret.internal.display.display.CommonDisplay object at 0x7bdcd07cc410>, model_only=True, return_train_score=False, error_score=0.0, kwargs={})
2025-08-08 20:03:02,907:INFO:Checking exceptions
2025-08-08 20:03:02,907:INFO:Importing libraries
2025-08-08 20:03:02,907:INFO:Copying training dataset
2025-08-08 20:03:02,916:INFO:Defining folds
2025-08-08 20:03:02,916:INFO:Declaring metric variables
2025-08-08 20:03:02,919:INFO:Importing untrained model
2025-08-08 20:03:02,923:INFO:Light Gradient Boosting Machine Imported successfully
2025-08-08 20:03:02,931:INFO:Starting cross validation
2025-08-08 20:03:02,939:INFO:Cross validating with StratifiedKFold(n_splits=10, random_state=None, shuffle=False), n_jobs=-1
2025-08-08 20:03:05,154:WARNING:/workspaces/TechCatalyst_DE_2025/pycaret_env/lib/python3.11/site-packages/sklearn/metrics/_classification.py:1561: UserWarning: Note that pos_label (set to 'Yes') is ignored when average != 'binary' (got 'weighted'). You may use labels=[pos_label] to specify a single positive class.
  warnings.warn(

2025-08-08 20:03:05,166:WARNING:/workspaces/TechCatalyst_DE_2025/pycaret_env/lib/python3.11/site-packages/sklearn/metrics/_classification.py:1561: UserWarning: Note that pos_label (set to 'Yes') is ignored when average != 'binary' (got 'weighted'). You may use labels=[pos_label] to specify a single positive class.
  warnings.warn(

2025-08-08 20:03:05,170:WARNING:/workspaces/TechCatalyst_DE_2025/pycaret_env/lib/python3.11/site-packages/sklearn/metrics/_classification.py:1509: UndefinedMetricWarning: Precision is ill-defined and being set to 0.0 in labels with no predicted samples. Use `zero_division` parameter to control this behavior.
  _warn_prf(average, modifier, f"{metric.capitalize()} is", len(result))

2025-08-08 20:03:05,173:WARNING:/workspaces/TechCatalyst_DE_2025/pycaret_env/lib/python3.11/site-packages/sklearn/metrics/_classification.py:1561: UserWarning: Note that pos_label (set to 'Yes') is ignored when average != 'binary' (got 'weighted'). You may use labels=[pos_label] to specify a single positive class.
  warnings.warn(

2025-08-08 20:03:05,309:WARNING:/workspaces/TechCatalyst_DE_2025/pycaret_env/lib/python3.11/site-packages/sklearn/metrics/_classification.py:1561: UserWarning: Note that pos_label (set to 'Yes') is ignored when average != 'binary' (got 'weighted'). You may use labels=[pos_label] to specify a single positive class.
  warnings.warn(

2025-08-08 20:03:05,314:WARNING:/workspaces/TechCatalyst_DE_2025/pycaret_env/lib/python3.11/site-packages/sklearn/metrics/_classification.py:1561: UserWarning: Note that pos_label (set to 'Yes') is ignored when average != 'binary' (got 'weighted'). You may use labels=[pos_label] to specify a single positive class.
  warnings.warn(

2025-08-08 20:03:05,317:WARNING:/workspaces/TechCatalyst_DE_2025/pycaret_env/lib/python3.11/site-packages/sklearn/metrics/_classification.py:1509: UndefinedMetricWarning: Precision is ill-defined and being set to 0.0 in labels with no predicted samples. Use `zero_division` parameter to control this behavior.
  _warn_prf(average, modifier, f"{metric.capitalize()} is", len(result))

2025-08-08 20:03:05,320:WARNING:/workspaces/TechCatalyst_DE_2025/pycaret_env/lib/python3.11/site-packages/sklearn/metrics/_classification.py:1561: UserWarning: Note that pos_label (set to 'Yes') is ignored when average != 'binary' (got 'weighted'). You may use labels=[pos_label] to specify a single positive class.
  warnings.warn(

2025-08-08 20:03:06,963:WARNING:/workspaces/TechCatalyst_DE_2025/pycaret_env/lib/python3.11/site-packages/sklearn/metrics/_classification.py:1561: UserWarning: Note that pos_label (set to 'Yes') is ignored when average != 'binary' (got 'weighted'). You may use labels=[pos_label] to specify a single positive class.
  warnings.warn(

2025-08-08 20:03:06,968:WARNING:/workspaces/TechCatalyst_DE_2025/pycaret_env/lib/python3.11/site-packages/sklearn/metrics/_classification.py:1561: UserWarning: Note that pos_label (set to 'Yes') is ignored when average != 'binary' (got 'weighted'). You may use labels=[pos_label] to specify a single positive class.
  warnings.warn(

2025-08-08 20:03:06,973:WARNING:/workspaces/TechCatalyst_DE_2025/pycaret_env/lib/python3.11/site-packages/sklearn/metrics/_classification.py:1509: UndefinedMetricWarning: Precision is ill-defined and being set to 0.0 in labels with no predicted samples. Use `zero_division` parameter to control this behavior.
  _warn_prf(average, modifier, f"{metric.capitalize()} is", len(result))

2025-08-08 20:03:06,976:WARNING:/workspaces/TechCatalyst_DE_2025/pycaret_env/lib/python3.11/site-packages/sklearn/metrics/_classification.py:1561: UserWarning: Note that pos_label (set to 'Yes') is ignored when average != 'binary' (got 'weighted'). You may use labels=[pos_label] to specify a single positive class.
  warnings.warn(

2025-08-08 20:03:07,093:WARNING:/workspaces/TechCatalyst_DE_2025/pycaret_env/lib/python3.11/site-packages/sklearn/metrics/_classification.py:1561: UserWarning: Note that pos_label (set to 'Yes') is ignored when average != 'binary' (got 'weighted'). You may use labels=[pos_label] to specify a single positive class.
  warnings.warn(

2025-08-08 20:03:07,101:WARNING:/workspaces/TechCatalyst_DE_2025/pycaret_env/lib/python3.11/site-packages/sklearn/metrics/_classification.py:1561: UserWarning: Note that pos_label (set to 'Yes') is ignored when average != 'binary' (got 'weighted'). You may use labels=[pos_label] to specify a single positive class.
  warnings.warn(

2025-08-08 20:03:07,105:WARNING:/workspaces/TechCatalyst_DE_2025/pycaret_env/lib/python3.11/site-packages/sklearn/metrics/_classification.py:1509: UndefinedMetricWarning: Precision is ill-defined and being set to 0.0 in labels with no predicted samples. Use `zero_division` parameter to control this behavior.
  _warn_prf(average, modifier, f"{metric.capitalize()} is", len(result))

2025-08-08 20:03:07,111:WARNING:/workspaces/TechCatalyst_DE_2025/pycaret_env/lib/python3.11/site-packages/sklearn/metrics/_classification.py:1561: UserWarning: Note that pos_label (set to 'Yes') is ignored when average != 'binary' (got 'weighted'). You may use labels=[pos_label] to specify a single positive class.
  warnings.warn(

2025-08-08 20:03:07,638:WARNING:/workspaces/TechCatalyst_DE_2025/pycaret_env/lib/python3.11/site-packages/sklearn/metrics/_classification.py:1561: UserWarning: Note that pos_label (set to 'Yes') is ignored when average != 'binary' (got 'weighted'). You may use labels=[pos_label] to specify a single positive class.
  warnings.warn(

2025-08-08 20:03:07,644:WARNING:/workspaces/TechCatalyst_DE_2025/pycaret_env/lib/python3.11/site-packages/sklearn/metrics/_classification.py:1561: UserWarning: Note that pos_label (set to 'Yes') is ignored when average != 'binary' (got 'weighted'). You may use labels=[pos_label] to specify a single positive class.
  warnings.warn(

2025-08-08 20:03:07,647:WARNING:/workspaces/TechCatalyst_DE_2025/pycaret_env/lib/python3.11/site-packages/sklearn/metrics/_classification.py:1509: UndefinedMetricWarning: Precision is ill-defined and being set to 0.0 in labels with no predicted samples. Use `zero_division` parameter to control this behavior.
  _warn_prf(average, modifier, f"{metric.capitalize()} is", len(result))

2025-08-08 20:03:07,650:WARNING:/workspaces/TechCatalyst_DE_2025/pycaret_env/lib/python3.11/site-packages/sklearn/metrics/_classification.py:1561: UserWarning: Note that pos_label (set to 'Yes') is ignored when average != 'binary' (got 'weighted'). You may use labels=[pos_label] to specify a single positive class.
  warnings.warn(

2025-08-08 20:03:07,737:WARNING:/workspaces/TechCatalyst_DE_2025/pycaret_env/lib/python3.11/site-packages/sklearn/metrics/_classification.py:1561: UserWarning: Note that pos_label (set to 'Yes') is ignored when average != 'binary' (got 'weighted'). You may use labels=[pos_label] to specify a single positive class.
  warnings.warn(

2025-08-08 20:03:07,743:WARNING:/workspaces/TechCatalyst_DE_2025/pycaret_env/lib/python3.11/site-packages/sklearn/metrics/_classification.py:1561: UserWarning: Note that pos_label (set to 'Yes') is ignored when average != 'binary' (got 'weighted'). You may use labels=[pos_label] to specify a single positive class.
  warnings.warn(

2025-08-08 20:03:07,746:WARNING:/workspaces/TechCatalyst_DE_2025/pycaret_env/lib/python3.11/site-packages/sklearn/metrics/_classification.py:1509: UndefinedMetricWarning: Precision is ill-defined and being set to 0.0 in labels with no predicted samples. Use `zero_division` parameter to control this behavior.
  _warn_prf(average, modifier, f"{metric.capitalize()} is", len(result))

2025-08-08 20:03:07,749:WARNING:/workspaces/TechCatalyst_DE_2025/pycaret_env/lib/python3.11/site-packages/sklearn/metrics/_classification.py:1561: UserWarning: Note that pos_label (set to 'Yes') is ignored when average != 'binary' (got 'weighted'). You may use labels=[pos_label] to specify a single positive class.
  warnings.warn(

2025-08-08 20:03:08,874:WARNING:/workspaces/TechCatalyst_DE_2025/pycaret_env/lib/python3.11/site-packages/sklearn/metrics/_classification.py:1561: UserWarning: Note that pos_label (set to 'Yes') is ignored when average != 'binary' (got 'weighted'). You may use labels=[pos_label] to specify a single positive class.
  warnings.warn(

2025-08-08 20:03:08,889:WARNING:/workspaces/TechCatalyst_DE_2025/pycaret_env/lib/python3.11/site-packages/sklearn/metrics/_classification.py:1561: UserWarning: Note that pos_label (set to 'Yes') is ignored when average != 'binary' (got 'weighted'). You may use labels=[pos_label] to specify a single positive class.
  warnings.warn(

2025-08-08 20:03:08,892:WARNING:/workspaces/TechCatalyst_DE_2025/pycaret_env/lib/python3.11/site-packages/sklearn/metrics/_classification.py:1509: UndefinedMetricWarning: Precision is ill-defined and being set to 0.0 in labels with no predicted samples. Use `zero_division` parameter to control this behavior.
  _warn_prf(average, modifier, f"{metric.capitalize()} is", len(result))

2025-08-08 20:03:08,896:WARNING:/workspaces/TechCatalyst_DE_2025/pycaret_env/lib/python3.11/site-packages/sklearn/metrics/_classification.py:1561: UserWarning: Note that pos_label (set to 'Yes') is ignored when average != 'binary' (got 'weighted'). You may use labels=[pos_label] to specify a single positive class.
  warnings.warn(

2025-08-08 20:03:08,926:WARNING:/workspaces/TechCatalyst_DE_2025/pycaret_env/lib/python3.11/site-packages/sklearn/metrics/_classification.py:1561: UserWarning: Note that pos_label (set to 'Yes') is ignored when average != 'binary' (got 'weighted'). You may use labels=[pos_label] to specify a single positive class.
  warnings.warn(

2025-08-08 20:03:08,938:WARNING:/workspaces/TechCatalyst_DE_2025/pycaret_env/lib/python3.11/site-packages/sklearn/metrics/_classification.py:1561: UserWarning: Note that pos_label (set to 'Yes') is ignored when average != 'binary' (got 'weighted'). You may use labels=[pos_label] to specify a single positive class.
  warnings.warn(

2025-08-08 20:03:08,942:WARNING:/workspaces/TechCatalyst_DE_2025/pycaret_env/lib/python3.11/site-packages/sklearn/metrics/_classification.py:1509: UndefinedMetricWarning: Precision is ill-defined and being set to 0.0 in labels with no predicted samples. Use `zero_division` parameter to control this behavior.
  _warn_prf(average, modifier, f"{metric.capitalize()} is", len(result))

2025-08-08 20:03:08,945:WARNING:/workspaces/TechCatalyst_DE_2025/pycaret_env/lib/python3.11/site-packages/sklearn/metrics/_classification.py:1561: UserWarning: Note that pos_label (set to 'Yes') is ignored when average != 'binary' (got 'weighted'). You may use labels=[pos_label] to specify a single positive class.
  warnings.warn(

2025-08-08 20:03:09,462:WARNING:/workspaces/TechCatalyst_DE_2025/pycaret_env/lib/python3.11/site-packages/sklearn/metrics/_classification.py:1561: UserWarning: Note that pos_label (set to 'Yes') is ignored when average != 'binary' (got 'weighted'). You may use labels=[pos_label] to specify a single positive class.
  warnings.warn(

2025-08-08 20:03:09,468:WARNING:/workspaces/TechCatalyst_DE_2025/pycaret_env/lib/python3.11/site-packages/sklearn/metrics/_classification.py:1561: UserWarning: Note that pos_label (set to 'Yes') is ignored when average != 'binary' (got 'weighted'). You may use labels=[pos_label] to specify a single positive class.
  warnings.warn(

2025-08-08 20:03:09,471:WARNING:/workspaces/TechCatalyst_DE_2025/pycaret_env/lib/python3.11/site-packages/sklearn/metrics/_classification.py:1509: UndefinedMetricWarning: Precision is ill-defined and being set to 0.0 in labels with no predicted samples. Use `zero_division` parameter to control this behavior.
  _warn_prf(average, modifier, f"{metric.capitalize()} is", len(result))

2025-08-08 20:03:09,474:WARNING:/workspaces/TechCatalyst_DE_2025/pycaret_env/lib/python3.11/site-packages/sklearn/metrics/_classification.py:1561: UserWarning: Note that pos_label (set to 'Yes') is ignored when average != 'binary' (got 'weighted'). You may use labels=[pos_label] to specify a single positive class.
  warnings.warn(

2025-08-08 20:03:09,487:WARNING:/workspaces/TechCatalyst_DE_2025/pycaret_env/lib/python3.11/site-packages/sklearn/metrics/_classification.py:1561: UserWarning: Note that pos_label (set to 'Yes') is ignored when average != 'binary' (got 'weighted'). You may use labels=[pos_label] to specify a single positive class.
  warnings.warn(

2025-08-08 20:03:09,493:WARNING:/workspaces/TechCatalyst_DE_2025/pycaret_env/lib/python3.11/site-packages/sklearn/metrics/_classification.py:1561: UserWarning: Note that pos_label (set to 'Yes') is ignored when average != 'binary' (got 'weighted'). You may use labels=[pos_label] to specify a single positive class.
  warnings.warn(

2025-08-08 20:03:09,495:WARNING:/workspaces/TechCatalyst_DE_2025/pycaret_env/lib/python3.11/site-packages/sklearn/metrics/_classification.py:1509: UndefinedMetricWarning: Precision is ill-defined and being set to 0.0 in labels with no predicted samples. Use `zero_division` parameter to control this behavior.
  _warn_prf(average, modifier, f"{metric.capitalize()} is", len(result))

2025-08-08 20:03:09,497:WARNING:/workspaces/TechCatalyst_DE_2025/pycaret_env/lib/python3.11/site-packages/sklearn/metrics/_classification.py:1561: UserWarning: Note that pos_label (set to 'Yes') is ignored when average != 'binary' (got 'weighted'). You may use labels=[pos_label] to specify a single positive class.
  warnings.warn(

2025-08-08 20:03:09,507:INFO:Calculating mean and std
2025-08-08 20:03:09,509:INFO:Creating metrics dataframe
2025-08-08 20:03:09,511:INFO:Uploading results into container
2025-08-08 20:03:09,512:INFO:Uploading model into container now
2025-08-08 20:03:09,512:INFO:_master_model_container: 14
2025-08-08 20:03:09,512:INFO:_display_container: 2
2025-08-08 20:03:09,513:INFO:LGBMClassifier(boosting_type='gbdt', class_weight=None, colsample_bytree=1.0,
               importance_type='split', learning_rate=0.1, max_depth=-1,
               min_child_samples=20, min_child_weight=0.001, min_split_gain=0.0,
               n_estimators=100, n_jobs=-1, num_leaves=31, objective=None,
               random_state=42, reg_alpha=0.0, reg_lambda=0.0, subsample=1.0,
               subsample_for_bin=200000, subsample_freq=0)
2025-08-08 20:03:09,513:INFO:create_model() successfully completed......................................
2025-08-08 20:03:09,724:INFO:SubProcess create_model() end ==================================
2025-08-08 20:03:09,724:INFO:Creating metrics dataframe
2025-08-08 20:03:09,732:INFO:Initializing CatBoost Classifier
2025-08-08 20:03:09,732:INFO:Total runtime is 0.9745999415715534 minutes
2025-08-08 20:03:09,736:INFO:SubProcess create_model() called ==================================
2025-08-08 20:03:09,736:INFO:Initializing create_model()
2025-08-08 20:03:09,736:INFO:create_model(self=<pycaret.classification.oop.ClassificationExperiment object at 0x7bdce3e84050>, estimator=catboost, fold=StratifiedKFold(n_splits=10, random_state=None, shuffle=False), round=4, cross_validation=True, predict=True, fit_kwargs={}, groups=None, refit=False, probability_threshold=None, experiment_custom_tags=None, verbose=False, system=False, add_to_model_list=True, metrics=None, display=<pycaret.internal.display.display.CommonDisplay object at 0x7bdcd07cc410>, model_only=True, return_train_score=False, error_score=0.0, kwargs={})
2025-08-08 20:03:09,736:INFO:Checking exceptions
2025-08-08 20:03:09,736:INFO:Importing libraries
2025-08-08 20:03:09,736:INFO:Copying training dataset
2025-08-08 20:03:09,745:INFO:Defining folds
2025-08-08 20:03:09,746:INFO:Declaring metric variables
2025-08-08 20:03:09,749:INFO:Importing untrained model
2025-08-08 20:03:09,753:INFO:CatBoost Classifier Imported successfully
2025-08-08 20:03:09,760:INFO:Starting cross validation
2025-08-08 20:03:09,764:INFO:Cross validating with StratifiedKFold(n_splits=10, random_state=None, shuffle=False), n_jobs=-1
2025-08-08 20:03:18,136:WARNING:/workspaces/TechCatalyst_DE_2025/pycaret_env/lib/python3.11/site-packages/sklearn/metrics/_classification.py:1561: UserWarning: Note that pos_label (set to 'Yes') is ignored when average != 'binary' (got 'weighted'). You may use labels=[pos_label] to specify a single positive class.
  warnings.warn(

2025-08-08 20:03:18,142:WARNING:/workspaces/TechCatalyst_DE_2025/pycaret_env/lib/python3.11/site-packages/sklearn/metrics/_classification.py:1561: UserWarning: Note that pos_label (set to 'Yes') is ignored when average != 'binary' (got 'weighted'). You may use labels=[pos_label] to specify a single positive class.
  warnings.warn(

2025-08-08 20:03:18,145:WARNING:/workspaces/TechCatalyst_DE_2025/pycaret_env/lib/python3.11/site-packages/sklearn/metrics/_classification.py:1509: UndefinedMetricWarning: Precision is ill-defined and being set to 0.0 in labels with no predicted samples. Use `zero_division` parameter to control this behavior.
  _warn_prf(average, modifier, f"{metric.capitalize()} is", len(result))

2025-08-08 20:03:18,147:WARNING:/workspaces/TechCatalyst_DE_2025/pycaret_env/lib/python3.11/site-packages/sklearn/metrics/_classification.py:1561: UserWarning: Note that pos_label (set to 'Yes') is ignored when average != 'binary' (got 'weighted'). You may use labels=[pos_label] to specify a single positive class.
  warnings.warn(

2025-08-08 20:03:18,727:WARNING:/workspaces/TechCatalyst_DE_2025/pycaret_env/lib/python3.11/site-packages/sklearn/metrics/_classification.py:1561: UserWarning: Note that pos_label (set to 'Yes') is ignored when average != 'binary' (got 'weighted'). You may use labels=[pos_label] to specify a single positive class.
  warnings.warn(

2025-08-08 20:03:18,732:WARNING:/workspaces/TechCatalyst_DE_2025/pycaret_env/lib/python3.11/site-packages/sklearn/metrics/_classification.py:1561: UserWarning: Note that pos_label (set to 'Yes') is ignored when average != 'binary' (got 'weighted'). You may use labels=[pos_label] to specify a single positive class.
  warnings.warn(

2025-08-08 20:03:18,735:WARNING:/workspaces/TechCatalyst_DE_2025/pycaret_env/lib/python3.11/site-packages/sklearn/metrics/_classification.py:1509: UndefinedMetricWarning: Precision is ill-defined and being set to 0.0 in labels with no predicted samples. Use `zero_division` parameter to control this behavior.
  _warn_prf(average, modifier, f"{metric.capitalize()} is", len(result))

2025-08-08 20:03:18,742:WARNING:/workspaces/TechCatalyst_DE_2025/pycaret_env/lib/python3.11/site-packages/sklearn/metrics/_classification.py:1561: UserWarning: Note that pos_label (set to 'Yes') is ignored when average != 'binary' (got 'weighted'). You may use labels=[pos_label] to specify a single positive class.
  warnings.warn(

2025-08-08 20:03:25,700:WARNING:/workspaces/TechCatalyst_DE_2025/pycaret_env/lib/python3.11/site-packages/sklearn/metrics/_classification.py:1561: UserWarning: Note that pos_label (set to 'Yes') is ignored when average != 'binary' (got 'weighted'). You may use labels=[pos_label] to specify a single positive class.
  warnings.warn(

2025-08-08 20:03:25,705:WARNING:/workspaces/TechCatalyst_DE_2025/pycaret_env/lib/python3.11/site-packages/sklearn/metrics/_classification.py:1561: UserWarning: Note that pos_label (set to 'Yes') is ignored when average != 'binary' (got 'weighted'). You may use labels=[pos_label] to specify a single positive class.
  warnings.warn(

2025-08-08 20:03:25,708:WARNING:/workspaces/TechCatalyst_DE_2025/pycaret_env/lib/python3.11/site-packages/sklearn/metrics/_classification.py:1509: UndefinedMetricWarning: Precision is ill-defined and being set to 0.0 in labels with no predicted samples. Use `zero_division` parameter to control this behavior.
  _warn_prf(average, modifier, f"{metric.capitalize()} is", len(result))

2025-08-08 20:03:25,711:WARNING:/workspaces/TechCatalyst_DE_2025/pycaret_env/lib/python3.11/site-packages/sklearn/metrics/_classification.py:1561: UserWarning: Note that pos_label (set to 'Yes') is ignored when average != 'binary' (got 'weighted'). You may use labels=[pos_label] to specify a single positive class.
  warnings.warn(

2025-08-08 20:03:25,883:WARNING:/workspaces/TechCatalyst_DE_2025/pycaret_env/lib/python3.11/site-packages/sklearn/metrics/_classification.py:1561: UserWarning: Note that pos_label (set to 'Yes') is ignored when average != 'binary' (got 'weighted'). You may use labels=[pos_label] to specify a single positive class.
  warnings.warn(

2025-08-08 20:03:25,890:WARNING:/workspaces/TechCatalyst_DE_2025/pycaret_env/lib/python3.11/site-packages/sklearn/metrics/_classification.py:1561: UserWarning: Note that pos_label (set to 'Yes') is ignored when average != 'binary' (got 'weighted'). You may use labels=[pos_label] to specify a single positive class.
  warnings.warn(

2025-08-08 20:03:25,893:WARNING:/workspaces/TechCatalyst_DE_2025/pycaret_env/lib/python3.11/site-packages/sklearn/metrics/_classification.py:1509: UndefinedMetricWarning: Precision is ill-defined and being set to 0.0 in labels with no predicted samples. Use `zero_division` parameter to control this behavior.
  _warn_prf(average, modifier, f"{metric.capitalize()} is", len(result))

2025-08-08 20:03:25,896:WARNING:/workspaces/TechCatalyst_DE_2025/pycaret_env/lib/python3.11/site-packages/sklearn/metrics/_classification.py:1561: UserWarning: Note that pos_label (set to 'Yes') is ignored when average != 'binary' (got 'weighted'). You may use labels=[pos_label] to specify a single positive class.
  warnings.warn(

2025-08-08 20:03:33,069:WARNING:/workspaces/TechCatalyst_DE_2025/pycaret_env/lib/python3.11/site-packages/sklearn/metrics/_classification.py:1561: UserWarning: Note that pos_label (set to 'Yes') is ignored when average != 'binary' (got 'weighted'). You may use labels=[pos_label] to specify a single positive class.
  warnings.warn(

2025-08-08 20:03:33,095:WARNING:/workspaces/TechCatalyst_DE_2025/pycaret_env/lib/python3.11/site-packages/sklearn/metrics/_classification.py:1561: UserWarning: Note that pos_label (set to 'Yes') is ignored when average != 'binary' (got 'weighted'). You may use labels=[pos_label] to specify a single positive class.
  warnings.warn(

2025-08-08 20:03:33,104:WARNING:/workspaces/TechCatalyst_DE_2025/pycaret_env/lib/python3.11/site-packages/sklearn/metrics/_classification.py:1509: UndefinedMetricWarning: Precision is ill-defined and being set to 0.0 in labels with no predicted samples. Use `zero_division` parameter to control this behavior.
  _warn_prf(average, modifier, f"{metric.capitalize()} is", len(result))

2025-08-08 20:03:33,113:WARNING:/workspaces/TechCatalyst_DE_2025/pycaret_env/lib/python3.11/site-packages/sklearn/metrics/_classification.py:1561: UserWarning: Note that pos_label (set to 'Yes') is ignored when average != 'binary' (got 'weighted'). You may use labels=[pos_label] to specify a single positive class.
  warnings.warn(

2025-08-08 20:03:33,270:WARNING:/workspaces/TechCatalyst_DE_2025/pycaret_env/lib/python3.11/site-packages/sklearn/metrics/_classification.py:1561: UserWarning: Note that pos_label (set to 'Yes') is ignored when average != 'binary' (got 'weighted'). You may use labels=[pos_label] to specify a single positive class.
  warnings.warn(

2025-08-08 20:03:33,276:WARNING:/workspaces/TechCatalyst_DE_2025/pycaret_env/lib/python3.11/site-packages/sklearn/metrics/_classification.py:1561: UserWarning: Note that pos_label (set to 'Yes') is ignored when average != 'binary' (got 'weighted'). You may use labels=[pos_label] to specify a single positive class.
  warnings.warn(

2025-08-08 20:03:33,280:WARNING:/workspaces/TechCatalyst_DE_2025/pycaret_env/lib/python3.11/site-packages/sklearn/metrics/_classification.py:1509: UndefinedMetricWarning: Precision is ill-defined and being set to 0.0 in labels with no predicted samples. Use `zero_division` parameter to control this behavior.
  _warn_prf(average, modifier, f"{metric.capitalize()} is", len(result))

2025-08-08 20:03:33,283:WARNING:/workspaces/TechCatalyst_DE_2025/pycaret_env/lib/python3.11/site-packages/sklearn/metrics/_classification.py:1561: UserWarning: Note that pos_label (set to 'Yes') is ignored when average != 'binary' (got 'weighted'). You may use labels=[pos_label] to specify a single positive class.
  warnings.warn(

2025-08-08 20:03:40,197:WARNING:/workspaces/TechCatalyst_DE_2025/pycaret_env/lib/python3.11/site-packages/sklearn/metrics/_classification.py:1561: UserWarning: Note that pos_label (set to 'Yes') is ignored when average != 'binary' (got 'weighted'). You may use labels=[pos_label] to specify a single positive class.
  warnings.warn(

2025-08-08 20:03:40,203:WARNING:/workspaces/TechCatalyst_DE_2025/pycaret_env/lib/python3.11/site-packages/sklearn/metrics/_classification.py:1561: UserWarning: Note that pos_label (set to 'Yes') is ignored when average != 'binary' (got 'weighted'). You may use labels=[pos_label] to specify a single positive class.
  warnings.warn(

2025-08-08 20:03:40,206:WARNING:/workspaces/TechCatalyst_DE_2025/pycaret_env/lib/python3.11/site-packages/sklearn/metrics/_classification.py:1509: UndefinedMetricWarning: Precision is ill-defined and being set to 0.0 in labels with no predicted samples. Use `zero_division` parameter to control this behavior.
  _warn_prf(average, modifier, f"{metric.capitalize()} is", len(result))

2025-08-08 20:03:40,209:WARNING:/workspaces/TechCatalyst_DE_2025/pycaret_env/lib/python3.11/site-packages/sklearn/metrics/_classification.py:1561: UserWarning: Note that pos_label (set to 'Yes') is ignored when average != 'binary' (got 'weighted'). You may use labels=[pos_label] to specify a single positive class.
  warnings.warn(

2025-08-08 20:03:40,515:WARNING:/workspaces/TechCatalyst_DE_2025/pycaret_env/lib/python3.11/site-packages/sklearn/metrics/_classification.py:1561: UserWarning: Note that pos_label (set to 'Yes') is ignored when average != 'binary' (got 'weighted'). You may use labels=[pos_label] to specify a single positive class.
  warnings.warn(

2025-08-08 20:03:40,521:WARNING:/workspaces/TechCatalyst_DE_2025/pycaret_env/lib/python3.11/site-packages/sklearn/metrics/_classification.py:1561: UserWarning: Note that pos_label (set to 'Yes') is ignored when average != 'binary' (got 'weighted'). You may use labels=[pos_label] to specify a single positive class.
  warnings.warn(

2025-08-08 20:03:40,524:WARNING:/workspaces/TechCatalyst_DE_2025/pycaret_env/lib/python3.11/site-packages/sklearn/metrics/_classification.py:1509: UndefinedMetricWarning: Precision is ill-defined and being set to 0.0 in labels with no predicted samples. Use `zero_division` parameter to control this behavior.
  _warn_prf(average, modifier, f"{metric.capitalize()} is", len(result))

2025-08-08 20:03:40,527:WARNING:/workspaces/TechCatalyst_DE_2025/pycaret_env/lib/python3.11/site-packages/sklearn/metrics/_classification.py:1561: UserWarning: Note that pos_label (set to 'Yes') is ignored when average != 'binary' (got 'weighted'). You may use labels=[pos_label] to specify a single positive class.
  warnings.warn(

2025-08-08 20:03:47,255:WARNING:/workspaces/TechCatalyst_DE_2025/pycaret_env/lib/python3.11/site-packages/sklearn/metrics/_classification.py:1561: UserWarning: Note that pos_label (set to 'Yes') is ignored when average != 'binary' (got 'weighted'). You may use labels=[pos_label] to specify a single positive class.
  warnings.warn(

2025-08-08 20:03:47,256:WARNING:/workspaces/TechCatalyst_DE_2025/pycaret_env/lib/python3.11/site-packages/sklearn/metrics/_classification.py:1561: UserWarning: Note that pos_label (set to 'Yes') is ignored when average != 'binary' (got 'weighted'). You may use labels=[pos_label] to specify a single positive class.
  warnings.warn(

2025-08-08 20:03:47,262:WARNING:/workspaces/TechCatalyst_DE_2025/pycaret_env/lib/python3.11/site-packages/sklearn/metrics/_classification.py:1561: UserWarning: Note that pos_label (set to 'Yes') is ignored when average != 'binary' (got 'weighted'). You may use labels=[pos_label] to specify a single positive class.
  warnings.warn(

2025-08-08 20:03:47,265:WARNING:/workspaces/TechCatalyst_DE_2025/pycaret_env/lib/python3.11/site-packages/sklearn/metrics/_classification.py:1509: UndefinedMetricWarning: Precision is ill-defined and being set to 0.0 in labels with no predicted samples. Use `zero_division` parameter to control this behavior.
  _warn_prf(average, modifier, f"{metric.capitalize()} is", len(result))

2025-08-08 20:03:47,269:WARNING:/workspaces/TechCatalyst_DE_2025/pycaret_env/lib/python3.11/site-packages/sklearn/metrics/_classification.py:1561: UserWarning: Note that pos_label (set to 'Yes') is ignored when average != 'binary' (got 'weighted'). You may use labels=[pos_label] to specify a single positive class.
  warnings.warn(

2025-08-08 20:03:47,272:WARNING:/workspaces/TechCatalyst_DE_2025/pycaret_env/lib/python3.11/site-packages/sklearn/metrics/_classification.py:1561: UserWarning: Note that pos_label (set to 'Yes') is ignored when average != 'binary' (got 'weighted'). You may use labels=[pos_label] to specify a single positive class.
  warnings.warn(

2025-08-08 20:03:47,273:WARNING:/workspaces/TechCatalyst_DE_2025/pycaret_env/lib/python3.11/site-packages/sklearn/metrics/_classification.py:1509: UndefinedMetricWarning: Precision is ill-defined and being set to 0.0 in labels with no predicted samples. Use `zero_division` parameter to control this behavior.
  _warn_prf(average, modifier, f"{metric.capitalize()} is", len(result))

2025-08-08 20:03:47,279:WARNING:/workspaces/TechCatalyst_DE_2025/pycaret_env/lib/python3.11/site-packages/sklearn/metrics/_classification.py:1561: UserWarning: Note that pos_label (set to 'Yes') is ignored when average != 'binary' (got 'weighted'). You may use labels=[pos_label] to specify a single positive class.
  warnings.warn(

2025-08-08 20:03:47,304:INFO:Calculating mean and std
2025-08-08 20:03:47,306:INFO:Creating metrics dataframe
2025-08-08 20:03:47,309:INFO:Uploading results into container
2025-08-08 20:03:47,310:INFO:Uploading model into container now
2025-08-08 20:03:47,310:INFO:_master_model_container: 15
2025-08-08 20:03:47,310:INFO:_display_container: 2
2025-08-08 20:03:47,310:INFO:<catboost.core.CatBoostClassifier object at 0x7bdcd0dbbcd0>
2025-08-08 20:03:47,310:INFO:create_model() successfully completed......................................
2025-08-08 20:03:47,488:INFO:SubProcess create_model() end ==================================
2025-08-08 20:03:47,488:INFO:Creating metrics dataframe
2025-08-08 20:03:47,495:INFO:Initializing Dummy Classifier
2025-08-08 20:03:47,496:INFO:Total runtime is 1.6039854168891905 minutes
2025-08-08 20:03:47,499:INFO:SubProcess create_model() called ==================================
2025-08-08 20:03:47,499:INFO:Initializing create_model()
2025-08-08 20:03:47,499:INFO:create_model(self=<pycaret.classification.oop.ClassificationExperiment object at 0x7bdce3e84050>, estimator=dummy, fold=StratifiedKFold(n_splits=10, random_state=None, shuffle=False), round=4, cross_validation=True, predict=True, fit_kwargs={}, groups=None, refit=False, probability_threshold=None, experiment_custom_tags=None, verbose=False, system=False, add_to_model_list=True, metrics=None, display=<pycaret.internal.display.display.CommonDisplay object at 0x7bdcd07cc410>, model_only=True, return_train_score=False, error_score=0.0, kwargs={})
2025-08-08 20:03:47,500:INFO:Checking exceptions
2025-08-08 20:03:47,500:INFO:Importing libraries
2025-08-08 20:03:47,500:INFO:Copying training dataset
2025-08-08 20:03:47,509:INFO:Defining folds
2025-08-08 20:03:47,510:INFO:Declaring metric variables
2025-08-08 20:03:47,514:INFO:Importing untrained model
2025-08-08 20:03:47,518:INFO:Dummy Classifier Imported successfully
2025-08-08 20:03:47,526:INFO:Starting cross validation
2025-08-08 20:03:47,530:INFO:Cross validating with StratifiedKFold(n_splits=10, random_state=None, shuffle=False), n_jobs=-1
2025-08-08 20:03:48,007:WARNING:/workspaces/TechCatalyst_DE_2025/pycaret_env/lib/python3.11/site-packages/sklearn/metrics/_classification.py:1561: UserWarning: Note that pos_label (set to 'Yes') is ignored when average != 'binary' (got 'weighted'). You may use labels=[pos_label] to specify a single positive class.
  warnings.warn(

2025-08-08 20:03:48,013:WARNING:/workspaces/TechCatalyst_DE_2025/pycaret_env/lib/python3.11/site-packages/sklearn/metrics/_classification.py:1561: UserWarning: Note that pos_label (set to 'Yes') is ignored when average != 'binary' (got 'weighted'). You may use labels=[pos_label] to specify a single positive class.
  warnings.warn(

2025-08-08 20:03:48,017:WARNING:/workspaces/TechCatalyst_DE_2025/pycaret_env/lib/python3.11/site-packages/sklearn/metrics/_classification.py:1509: UndefinedMetricWarning: Precision is ill-defined and being set to 0.0 in labels with no predicted samples. Use `zero_division` parameter to control this behavior.
  _warn_prf(average, modifier, f"{metric.capitalize()} is", len(result))

2025-08-08 20:03:48,020:WARNING:/workspaces/TechCatalyst_DE_2025/pycaret_env/lib/python3.11/site-packages/sklearn/metrics/_classification.py:1561: UserWarning: Note that pos_label (set to 'Yes') is ignored when average != 'binary' (got 'weighted'). You may use labels=[pos_label] to specify a single positive class.
  warnings.warn(

2025-08-08 20:03:48,034:WARNING:/workspaces/TechCatalyst_DE_2025/pycaret_env/lib/python3.11/site-packages/sklearn/metrics/_classification.py:1561: UserWarning: Note that pos_label (set to 'Yes') is ignored when average != 'binary' (got 'weighted'). You may use labels=[pos_label] to specify a single positive class.
  warnings.warn(

2025-08-08 20:03:48,042:WARNING:/workspaces/TechCatalyst_DE_2025/pycaret_env/lib/python3.11/site-packages/sklearn/metrics/_classification.py:1561: UserWarning: Note that pos_label (set to 'Yes') is ignored when average != 'binary' (got 'weighted'). You may use labels=[pos_label] to specify a single positive class.
  warnings.warn(

2025-08-08 20:03:48,048:WARNING:/workspaces/TechCatalyst_DE_2025/pycaret_env/lib/python3.11/site-packages/sklearn/metrics/_classification.py:1509: UndefinedMetricWarning: Precision is ill-defined and being set to 0.0 in labels with no predicted samples. Use `zero_division` parameter to control this behavior.
  _warn_prf(average, modifier, f"{metric.capitalize()} is", len(result))

2025-08-08 20:03:48,053:WARNING:/workspaces/TechCatalyst_DE_2025/pycaret_env/lib/python3.11/site-packages/sklearn/metrics/_classification.py:1561: UserWarning: Note that pos_label (set to 'Yes') is ignored when average != 'binary' (got 'weighted'). You may use labels=[pos_label] to specify a single positive class.
  warnings.warn(

2025-08-08 20:03:48,384:WARNING:/workspaces/TechCatalyst_DE_2025/pycaret_env/lib/python3.11/site-packages/sklearn/metrics/_classification.py:1561: UserWarning: Note that pos_label (set to 'Yes') is ignored when average != 'binary' (got 'weighted'). You may use labels=[pos_label] to specify a single positive class.
  warnings.warn(

2025-08-08 20:03:48,390:WARNING:/workspaces/TechCatalyst_DE_2025/pycaret_env/lib/python3.11/site-packages/sklearn/metrics/_classification.py:1561: UserWarning: Note that pos_label (set to 'Yes') is ignored when average != 'binary' (got 'weighted'). You may use labels=[pos_label] to specify a single positive class.
  warnings.warn(

2025-08-08 20:03:48,394:WARNING:/workspaces/TechCatalyst_DE_2025/pycaret_env/lib/python3.11/site-packages/sklearn/metrics/_classification.py:1509: UndefinedMetricWarning: Precision is ill-defined and being set to 0.0 in labels with no predicted samples. Use `zero_division` parameter to control this behavior.
  _warn_prf(average, modifier, f"{metric.capitalize()} is", len(result))

2025-08-08 20:03:48,397:WARNING:/workspaces/TechCatalyst_DE_2025/pycaret_env/lib/python3.11/site-packages/sklearn/metrics/_classification.py:1561: UserWarning: Note that pos_label (set to 'Yes') is ignored when average != 'binary' (got 'weighted'). You may use labels=[pos_label] to specify a single positive class.
  warnings.warn(

2025-08-08 20:03:48,408:WARNING:/workspaces/TechCatalyst_DE_2025/pycaret_env/lib/python3.11/site-packages/sklearn/metrics/_classification.py:1561: UserWarning: Note that pos_label (set to 'Yes') is ignored when average != 'binary' (got 'weighted'). You may use labels=[pos_label] to specify a single positive class.
  warnings.warn(

2025-08-08 20:03:48,419:WARNING:/workspaces/TechCatalyst_DE_2025/pycaret_env/lib/python3.11/site-packages/sklearn/metrics/_classification.py:1561: UserWarning: Note that pos_label (set to 'Yes') is ignored when average != 'binary' (got 'weighted'). You may use labels=[pos_label] to specify a single positive class.
  warnings.warn(

2025-08-08 20:03:48,422:WARNING:/workspaces/TechCatalyst_DE_2025/pycaret_env/lib/python3.11/site-packages/sklearn/metrics/_classification.py:1509: UndefinedMetricWarning: Precision is ill-defined and being set to 0.0 in labels with no predicted samples. Use `zero_division` parameter to control this behavior.
  _warn_prf(average, modifier, f"{metric.capitalize()} is", len(result))

2025-08-08 20:03:48,425:WARNING:/workspaces/TechCatalyst_DE_2025/pycaret_env/lib/python3.11/site-packages/sklearn/metrics/_classification.py:1561: UserWarning: Note that pos_label (set to 'Yes') is ignored when average != 'binary' (got 'weighted'). You may use labels=[pos_label] to specify a single positive class.
  warnings.warn(

2025-08-08 20:03:48,807:WARNING:/workspaces/TechCatalyst_DE_2025/pycaret_env/lib/python3.11/site-packages/sklearn/metrics/_classification.py:1561: UserWarning: Note that pos_label (set to 'Yes') is ignored when average != 'binary' (got 'weighted'). You may use labels=[pos_label] to specify a single positive class.
  warnings.warn(

2025-08-08 20:03:48,821:WARNING:/workspaces/TechCatalyst_DE_2025/pycaret_env/lib/python3.11/site-packages/sklearn/metrics/_classification.py:1561: UserWarning: Note that pos_label (set to 'Yes') is ignored when average != 'binary' (got 'weighted'). You may use labels=[pos_label] to specify a single positive class.
  warnings.warn(

2025-08-08 20:03:48,831:WARNING:/workspaces/TechCatalyst_DE_2025/pycaret_env/lib/python3.11/site-packages/sklearn/metrics/_classification.py:1509: UndefinedMetricWarning: Precision is ill-defined and being set to 0.0 in labels with no predicted samples. Use `zero_division` parameter to control this behavior.
  _warn_prf(average, modifier, f"{metric.capitalize()} is", len(result))

2025-08-08 20:03:48,840:WARNING:/workspaces/TechCatalyst_DE_2025/pycaret_env/lib/python3.11/site-packages/sklearn/metrics/_classification.py:1561: UserWarning: Note that pos_label (set to 'Yes') is ignored when average != 'binary' (got 'weighted'). You may use labels=[pos_label] to specify a single positive class.
  warnings.warn(

2025-08-08 20:03:48,843:WARNING:/workspaces/TechCatalyst_DE_2025/pycaret_env/lib/python3.11/site-packages/sklearn/metrics/_classification.py:1561: UserWarning: Note that pos_label (set to 'Yes') is ignored when average != 'binary' (got 'weighted'). You may use labels=[pos_label] to specify a single positive class.
  warnings.warn(

2025-08-08 20:03:48,848:WARNING:/workspaces/TechCatalyst_DE_2025/pycaret_env/lib/python3.11/site-packages/sklearn/metrics/_classification.py:1561: UserWarning: Note that pos_label (set to 'Yes') is ignored when average != 'binary' (got 'weighted'). You may use labels=[pos_label] to specify a single positive class.
  warnings.warn(

2025-08-08 20:03:48,852:WARNING:/workspaces/TechCatalyst_DE_2025/pycaret_env/lib/python3.11/site-packages/sklearn/metrics/_classification.py:1509: UndefinedMetricWarning: Precision is ill-defined and being set to 0.0 in labels with no predicted samples. Use `zero_division` parameter to control this behavior.
  _warn_prf(average, modifier, f"{metric.capitalize()} is", len(result))

2025-08-08 20:03:48,855:WARNING:/workspaces/TechCatalyst_DE_2025/pycaret_env/lib/python3.11/site-packages/sklearn/metrics/_classification.py:1561: UserWarning: Note that pos_label (set to 'Yes') is ignored when average != 'binary' (got 'weighted'). You may use labels=[pos_label] to specify a single positive class.
  warnings.warn(

2025-08-08 20:03:49,201:WARNING:/workspaces/TechCatalyst_DE_2025/pycaret_env/lib/python3.11/site-packages/sklearn/metrics/_classification.py:1561: UserWarning: Note that pos_label (set to 'Yes') is ignored when average != 'binary' (got 'weighted'). You may use labels=[pos_label] to specify a single positive class.
  warnings.warn(

2025-08-08 20:03:49,207:WARNING:/workspaces/TechCatalyst_DE_2025/pycaret_env/lib/python3.11/site-packages/sklearn/metrics/_classification.py:1561: UserWarning: Note that pos_label (set to 'Yes') is ignored when average != 'binary' (got 'weighted'). You may use labels=[pos_label] to specify a single positive class.
  warnings.warn(

2025-08-08 20:03:49,211:WARNING:/workspaces/TechCatalyst_DE_2025/pycaret_env/lib/python3.11/site-packages/sklearn/metrics/_classification.py:1509: UndefinedMetricWarning: Precision is ill-defined and being set to 0.0 in labels with no predicted samples. Use `zero_division` parameter to control this behavior.
  _warn_prf(average, modifier, f"{metric.capitalize()} is", len(result))

2025-08-08 20:03:49,214:WARNING:/workspaces/TechCatalyst_DE_2025/pycaret_env/lib/python3.11/site-packages/sklearn/metrics/_classification.py:1561: UserWarning: Note that pos_label (set to 'Yes') is ignored when average != 'binary' (got 'weighted'). You may use labels=[pos_label] to specify a single positive class.
  warnings.warn(

2025-08-08 20:03:49,228:WARNING:/workspaces/TechCatalyst_DE_2025/pycaret_env/lib/python3.11/site-packages/sklearn/metrics/_classification.py:1561: UserWarning: Note that pos_label (set to 'Yes') is ignored when average != 'binary' (got 'weighted'). You may use labels=[pos_label] to specify a single positive class.
  warnings.warn(

2025-08-08 20:03:49,240:WARNING:/workspaces/TechCatalyst_DE_2025/pycaret_env/lib/python3.11/site-packages/sklearn/metrics/_classification.py:1561: UserWarning: Note that pos_label (set to 'Yes') is ignored when average != 'binary' (got 'weighted'). You may use labels=[pos_label] to specify a single positive class.
  warnings.warn(

2025-08-08 20:03:49,246:WARNING:/workspaces/TechCatalyst_DE_2025/pycaret_env/lib/python3.11/site-packages/sklearn/metrics/_classification.py:1509: UndefinedMetricWarning: Precision is ill-defined and being set to 0.0 in labels with no predicted samples. Use `zero_division` parameter to control this behavior.
  _warn_prf(average, modifier, f"{metric.capitalize()} is", len(result))

2025-08-08 20:03:49,249:WARNING:/workspaces/TechCatalyst_DE_2025/pycaret_env/lib/python3.11/site-packages/sklearn/metrics/_classification.py:1561: UserWarning: Note that pos_label (set to 'Yes') is ignored when average != 'binary' (got 'weighted'). You may use labels=[pos_label] to specify a single positive class.
  warnings.warn(

2025-08-08 20:03:49,595:WARNING:/workspaces/TechCatalyst_DE_2025/pycaret_env/lib/python3.11/site-packages/sklearn/metrics/_classification.py:1561: UserWarning: Note that pos_label (set to 'Yes') is ignored when average != 'binary' (got 'weighted'). You may use labels=[pos_label] to specify a single positive class.
  warnings.warn(

2025-08-08 20:03:49,601:WARNING:/workspaces/TechCatalyst_DE_2025/pycaret_env/lib/python3.11/site-packages/sklearn/metrics/_classification.py:1561: UserWarning: Note that pos_label (set to 'Yes') is ignored when average != 'binary' (got 'weighted'). You may use labels=[pos_label] to specify a single positive class.
  warnings.warn(

2025-08-08 20:03:49,605:WARNING:/workspaces/TechCatalyst_DE_2025/pycaret_env/lib/python3.11/site-packages/sklearn/metrics/_classification.py:1509: UndefinedMetricWarning: Precision is ill-defined and being set to 0.0 in labels with no predicted samples. Use `zero_division` parameter to control this behavior.
  _warn_prf(average, modifier, f"{metric.capitalize()} is", len(result))

2025-08-08 20:03:49,608:WARNING:/workspaces/TechCatalyst_DE_2025/pycaret_env/lib/python3.11/site-packages/sklearn/metrics/_classification.py:1561: UserWarning: Note that pos_label (set to 'Yes') is ignored when average != 'binary' (got 'weighted'). You may use labels=[pos_label] to specify a single positive class.
  warnings.warn(

2025-08-08 20:03:49,620:WARNING:/workspaces/TechCatalyst_DE_2025/pycaret_env/lib/python3.11/site-packages/sklearn/metrics/_classification.py:1561: UserWarning: Note that pos_label (set to 'Yes') is ignored when average != 'binary' (got 'weighted'). You may use labels=[pos_label] to specify a single positive class.
  warnings.warn(

2025-08-08 20:03:49,623:WARNING:/workspaces/TechCatalyst_DE_2025/pycaret_env/lib/python3.11/site-packages/sklearn/metrics/_classification.py:1561: UserWarning: Note that pos_label (set to 'Yes') is ignored when average != 'binary' (got 'weighted'). You may use labels=[pos_label] to specify a single positive class.
  warnings.warn(

2025-08-08 20:03:49,625:WARNING:/workspaces/TechCatalyst_DE_2025/pycaret_env/lib/python3.11/site-packages/sklearn/metrics/_classification.py:1509: UndefinedMetricWarning: Precision is ill-defined and being set to 0.0 in labels with no predicted samples. Use `zero_division` parameter to control this behavior.
  _warn_prf(average, modifier, f"{metric.capitalize()} is", len(result))

2025-08-08 20:03:49,627:WARNING:/workspaces/TechCatalyst_DE_2025/pycaret_env/lib/python3.11/site-packages/sklearn/metrics/_classification.py:1561: UserWarning: Note that pos_label (set to 'Yes') is ignored when average != 'binary' (got 'weighted'). You may use labels=[pos_label] to specify a single positive class.
  warnings.warn(

2025-08-08 20:03:49,642:INFO:Calculating mean and std
2025-08-08 20:03:49,643:INFO:Creating metrics dataframe
2025-08-08 20:03:49,645:INFO:Uploading results into container
2025-08-08 20:03:49,646:INFO:Uploading model into container now
2025-08-08 20:03:49,646:INFO:_master_model_container: 16
2025-08-08 20:03:49,646:INFO:_display_container: 2
2025-08-08 20:03:49,646:INFO:DummyClassifier(constant=None, random_state=42, strategy='prior')
2025-08-08 20:03:49,646:INFO:create_model() successfully completed......................................
2025-08-08 20:03:49,830:INFO:SubProcess create_model() end ==================================
2025-08-08 20:03:49,831:INFO:Creating metrics dataframe
2025-08-08 20:03:49,847:WARNING:/workspaces/TechCatalyst_DE_2025/pycaret_env/lib/python3.11/site-packages/pycaret/internal/pycaret_experiment/supervised_experiment.py:339: FutureWarning: Styler.applymap has been deprecated. Use Styler.map instead.
  .applymap(highlight_cols, subset=["TT (Sec)"])

2025-08-08 20:03:49,856:INFO:Initializing create_model()
2025-08-08 20:03:49,856:INFO:create_model(self=<pycaret.classification.oop.ClassificationExperiment object at 0x7bdce3e84050>, estimator=KNeighborsClassifier(algorithm='auto', leaf_size=30, metric='minkowski',
                     metric_params=None, n_jobs=-1, n_neighbors=5, p=2,
                     weights='uniform'), fold=StratifiedKFold(n_splits=10, random_state=None, shuffle=False), round=4, cross_validation=False, predict=False, fit_kwargs={}, groups=None, refit=True, probability_threshold=None, experiment_custom_tags=None, verbose=False, system=False, add_to_model_list=True, metrics=None, display=None, model_only=True, return_train_score=False, error_score=0.0, kwargs={})
2025-08-08 20:03:49,856:INFO:Checking exceptions
2025-08-08 20:03:49,858:INFO:Importing libraries
2025-08-08 20:03:49,859:INFO:Copying training dataset
2025-08-08 20:03:49,865:INFO:Defining folds
2025-08-08 20:03:49,865:INFO:Declaring metric variables
2025-08-08 20:03:49,865:INFO:Importing untrained model
2025-08-08 20:03:49,866:INFO:Declaring custom model
2025-08-08 20:03:49,866:INFO:K Neighbors Classifier Imported successfully
2025-08-08 20:03:49,868:INFO:Cross validation set to False
2025-08-08 20:03:49,868:INFO:Fitting Model
2025-08-08 20:03:50,066:INFO:KNeighborsClassifier(algorithm='auto', leaf_size=30, metric='minkowski',
                     metric_params=None, n_jobs=-1, n_neighbors=5, p=2,
                     weights='uniform')
2025-08-08 20:03:50,066:INFO:create_model() successfully completed......................................
2025-08-08 20:03:50,242:INFO:Initializing create_model()
2025-08-08 20:03:50,242:INFO:create_model(self=<pycaret.classification.oop.ClassificationExperiment object at 0x7bdce3e84050>, estimator=LogisticRegression(C=1.0, class_weight=None, dual=False, fit_intercept=True,
                   intercept_scaling=1, l1_ratio=None, max_iter=1000,
                   multi_class='auto', n_jobs=None, penalty='l2',
                   random_state=42, solver='lbfgs', tol=0.0001, verbose=0,
                   warm_start=False), fold=StratifiedKFold(n_splits=10, random_state=None, shuffle=False), round=4, cross_validation=False, predict=False, fit_kwargs={}, groups=None, refit=True, probability_threshold=None, experiment_custom_tags=None, verbose=False, system=False, add_to_model_list=True, metrics=None, display=None, model_only=True, return_train_score=False, error_score=0.0, kwargs={})
2025-08-08 20:03:50,242:INFO:Checking exceptions
2025-08-08 20:03:50,243:INFO:Importing libraries
2025-08-08 20:03:50,244:INFO:Copying training dataset
2025-08-08 20:03:50,251:INFO:Defining folds
2025-08-08 20:03:50,251:INFO:Declaring metric variables
2025-08-08 20:03:50,252:INFO:Importing untrained model
2025-08-08 20:03:50,252:INFO:Declaring custom model
2025-08-08 20:03:50,252:INFO:Logistic Regression Imported successfully
2025-08-08 20:03:50,254:INFO:Cross validation set to False
2025-08-08 20:03:50,254:INFO:Fitting Model
2025-08-08 20:03:50,870:INFO:LogisticRegression(C=1.0, class_weight=None, dual=False, fit_intercept=True,
                   intercept_scaling=1, l1_ratio=None, max_iter=1000,
                   multi_class='auto', n_jobs=None, penalty='l2',
                   random_state=42, solver='lbfgs', tol=0.0001, verbose=0,
                   warm_start=False)
2025-08-08 20:03:50,870:INFO:create_model() successfully completed......................................
2025-08-08 20:03:51,087:INFO:Initializing create_model()
2025-08-08 20:03:51,087:INFO:create_model(self=<pycaret.classification.oop.ClassificationExperiment object at 0x7bdce3e84050>, estimator=RidgeClassifier(alpha=1.0, class_weight=None, copy_X=True, fit_intercept=True,
                max_iter=None, positive=False, random_state=42, solver='auto',
                tol=0.0001), fold=StratifiedKFold(n_splits=10, random_state=None, shuffle=False), round=4, cross_validation=False, predict=False, fit_kwargs={}, groups=None, refit=True, probability_threshold=None, experiment_custom_tags=None, verbose=False, system=False, add_to_model_list=True, metrics=None, display=None, model_only=True, return_train_score=False, error_score=0.0, kwargs={})
2025-08-08 20:03:51,087:INFO:Checking exceptions
2025-08-08 20:03:51,090:INFO:Importing libraries
2025-08-08 20:03:51,090:INFO:Copying training dataset
2025-08-08 20:03:51,095:INFO:Defining folds
2025-08-08 20:03:51,095:INFO:Declaring metric variables
2025-08-08 20:03:51,095:INFO:Importing untrained model
2025-08-08 20:03:51,096:INFO:Declaring custom model
2025-08-08 20:03:51,096:INFO:Ridge Classifier Imported successfully
2025-08-08 20:03:51,098:INFO:Cross validation set to False
2025-08-08 20:03:51,098:INFO:Fitting Model
2025-08-08 20:03:51,283:INFO:RidgeClassifier(alpha=1.0, class_weight=None, copy_X=True, fit_intercept=True,
                max_iter=None, positive=False, random_state=42, solver='auto',
                tol=0.0001)
2025-08-08 20:03:51,283:INFO:create_model() successfully completed......................................
2025-08-08 20:03:51,502:INFO:_master_model_container: 16
2025-08-08 20:03:51,502:INFO:_display_container: 2
2025-08-08 20:03:51,503:INFO:[KNeighborsClassifier(algorithm='auto', leaf_size=30, metric='minkowski',
                     metric_params=None, n_jobs=-1, n_neighbors=5, p=2,
                     weights='uniform'), LogisticRegression(C=1.0, class_weight=None, dual=False, fit_intercept=True,
                   intercept_scaling=1, l1_ratio=None, max_iter=1000,
                   multi_class='auto', n_jobs=None, penalty='l2',
                   random_state=42, solver='lbfgs', tol=0.0001, verbose=0,
                   warm_start=False), RidgeClassifier(alpha=1.0, class_weight=None, copy_X=True, fit_intercept=True,
                max_iter=None, positive=False, random_state=42, solver='auto',
                tol=0.0001)]
2025-08-08 20:03:51,503:INFO:compare_models() successfully completed......................................
2025-08-08 20:05:06,927:INFO:Initializing plot_model()
2025-08-08 20:05:06,927:INFO:plot_model(self=<pycaret.classification.oop.ClassificationExperiment object at 0x7bdce3e84050>, estimator=KNeighborsClassifier(algorithm='auto', leaf_size=30, metric='minkowski',
                     metric_params=None, n_jobs=-1, n_neighbors=5, p=2,
                     weights='uniform'), plot=confusion_matrix, scale=1, save=False, fold=None, fit_kwargs=None, plot_kwargs=None, groups=None, feature_name=None, label=False, verbose=True, system=True, display=None, display_format=None)
2025-08-08 20:05:06,927:INFO:Checking exceptions
2025-08-08 20:05:06,933:INFO:Preloading libraries
2025-08-08 20:05:06,934:INFO:Copying training dataset
2025-08-08 20:05:06,935:INFO:Plot type: confusion_matrix
2025-08-08 20:05:07,228:INFO:Fitting Model
2025-08-08 20:05:07,231:WARNING:/workspaces/TechCatalyst_DE_2025/pycaret_env/lib/python3.11/site-packages/sklearn/base.py:493: UserWarning: X does not have valid feature names, but KNeighborsClassifier was fitted with feature names
  warnings.warn(

2025-08-08 20:05:07,232:INFO:Scoring test/hold-out set
2025-08-08 20:05:07,461:WARNING:findfont: Generic family 'sans-serif' not found because none of the following families were found: Arial, Liberation Sans, Bitstream Vera Sans, sans-serif
2025-08-08 20:05:07,476:WARNING:findfont: Generic family 'sans-serif' not found because none of the following families were found: Arial, Liberation Sans, Bitstream Vera Sans, sans-serif
2025-08-08 20:05:07,477:WARNING:findfont: Generic family 'sans-serif' not found because none of the following families were found: Arial, Liberation Sans, Bitstream Vera Sans, sans-serif
2025-08-08 20:05:07,479:WARNING:findfont: Generic family 'sans-serif' not found because none of the following families were found: Arial, Liberation Sans, Bitstream Vera Sans, sans-serif
2025-08-08 20:05:07,479:WARNING:findfont: Generic family 'sans-serif' not found because none of the following families were found: Arial, Liberation Sans, Bitstream Vera Sans, sans-serif
2025-08-08 20:05:07,481:WARNING:findfont: Generic family 'sans-serif' not found because none of the following families were found: Arial, Liberation Sans, Bitstream Vera Sans, sans-serif
2025-08-08 20:05:07,483:WARNING:findfont: Generic family 'sans-serif' not found because none of the following families were found: Arial, Liberation Sans, Bitstream Vera Sans, sans-serif
2025-08-08 20:05:07,483:WARNING:findfont: Generic family 'sans-serif' not found because none of the following families were found: Arial, Liberation Sans, Bitstream Vera Sans, sans-serif
2025-08-08 20:05:07,485:WARNING:findfont: Generic family 'sans-serif' not found because none of the following families were found: Arial, Liberation Sans, Bitstream Vera Sans, sans-serif
2025-08-08 20:05:07,485:WARNING:findfont: Generic family 'sans-serif' not found because none of the following families were found: Arial, Liberation Sans, Bitstream Vera Sans, sans-serif
2025-08-08 20:05:07,485:WARNING:findfont: Generic family 'sans-serif' not found because none of the following families were found: Arial, Liberation Sans, Bitstream Vera Sans, sans-serif
2025-08-08 20:05:07,486:WARNING:findfont: Generic family 'sans-serif' not found because none of the following families were found: Arial, Liberation Sans, Bitstream Vera Sans, sans-serif
2025-08-08 20:05:07,534:WARNING:findfont: Generic family 'sans-serif' not found because none of the following families were found: Arial, Liberation Sans, Bitstream Vera Sans, sans-serif
2025-08-08 20:05:07,534:WARNING:findfont: Generic family 'sans-serif' not found because none of the following families were found: Arial, Liberation Sans, Bitstream Vera Sans, sans-serif
2025-08-08 20:05:07,534:WARNING:findfont: Generic family 'sans-serif' not found because none of the following families were found: Arial, Liberation Sans, Bitstream Vera Sans, sans-serif
2025-08-08 20:05:07,536:WARNING:findfont: Generic family 'sans-serif' not found because none of the following families were found: Arial, Liberation Sans, Bitstream Vera Sans, sans-serif
2025-08-08 20:05:07,536:WARNING:findfont: Generic family 'sans-serif' not found because none of the following families were found: Arial, Liberation Sans, Bitstream Vera Sans, sans-serif
2025-08-08 20:05:07,536:WARNING:findfont: Generic family 'sans-serif' not found because none of the following families were found: Arial, Liberation Sans, Bitstream Vera Sans, sans-serif
2025-08-08 20:05:07,537:WARNING:findfont: Generic family 'sans-serif' not found because none of the following families were found: Arial, Liberation Sans, Bitstream Vera Sans, sans-serif
2025-08-08 20:05:07,539:WARNING:findfont: Generic family 'sans-serif' not found because none of the following families were found: Arial, Liberation Sans, Bitstream Vera Sans, sans-serif
2025-08-08 20:05:07,540:WARNING:findfont: Generic family 'sans-serif' not found because none of the following families were found: Arial, Liberation Sans, Bitstream Vera Sans, sans-serif
2025-08-08 20:05:07,541:WARNING:findfont: Generic family 'sans-serif' not found because none of the following families were found: Arial, Liberation Sans, Bitstream Vera Sans, sans-serif
2025-08-08 20:05:07,542:WARNING:findfont: Generic family 'sans-serif' not found because none of the following families were found: Arial, Liberation Sans, Bitstream Vera Sans, sans-serif
2025-08-08 20:05:07,544:WARNING:findfont: Generic family 'sans-serif' not found because none of the following families were found: Arial, Liberation Sans, Bitstream Vera Sans, sans-serif
2025-08-08 20:05:07,544:WARNING:findfont: Generic family 'sans-serif' not found because none of the following families were found: Arial, Liberation Sans, Bitstream Vera Sans, sans-serif
2025-08-08 20:05:07,546:WARNING:findfont: Generic family 'sans-serif' not found because none of the following families were found: Arial, Liberation Sans, Bitstream Vera Sans, sans-serif
2025-08-08 20:05:07,547:WARNING:findfont: Generic family 'sans-serif' not found because none of the following families were found: Arial, Liberation Sans, Bitstream Vera Sans, sans-serif
2025-08-08 20:05:07,548:WARNING:findfont: Generic family 'sans-serif' not found because none of the following families were found: Arial, Liberation Sans, Bitstream Vera Sans, sans-serif
2025-08-08 20:05:07,548:WARNING:findfont: Generic family 'sans-serif' not found because none of the following families were found: Arial, Liberation Sans, Bitstream Vera Sans, sans-serif
2025-08-08 20:05:07,549:WARNING:findfont: Generic family 'sans-serif' not found because none of the following families were found: Arial, Liberation Sans, Bitstream Vera Sans, sans-serif
2025-08-08 20:05:07,549:WARNING:findfont: Generic family 'sans-serif' not found because none of the following families were found: Arial, Liberation Sans, Bitstream Vera Sans, sans-serif
2025-08-08 20:05:07,549:WARNING:findfont: Generic family 'sans-serif' not found because none of the following families were found: Arial, Liberation Sans, Bitstream Vera Sans, sans-serif
2025-08-08 20:05:07,550:WARNING:findfont: Generic family 'sans-serif' not found because none of the following families were found: Arial, Liberation Sans, Bitstream Vera Sans, sans-serif
2025-08-08 20:05:07,550:WARNING:findfont: Generic family 'sans-serif' not found because none of the following families were found: Arial, Liberation Sans, Bitstream Vera Sans, sans-serif
2025-08-08 20:05:07,550:WARNING:findfont: Generic family 'sans-serif' not found because none of the following families were found: Arial, Liberation Sans, Bitstream Vera Sans, sans-serif
2025-08-08 20:05:07,615:INFO:Visual Rendered Successfully
2025-08-08 20:05:07,887:INFO:plot_model() successfully completed......................................
2025-08-08 20:05:14,082:INFO:Initializing plot_model()
2025-08-08 20:05:14,082:INFO:plot_model(self=<pycaret.classification.oop.ClassificationExperiment object at 0x7bdce3e84050>, estimator=KNeighborsClassifier(algorithm='auto', leaf_size=30, metric='minkowski',
                     metric_params=None, n_jobs=-1, n_neighbors=5, p=2,
                     weights='uniform'), plot=feature, scale=1, save=False, fold=None, fit_kwargs=None, plot_kwargs=None, groups=None, feature_name=None, label=False, verbose=True, system=True, display=None, display_format=None)
2025-08-08 20:05:14,083:INFO:Checking exceptions
2025-08-08 20:05:30,786:INFO:Initializing plot_model()
2025-08-08 20:05:30,787:INFO:plot_model(self=<pycaret.classification.oop.ClassificationExperiment object at 0x7bdce3e84050>, estimator=KNeighborsClassifier(algorithm='auto', leaf_size=30, metric='minkowski',
                     metric_params=None, n_jobs=-1, n_neighbors=5, p=2,
                     weights='uniform'), plot=feature, scale=1, save=False, fold=None, fit_kwargs=None, plot_kwargs=None, groups=None, feature_name=None, label=False, verbose=True, system=True, display=None, display_format=None)
2025-08-08 20:05:30,787:INFO:Checking exceptions
2025-08-08 20:06:54,716:INFO:Initializing plot_model()
2025-08-08 20:06:54,717:INFO:plot_model(self=<pycaret.classification.oop.ClassificationExperiment object at 0x7bdce3e84050>, estimator=KNeighborsClassifier(algorithm='auto', leaf_size=30, metric='minkowski',
                     metric_params=None, n_jobs=-1, n_neighbors=5, p=2,
                     weights='uniform'), plot=feature, scale=1, save=False, fold=None, fit_kwargs=None, plot_kwargs=None, groups=None, feature_name=None, label=False, verbose=True, system=True, display=None, display_format=None)
2025-08-08 20:06:54,717:INFO:Checking exceptions
2025-08-08 20:08:19,575:INFO:PyCaret ClassificationExperiment
2025-08-08 20:08:19,576:INFO:Logging name: clf-default-name
2025-08-08 20:08:19,576:INFO:ML Usecase: MLUsecase.CLASSIFICATION
2025-08-08 20:08:19,576:INFO:version 3.3.2
2025-08-08 20:08:19,576:INFO:Initializing setup()
2025-08-08 20:08:19,576:INFO:self.USI: 8a18
2025-08-08 20:08:19,576:INFO:self._variable_keys: {'gpu_n_jobs_param', 'n_jobs_param', 'exp_name_log', 'target_param', 'fold_generator', 'fix_imbalance', 'gpu_param', 'exp_id', 'logging_param', 'log_plots_param', 'data', 'y_test', 'is_multiclass', 'fold_shuffle_param', 'y', 'pipeline', 'fold_groups_param', 'html_param', 'seed', '_available_plots', 'memory', 'USI', 'idx', '_ml_usecase', 'X_train', 'y_train', 'X_test', 'X'}
2025-08-08 20:08:19,576:INFO:Checking environment
2025-08-08 20:08:19,576:INFO:python_version: 3.11.13
2025-08-08 20:08:19,576:INFO:python_build: ('main', 'Jun  5 2025 13:12:00')
2025-08-08 20:08:19,576:INFO:machine: x86_64
2025-08-08 20:08:19,576:INFO:platform: Linux-6.8.0-1030-azure-x86_64-with-glibc2.39
2025-08-08 20:08:19,577:INFO:Memory: svmem(total=8330579968, available=1931522048, percent=76.8, used=6004600832, free=541249536, active=4339052544, inactive=2788556800, buffers=87166976, cached=1697562624, shared=67215360, slab=431734784)
2025-08-08 20:08:19,577:INFO:Physical Core: 1
2025-08-08 20:08:19,577:INFO:Logical Core: 2
2025-08-08 20:08:19,577:INFO:Checking libraries
2025-08-08 20:08:19,577:INFO:System:
2025-08-08 20:08:19,577:INFO:    python: 3.11.13 (main, Jun  5 2025, 13:12:00) [GCC 11.2.0]
2025-08-08 20:08:19,577:INFO:executable: /workspaces/TechCatalyst_DE_2025/pycaret_env/bin/python
2025-08-08 20:08:19,577:INFO:   machine: Linux-6.8.0-1030-azure-x86_64-with-glibc2.39
2025-08-08 20:08:19,577:INFO:PyCaret required dependencies:
2025-08-08 20:08:19,577:INFO:                 pip: 24.0
2025-08-08 20:08:19,577:INFO:          setuptools: 65.5.0
2025-08-08 20:08:19,577:INFO:             pycaret: 3.3.2
2025-08-08 20:08:19,577:INFO:             IPython: 9.4.0
2025-08-08 20:08:19,577:INFO:          ipywidgets: 8.1.7
2025-08-08 20:08:19,577:INFO:                tqdm: 4.67.1
2025-08-08 20:08:19,577:INFO:               numpy: 1.26.4
2025-08-08 20:08:19,578:INFO:              pandas: 2.1.4
2025-08-08 20:08:19,578:INFO:              jinja2: 3.1.6
2025-08-08 20:08:19,578:INFO:               scipy: 1.11.4
2025-08-08 20:08:19,578:INFO:              joblib: 1.3.2
2025-08-08 20:08:19,578:INFO:             sklearn: 1.4.2
2025-08-08 20:08:19,578:INFO:                pyod: 2.0.5
2025-08-08 20:08:19,578:INFO:            imblearn: 0.13.0
2025-08-08 20:08:19,578:INFO:   category_encoders: 2.7.0
2025-08-08 20:08:19,578:INFO:            lightgbm: 4.6.0
2025-08-08 20:08:19,578:INFO:               numba: 0.61.2
2025-08-08 20:08:19,578:INFO:            requests: 2.32.4
2025-08-08 20:08:19,578:INFO:          matplotlib: 3.7.5
2025-08-08 20:08:19,578:INFO:          scikitplot: 0.3.7
2025-08-08 20:08:19,578:INFO:         yellowbrick: 1.5
2025-08-08 20:08:19,578:INFO:              plotly: 5.24.1
2025-08-08 20:08:19,578:INFO:    plotly-resampler: Not installed
2025-08-08 20:08:19,578:INFO:             kaleido: 1.0.0
2025-08-08 20:08:19,578:INFO:           schemdraw: 0.15
2025-08-08 20:08:19,578:INFO:         statsmodels: 0.14.5
2025-08-08 20:08:19,578:INFO:              sktime: 0.26.0
2025-08-08 20:08:19,578:INFO:               tbats: 1.1.3
2025-08-08 20:08:19,578:INFO:            pmdarima: 2.0.4
2025-08-08 20:08:19,578:INFO:              psutil: 7.0.0
2025-08-08 20:08:19,578:INFO:          markupsafe: 3.0.2
2025-08-08 20:08:19,578:INFO:             pickle5: Not installed
2025-08-08 20:08:19,578:INFO:         cloudpickle: 3.1.1
2025-08-08 20:08:19,578:INFO:         deprecation: 2.1.0
2025-08-08 20:08:19,578:INFO:              xxhash: 3.5.0
2025-08-08 20:08:19,578:INFO:           wurlitzer: 3.1.1
2025-08-08 20:08:19,578:INFO:PyCaret optional dependencies:
2025-08-08 20:08:19,578:INFO:                shap: 0.44.1
2025-08-08 20:08:19,579:INFO:           interpret: 0.6.9
2025-08-08 20:08:19,579:INFO:                umap: 0.5.7
2025-08-08 20:08:19,579:INFO:     ydata_profiling: 4.14.0
2025-08-08 20:08:19,579:INFO:  explainerdashboard: 0.4.8
2025-08-08 20:08:19,579:INFO:             autoviz: Not installed
2025-08-08 20:08:19,579:INFO:           fairlearn: 0.7.0
2025-08-08 20:08:19,579:INFO:          deepchecks: Not installed
2025-08-08 20:08:19,579:INFO:             xgboost: 3.0.3
2025-08-08 20:08:19,579:INFO:            catboost: 1.2.8
2025-08-08 20:08:19,579:INFO:              kmodes: 0.12.2
2025-08-08 20:08:19,579:INFO:             mlxtend: 0.23.4
2025-08-08 20:08:19,579:INFO:       statsforecast: 1.5.0
2025-08-08 20:08:19,579:INFO:        tune_sklearn: Not installed
2025-08-08 20:08:19,579:INFO:                 ray: Not installed
2025-08-08 20:08:19,579:INFO:            hyperopt: 0.2.7
2025-08-08 20:08:19,579:INFO:              optuna: 4.4.0
2025-08-08 20:08:19,579:INFO:               skopt: 0.10.2
2025-08-08 20:08:19,579:INFO:              mlflow: 3.2.0
2025-08-08 20:08:19,579:INFO:              gradio: 5.41.1
2025-08-08 20:08:19,579:INFO:             fastapi: 0.116.1
2025-08-08 20:08:19,579:INFO:             uvicorn: 0.35.0
2025-08-08 20:08:19,579:INFO:              m2cgen: 0.10.0
2025-08-08 20:08:19,579:INFO:           evidently: 0.4.40
2025-08-08 20:08:19,579:INFO:               fugue: 0.8.7
2025-08-08 20:08:19,579:INFO:           streamlit: Not installed
2025-08-08 20:08:19,580:INFO:             prophet: Not installed
2025-08-08 20:08:19,580:INFO:None
2025-08-08 20:08:19,580:INFO:Set up data.
2025-08-08 20:08:19,602:INFO:Set up folding strategy.
2025-08-08 20:08:19,602:INFO:Set up train/test split.
2025-08-08 20:08:19,625:INFO:Set up index.
2025-08-08 20:08:19,626:INFO:Assigning column types.
2025-08-08 20:08:19,629:INFO:Engine successfully changes for model 'lr' to 'sklearn'.
2025-08-08 20:08:19,680:INFO:Engine for model 'knn' has not been set explicitly, hence returning None.
2025-08-08 20:08:19,682:INFO:Engine for model 'rbfsvm' has not been set explicitly, hence returning None.
2025-08-08 20:08:19,734:INFO:Soft dependency imported: xgboost: 3.0.3
2025-08-08 20:08:19,738:INFO:Soft dependency imported: catboost: 1.2.8
2025-08-08 20:08:19,787:INFO:Engine for model 'knn' has not been set explicitly, hence returning None.
2025-08-08 20:08:19,788:INFO:Engine for model 'rbfsvm' has not been set explicitly, hence returning None.
2025-08-08 20:08:19,819:INFO:Soft dependency imported: xgboost: 3.0.3
2025-08-08 20:08:19,822:INFO:Soft dependency imported: catboost: 1.2.8
2025-08-08 20:08:19,824:INFO:Engine successfully changes for model 'knn' to 'sklearn'.
2025-08-08 20:08:19,968:INFO:Engine for model 'rbfsvm' has not been set explicitly, hence returning None.
2025-08-08 20:08:20,005:INFO:Soft dependency imported: xgboost: 3.0.3
2025-08-08 20:08:20,008:INFO:Soft dependency imported: catboost: 1.2.8
2025-08-08 20:08:20,070:INFO:Engine for model 'rbfsvm' has not been set explicitly, hence returning None.
2025-08-08 20:08:20,092:INFO:Soft dependency imported: xgboost: 3.0.3
2025-08-08 20:08:20,094:INFO:Soft dependency imported: catboost: 1.2.8
2025-08-08 20:08:20,095:INFO:Engine successfully changes for model 'rbfsvm' to 'sklearn'.
2025-08-08 20:08:20,184:INFO:Soft dependency imported: xgboost: 3.0.3
2025-08-08 20:08:20,188:INFO:Soft dependency imported: catboost: 1.2.8
2025-08-08 20:08:20,265:INFO:Soft dependency imported: xgboost: 3.0.3
2025-08-08 20:08:20,267:INFO:Soft dependency imported: catboost: 1.2.8
2025-08-08 20:08:20,268:INFO:Preparing preprocessing pipeline...
2025-08-08 20:08:20,269:INFO:Set up label encoding.
2025-08-08 20:08:20,269:INFO:Set up simple imputation.
2025-08-08 20:08:20,275:INFO:Set up encoding of ordinal features.
2025-08-08 20:08:20,280:INFO:Set up encoding of categorical features.
2025-08-08 20:08:20,601:INFO:Finished creating preprocessing pipeline.
2025-08-08 20:08:20,634:INFO:Pipeline: Pipeline(memory=FastMemory(location=/tmp/joblib),
         steps=[('label_encoding',
                 TransformerWrapperWithInverse(exclude=None, include=None,
                                               transformer=LabelEncoder())),
                ('numerical_imputer',
                 TransformerWrapper(exclude=None,
                                    include=['SeniorCitizen', 'tenure',
                                             'MonthlyCharges'],
                                    transformer=SimpleImputer(add_indicator=False,
                                                              copy=True,
                                                              fill_value=None,
                                                              keep_empty_fea...
                                                              return_df=True,
                                                              use_cat_names=True,
                                                              verbose=0))),
                ('rest_encoding',
                 TransformerWrapper(exclude=None,
                                    include=['customerID', 'TotalCharges'],
                                    transformer=TargetEncoder(cols=['customerID',
                                                                    'TotalCharges'],
                                                              drop_invariant=False,
                                                              handle_missing='return_nan',
                                                              handle_unknown='value',
                                                              hierarchy=None,
                                                              min_samples_leaf=20,
                                                              return_df=True,
                                                              smoothing=10,
                                                              verbose=0)))],
         verbose=False)
2025-08-08 20:08:20,634:INFO:Creating final display dataframe.
2025-08-08 20:08:21,124:INFO:Setup _display_container:                     Description             Value
0                    Session id                42
1                        Target             Churn
2                   Target type            Binary
3                Target mapping     No: 0, Yes: 1
4           Original data shape        (6043, 21)
5        Transformed data shape        (6043, 42)
6   Transformed train set shape        (4834, 42)
7    Transformed test set shape        (1209, 42)
8              Numeric features                 3
9          Categorical features                17
10                   Preprocess              True
11              Imputation type            simple
12           Numeric imputation              mean
13       Categorical imputation              mode
14     Maximum one-hot encoding                25
15              Encoding method              None
16               Fold Generator   StratifiedKFold
17                  Fold Number                10
18                     CPU Jobs                -1
19                      Use GPU             False
20               Log Experiment             False
21              Experiment Name  clf-default-name
22                          USI              8a18
2025-08-08 20:08:21,211:INFO:Soft dependency imported: xgboost: 3.0.3
2025-08-08 20:08:21,215:INFO:Soft dependency imported: catboost: 1.2.8
2025-08-08 20:08:21,339:INFO:Soft dependency imported: xgboost: 3.0.3
2025-08-08 20:08:21,344:INFO:Soft dependency imported: catboost: 1.2.8
2025-08-08 20:08:21,346:INFO:setup() successfully completed in 1.78s...............
2025-08-08 20:08:21,347:INFO:Initializing compare_models()
2025-08-08 20:08:21,347:INFO:compare_models(self=<pycaret.classification.oop.ClassificationExperiment object at 0x7bdcd0784450>, include=None, exclude=None, fold=None, round=4, cross_validation=True, sort=Accuracy, n_select=3, budget_time=None, turbo=True, errors=ignore, fit_kwargs=None, groups=None, experiment_custom_tags=None, probability_threshold=None, verbose=True, parallel=None, caller_params={'self': <pycaret.classification.oop.ClassificationExperiment object at 0x7bdcd0784450>, 'include': None, 'exclude': None, 'fold': None, 'round': 4, 'cross_validation': True, 'sort': 'Accuracy', 'n_select': 3, 'budget_time': None, 'turbo': True, 'errors': 'ignore', 'fit_kwargs': None, 'groups': None, 'experiment_custom_tags': None, 'probability_threshold': None, 'engine': None, 'verbose': True, 'parallel': None, '__class__': <class 'pycaret.classification.oop.ClassificationExperiment'>})
2025-08-08 20:08:21,347:INFO:Checking exceptions
2025-08-08 20:08:21,350:INFO:Preparing display monitor
2025-08-08 20:08:21,370:INFO:Initializing Logistic Regression
2025-08-08 20:08:21,371:INFO:Total runtime is 2.2649765014648438e-06 minutes
2025-08-08 20:08:21,374:INFO:SubProcess create_model() called ==================================
2025-08-08 20:08:21,374:INFO:Initializing create_model()
2025-08-08 20:08:21,374:INFO:create_model(self=<pycaret.classification.oop.ClassificationExperiment object at 0x7bdcd0784450>, estimator=lr, fold=StratifiedKFold(n_splits=10, random_state=None, shuffle=False), round=4, cross_validation=True, predict=True, fit_kwargs={}, groups=None, refit=False, probability_threshold=None, experiment_custom_tags=None, verbose=False, system=False, add_to_model_list=True, metrics=None, display=<pycaret.internal.display.display.CommonDisplay object at 0x7bdc9b2a5d10>, model_only=True, return_train_score=False, error_score=0.0, kwargs={})
2025-08-08 20:08:21,374:INFO:Checking exceptions
2025-08-08 20:08:21,374:INFO:Importing libraries
2025-08-08 20:08:21,375:INFO:Copying training dataset
2025-08-08 20:08:21,387:INFO:Defining folds
2025-08-08 20:08:21,387:INFO:Declaring metric variables
2025-08-08 20:08:21,393:INFO:Importing untrained model
2025-08-08 20:08:21,397:INFO:Logistic Regression Imported successfully
2025-08-08 20:08:21,406:INFO:Starting cross validation
2025-08-08 20:08:21,411:INFO:Cross validating with StratifiedKFold(n_splits=10, random_state=None, shuffle=False), n_jobs=-1
2025-08-08 20:08:22,363:WARNING:/workspaces/TechCatalyst_DE_2025/pycaret_env/lib/python3.11/site-packages/sklearn/metrics/_classification.py:1561: UserWarning: Note that pos_label (set to 'Yes') is ignored when average != 'binary' (got 'weighted'). You may use labels=[pos_label] to specify a single positive class.
  warnings.warn(

2025-08-08 20:08:22,375:WARNING:/workspaces/TechCatalyst_DE_2025/pycaret_env/lib/python3.11/site-packages/sklearn/metrics/_classification.py:1561: UserWarning: Note that pos_label (set to 'Yes') is ignored when average != 'binary' (got 'weighted'). You may use labels=[pos_label] to specify a single positive class.
  warnings.warn(

2025-08-08 20:08:22,381:WARNING:/workspaces/TechCatalyst_DE_2025/pycaret_env/lib/python3.11/site-packages/sklearn/metrics/_classification.py:1561: UserWarning: Note that pos_label (set to 'Yes') is ignored when average != 'binary' (got 'weighted'). You may use labels=[pos_label] to specify a single positive class.
  warnings.warn(

2025-08-08 20:08:22,477:WARNING:/workspaces/TechCatalyst_DE_2025/pycaret_env/lib/python3.11/site-packages/sklearn/metrics/_classification.py:1561: UserWarning: Note that pos_label (set to 'Yes') is ignored when average != 'binary' (got 'weighted'). You may use labels=[pos_label] to specify a single positive class.
  warnings.warn(

2025-08-08 20:08:22,483:WARNING:/workspaces/TechCatalyst_DE_2025/pycaret_env/lib/python3.11/site-packages/sklearn/metrics/_classification.py:1561: UserWarning: Note that pos_label (set to 'Yes') is ignored when average != 'binary' (got 'weighted'). You may use labels=[pos_label] to specify a single positive class.
  warnings.warn(

2025-08-08 20:08:22,490:WARNING:/workspaces/TechCatalyst_DE_2025/pycaret_env/lib/python3.11/site-packages/sklearn/metrics/_classification.py:1561: UserWarning: Note that pos_label (set to 'Yes') is ignored when average != 'binary' (got 'weighted'). You may use labels=[pos_label] to specify a single positive class.
  warnings.warn(

2025-08-08 20:08:23,221:WARNING:/workspaces/TechCatalyst_DE_2025/pycaret_env/lib/python3.11/site-packages/sklearn/metrics/_classification.py:1561: UserWarning: Note that pos_label (set to 'Yes') is ignored when average != 'binary' (got 'weighted'). You may use labels=[pos_label] to specify a single positive class.
  warnings.warn(

2025-08-08 20:08:23,231:WARNING:/workspaces/TechCatalyst_DE_2025/pycaret_env/lib/python3.11/site-packages/sklearn/metrics/_classification.py:1561: UserWarning: Note that pos_label (set to 'Yes') is ignored when average != 'binary' (got 'weighted'). You may use labels=[pos_label] to specify a single positive class.
  warnings.warn(

2025-08-08 20:08:23,237:WARNING:/workspaces/TechCatalyst_DE_2025/pycaret_env/lib/python3.11/site-packages/sklearn/metrics/_classification.py:1561: UserWarning: Note that pos_label (set to 'Yes') is ignored when average != 'binary' (got 'weighted'). You may use labels=[pos_label] to specify a single positive class.
  warnings.warn(

2025-08-08 20:08:23,252:WARNING:/workspaces/TechCatalyst_DE_2025/pycaret_env/lib/python3.11/site-packages/sklearn/metrics/_classification.py:1561: UserWarning: Note that pos_label (set to 'Yes') is ignored when average != 'binary' (got 'weighted'). You may use labels=[pos_label] to specify a single positive class.
  warnings.warn(

2025-08-08 20:08:23,268:WARNING:/workspaces/TechCatalyst_DE_2025/pycaret_env/lib/python3.11/site-packages/sklearn/metrics/_classification.py:1561: UserWarning: Note that pos_label (set to 'Yes') is ignored when average != 'binary' (got 'weighted'). You may use labels=[pos_label] to specify a single positive class.
  warnings.warn(

2025-08-08 20:08:23,276:WARNING:/workspaces/TechCatalyst_DE_2025/pycaret_env/lib/python3.11/site-packages/sklearn/metrics/_classification.py:1561: UserWarning: Note that pos_label (set to 'Yes') is ignored when average != 'binary' (got 'weighted'). You may use labels=[pos_label] to specify a single positive class.
  warnings.warn(

2025-08-08 20:08:24,066:WARNING:/workspaces/TechCatalyst_DE_2025/pycaret_env/lib/python3.11/site-packages/sklearn/metrics/_classification.py:1561: UserWarning: Note that pos_label (set to 'Yes') is ignored when average != 'binary' (got 'weighted'). You may use labels=[pos_label] to specify a single positive class.
  warnings.warn(

2025-08-08 20:08:24,073:WARNING:/workspaces/TechCatalyst_DE_2025/pycaret_env/lib/python3.11/site-packages/sklearn/metrics/_classification.py:1561: UserWarning: Note that pos_label (set to 'Yes') is ignored when average != 'binary' (got 'weighted'). You may use labels=[pos_label] to specify a single positive class.
  warnings.warn(

2025-08-08 20:08:24,079:WARNING:/workspaces/TechCatalyst_DE_2025/pycaret_env/lib/python3.11/site-packages/sklearn/metrics/_classification.py:1561: UserWarning: Note that pos_label (set to 'Yes') is ignored when average != 'binary' (got 'weighted'). You may use labels=[pos_label] to specify a single positive class.
  warnings.warn(

2025-08-08 20:08:24,093:WARNING:/workspaces/TechCatalyst_DE_2025/pycaret_env/lib/python3.11/site-packages/sklearn/metrics/_classification.py:1561: UserWarning: Note that pos_label (set to 'Yes') is ignored when average != 'binary' (got 'weighted'). You may use labels=[pos_label] to specify a single positive class.
  warnings.warn(

2025-08-08 20:08:24,101:WARNING:/workspaces/TechCatalyst_DE_2025/pycaret_env/lib/python3.11/site-packages/sklearn/metrics/_classification.py:1561: UserWarning: Note that pos_label (set to 'Yes') is ignored when average != 'binary' (got 'weighted'). You may use labels=[pos_label] to specify a single positive class.
  warnings.warn(

2025-08-08 20:08:24,107:WARNING:/workspaces/TechCatalyst_DE_2025/pycaret_env/lib/python3.11/site-packages/sklearn/metrics/_classification.py:1561: UserWarning: Note that pos_label (set to 'Yes') is ignored when average != 'binary' (got 'weighted'). You may use labels=[pos_label] to specify a single positive class.
  warnings.warn(

2025-08-08 20:08:24,866:WARNING:/workspaces/TechCatalyst_DE_2025/pycaret_env/lib/python3.11/site-packages/sklearn/metrics/_classification.py:1561: UserWarning: Note that pos_label (set to 'Yes') is ignored when average != 'binary' (got 'weighted'). You may use labels=[pos_label] to specify a single positive class.
  warnings.warn(

2025-08-08 20:08:24,872:WARNING:/workspaces/TechCatalyst_DE_2025/pycaret_env/lib/python3.11/site-packages/sklearn/metrics/_classification.py:1561: UserWarning: Note that pos_label (set to 'Yes') is ignored when average != 'binary' (got 'weighted'). You may use labels=[pos_label] to specify a single positive class.
  warnings.warn(

2025-08-08 20:08:24,879:WARNING:/workspaces/TechCatalyst_DE_2025/pycaret_env/lib/python3.11/site-packages/sklearn/metrics/_classification.py:1561: UserWarning: Note that pos_label (set to 'Yes') is ignored when average != 'binary' (got 'weighted'). You may use labels=[pos_label] to specify a single positive class.
  warnings.warn(

2025-08-08 20:08:24,996:WARNING:/workspaces/TechCatalyst_DE_2025/pycaret_env/lib/python3.11/site-packages/sklearn/metrics/_classification.py:1561: UserWarning: Note that pos_label (set to 'Yes') is ignored when average != 'binary' (got 'weighted'). You may use labels=[pos_label] to specify a single positive class.
  warnings.warn(

2025-08-08 20:08:25,002:WARNING:/workspaces/TechCatalyst_DE_2025/pycaret_env/lib/python3.11/site-packages/sklearn/metrics/_classification.py:1561: UserWarning: Note that pos_label (set to 'Yes') is ignored when average != 'binary' (got 'weighted'). You may use labels=[pos_label] to specify a single positive class.
  warnings.warn(

2025-08-08 20:08:25,010:WARNING:/workspaces/TechCatalyst_DE_2025/pycaret_env/lib/python3.11/site-packages/sklearn/metrics/_classification.py:1561: UserWarning: Note that pos_label (set to 'Yes') is ignored when average != 'binary' (got 'weighted'). You may use labels=[pos_label] to specify a single positive class.
  warnings.warn(

2025-08-08 20:08:25,616:WARNING:/workspaces/TechCatalyst_DE_2025/pycaret_env/lib/python3.11/site-packages/sklearn/metrics/_classification.py:1561: UserWarning: Note that pos_label (set to 'Yes') is ignored when average != 'binary' (got 'weighted'). You may use labels=[pos_label] to specify a single positive class.
  warnings.warn(

2025-08-08 20:08:25,634:WARNING:/workspaces/TechCatalyst_DE_2025/pycaret_env/lib/python3.11/site-packages/sklearn/metrics/_classification.py:1561: UserWarning: Note that pos_label (set to 'Yes') is ignored when average != 'binary' (got 'weighted'). You may use labels=[pos_label] to specify a single positive class.
  warnings.warn(

2025-08-08 20:08:25,645:WARNING:/workspaces/TechCatalyst_DE_2025/pycaret_env/lib/python3.11/site-packages/sklearn/metrics/_classification.py:1561: UserWarning: Note that pos_label (set to 'Yes') is ignored when average != 'binary' (got 'weighted'). You may use labels=[pos_label] to specify a single positive class.
  warnings.warn(

2025-08-08 20:08:25,709:WARNING:/workspaces/TechCatalyst_DE_2025/pycaret_env/lib/python3.11/site-packages/sklearn/metrics/_classification.py:1561: UserWarning: Note that pos_label (set to 'Yes') is ignored when average != 'binary' (got 'weighted'). You may use labels=[pos_label] to specify a single positive class.
  warnings.warn(

2025-08-08 20:08:25,712:WARNING:/workspaces/TechCatalyst_DE_2025/pycaret_env/lib/python3.11/site-packages/sklearn/metrics/_classification.py:1561: UserWarning: Note that pos_label (set to 'Yes') is ignored when average != 'binary' (got 'weighted'). You may use labels=[pos_label] to specify a single positive class.
  warnings.warn(

2025-08-08 20:08:25,716:WARNING:/workspaces/TechCatalyst_DE_2025/pycaret_env/lib/python3.11/site-packages/sklearn/metrics/_classification.py:1561: UserWarning: Note that pos_label (set to 'Yes') is ignored when average != 'binary' (got 'weighted'). You may use labels=[pos_label] to specify a single positive class.
  warnings.warn(

2025-08-08 20:08:25,731:INFO:Calculating mean and std
2025-08-08 20:08:25,732:INFO:Creating metrics dataframe
2025-08-08 20:08:25,734:INFO:Uploading results into container
2025-08-08 20:08:25,735:INFO:Uploading model into container now
2025-08-08 20:08:25,735:INFO:_master_model_container: 1
2025-08-08 20:08:25,735:INFO:_display_container: 2
2025-08-08 20:08:25,735:INFO:LogisticRegression(C=1.0, class_weight=None, dual=False, fit_intercept=True,
                   intercept_scaling=1, l1_ratio=None, max_iter=1000,
                   multi_class='auto', n_jobs=None, penalty='l2',
                   random_state=42, solver='lbfgs', tol=0.0001, verbose=0,
                   warm_start=False)
2025-08-08 20:08:25,736:INFO:create_model() successfully completed......................................
2025-08-08 20:08:25,959:INFO:SubProcess create_model() end ==================================
2025-08-08 20:08:25,959:INFO:Creating metrics dataframe
2025-08-08 20:08:25,964:INFO:Initializing K Neighbors Classifier
2025-08-08 20:08:25,964:INFO:Total runtime is 0.07655888795852661 minutes
2025-08-08 20:08:25,967:INFO:SubProcess create_model() called ==================================
2025-08-08 20:08:25,968:INFO:Initializing create_model()
2025-08-08 20:08:25,968:INFO:create_model(self=<pycaret.classification.oop.ClassificationExperiment object at 0x7bdcd0784450>, estimator=knn, fold=StratifiedKFold(n_splits=10, random_state=None, shuffle=False), round=4, cross_validation=True, predict=True, fit_kwargs={}, groups=None, refit=False, probability_threshold=None, experiment_custom_tags=None, verbose=False, system=False, add_to_model_list=True, metrics=None, display=<pycaret.internal.display.display.CommonDisplay object at 0x7bdc9b2a5d10>, model_only=True, return_train_score=False, error_score=0.0, kwargs={})
2025-08-08 20:08:25,968:INFO:Checking exceptions
2025-08-08 20:08:25,968:INFO:Importing libraries
2025-08-08 20:08:25,968:INFO:Copying training dataset
2025-08-08 20:08:25,975:INFO:Defining folds
2025-08-08 20:08:25,975:INFO:Declaring metric variables
2025-08-08 20:08:25,979:INFO:Importing untrained model
2025-08-08 20:08:25,981:INFO:K Neighbors Classifier Imported successfully
2025-08-08 20:08:25,987:INFO:Starting cross validation
2025-08-08 20:08:25,991:INFO:Cross validating with StratifiedKFold(n_splits=10, random_state=None, shuffle=False), n_jobs=-1
2025-08-08 20:08:26,459:WARNING:/workspaces/TechCatalyst_DE_2025/pycaret_env/lib/python3.11/site-packages/sklearn/metrics/_classification.py:1561: UserWarning: Note that pos_label (set to 'Yes') is ignored when average != 'binary' (got 'weighted'). You may use labels=[pos_label] to specify a single positive class.
  warnings.warn(

2025-08-08 20:08:26,465:WARNING:/workspaces/TechCatalyst_DE_2025/pycaret_env/lib/python3.11/site-packages/sklearn/metrics/_classification.py:1561: UserWarning: Note that pos_label (set to 'Yes') is ignored when average != 'binary' (got 'weighted'). You may use labels=[pos_label] to specify a single positive class.
  warnings.warn(

2025-08-08 20:08:26,471:WARNING:/workspaces/TechCatalyst_DE_2025/pycaret_env/lib/python3.11/site-packages/sklearn/metrics/_classification.py:1561: UserWarning: Note that pos_label (set to 'Yes') is ignored when average != 'binary' (got 'weighted'). You may use labels=[pos_label] to specify a single positive class.
  warnings.warn(

2025-08-08 20:08:26,552:WARNING:/workspaces/TechCatalyst_DE_2025/pycaret_env/lib/python3.11/site-packages/sklearn/metrics/_classification.py:1561: UserWarning: Note that pos_label (set to 'Yes') is ignored when average != 'binary' (got 'weighted'). You may use labels=[pos_label] to specify a single positive class.
  warnings.warn(

2025-08-08 20:08:26,558:WARNING:/workspaces/TechCatalyst_DE_2025/pycaret_env/lib/python3.11/site-packages/sklearn/metrics/_classification.py:1561: UserWarning: Note that pos_label (set to 'Yes') is ignored when average != 'binary' (got 'weighted'). You may use labels=[pos_label] to specify a single positive class.
  warnings.warn(

2025-08-08 20:08:26,564:WARNING:/workspaces/TechCatalyst_DE_2025/pycaret_env/lib/python3.11/site-packages/sklearn/metrics/_classification.py:1561: UserWarning: Note that pos_label (set to 'Yes') is ignored when average != 'binary' (got 'weighted'). You may use labels=[pos_label] to specify a single positive class.
  warnings.warn(

2025-08-08 20:08:26,961:WARNING:/workspaces/TechCatalyst_DE_2025/pycaret_env/lib/python3.11/site-packages/sklearn/metrics/_classification.py:1561: UserWarning: Note that pos_label (set to 'Yes') is ignored when average != 'binary' (got 'weighted'). You may use labels=[pos_label] to specify a single positive class.
  warnings.warn(

2025-08-08 20:08:26,967:WARNING:/workspaces/TechCatalyst_DE_2025/pycaret_env/lib/python3.11/site-packages/sklearn/metrics/_classification.py:1561: UserWarning: Note that pos_label (set to 'Yes') is ignored when average != 'binary' (got 'weighted'). You may use labels=[pos_label] to specify a single positive class.
  warnings.warn(

2025-08-08 20:08:26,974:WARNING:/workspaces/TechCatalyst_DE_2025/pycaret_env/lib/python3.11/site-packages/sklearn/metrics/_classification.py:1561: UserWarning: Note that pos_label (set to 'Yes') is ignored when average != 'binary' (got 'weighted'). You may use labels=[pos_label] to specify a single positive class.
  warnings.warn(

2025-08-08 20:08:27,090:WARNING:/workspaces/TechCatalyst_DE_2025/pycaret_env/lib/python3.11/site-packages/sklearn/metrics/_classification.py:1561: UserWarning: Note that pos_label (set to 'Yes') is ignored when average != 'binary' (got 'weighted'). You may use labels=[pos_label] to specify a single positive class.
  warnings.warn(

2025-08-08 20:08:27,107:WARNING:/workspaces/TechCatalyst_DE_2025/pycaret_env/lib/python3.11/site-packages/sklearn/metrics/_classification.py:1561: UserWarning: Note that pos_label (set to 'Yes') is ignored when average != 'binary' (got 'weighted'). You may use labels=[pos_label] to specify a single positive class.
  warnings.warn(

2025-08-08 20:08:27,115:WARNING:/workspaces/TechCatalyst_DE_2025/pycaret_env/lib/python3.11/site-packages/sklearn/metrics/_classification.py:1561: UserWarning: Note that pos_label (set to 'Yes') is ignored when average != 'binary' (got 'weighted'). You may use labels=[pos_label] to specify a single positive class.
  warnings.warn(

2025-08-08 20:08:27,474:WARNING:/workspaces/TechCatalyst_DE_2025/pycaret_env/lib/python3.11/site-packages/sklearn/metrics/_classification.py:1561: UserWarning: Note that pos_label (set to 'Yes') is ignored when average != 'binary' (got 'weighted'). You may use labels=[pos_label] to specify a single positive class.
  warnings.warn(

2025-08-08 20:08:27,480:WARNING:/workspaces/TechCatalyst_DE_2025/pycaret_env/lib/python3.11/site-packages/sklearn/metrics/_classification.py:1561: UserWarning: Note that pos_label (set to 'Yes') is ignored when average != 'binary' (got 'weighted'). You may use labels=[pos_label] to specify a single positive class.
  warnings.warn(

2025-08-08 20:08:27,486:WARNING:/workspaces/TechCatalyst_DE_2025/pycaret_env/lib/python3.11/site-packages/sklearn/metrics/_classification.py:1561: UserWarning: Note that pos_label (set to 'Yes') is ignored when average != 'binary' (got 'weighted'). You may use labels=[pos_label] to specify a single positive class.
  warnings.warn(

2025-08-08 20:08:27,693:WARNING:/workspaces/TechCatalyst_DE_2025/pycaret_env/lib/python3.11/site-packages/sklearn/metrics/_classification.py:1561: UserWarning: Note that pos_label (set to 'Yes') is ignored when average != 'binary' (got 'weighted'). You may use labels=[pos_label] to specify a single positive class.
  warnings.warn(

2025-08-08 20:08:27,699:WARNING:/workspaces/TechCatalyst_DE_2025/pycaret_env/lib/python3.11/site-packages/sklearn/metrics/_classification.py:1561: UserWarning: Note that pos_label (set to 'Yes') is ignored when average != 'binary' (got 'weighted'). You may use labels=[pos_label] to specify a single positive class.
  warnings.warn(

2025-08-08 20:08:27,712:WARNING:/workspaces/TechCatalyst_DE_2025/pycaret_env/lib/python3.11/site-packages/sklearn/metrics/_classification.py:1561: UserWarning: Note that pos_label (set to 'Yes') is ignored when average != 'binary' (got 'weighted'). You may use labels=[pos_label] to specify a single positive class.
  warnings.warn(

2025-08-08 20:08:27,948:WARNING:/workspaces/TechCatalyst_DE_2025/pycaret_env/lib/python3.11/site-packages/sklearn/metrics/_classification.py:1561: UserWarning: Note that pos_label (set to 'Yes') is ignored when average != 'binary' (got 'weighted'). You may use labels=[pos_label] to specify a single positive class.
  warnings.warn(

2025-08-08 20:08:27,956:WARNING:/workspaces/TechCatalyst_DE_2025/pycaret_env/lib/python3.11/site-packages/sklearn/metrics/_classification.py:1561: UserWarning: Note that pos_label (set to 'Yes') is ignored when average != 'binary' (got 'weighted'). You may use labels=[pos_label] to specify a single positive class.
  warnings.warn(

2025-08-08 20:08:27,963:WARNING:/workspaces/TechCatalyst_DE_2025/pycaret_env/lib/python3.11/site-packages/sklearn/metrics/_classification.py:1561: UserWarning: Note that pos_label (set to 'Yes') is ignored when average != 'binary' (got 'weighted'). You may use labels=[pos_label] to specify a single positive class.
  warnings.warn(

2025-08-08 20:08:28,192:WARNING:/workspaces/TechCatalyst_DE_2025/pycaret_env/lib/python3.11/site-packages/sklearn/metrics/_classification.py:1561: UserWarning: Note that pos_label (set to 'Yes') is ignored when average != 'binary' (got 'weighted'). You may use labels=[pos_label] to specify a single positive class.
  warnings.warn(

2025-08-08 20:08:28,198:WARNING:/workspaces/TechCatalyst_DE_2025/pycaret_env/lib/python3.11/site-packages/sklearn/metrics/_classification.py:1561: UserWarning: Note that pos_label (set to 'Yes') is ignored when average != 'binary' (got 'weighted'). You may use labels=[pos_label] to specify a single positive class.
  warnings.warn(

2025-08-08 20:08:28,204:WARNING:/workspaces/TechCatalyst_DE_2025/pycaret_env/lib/python3.11/site-packages/sklearn/metrics/_classification.py:1561: UserWarning: Note that pos_label (set to 'Yes') is ignored when average != 'binary' (got 'weighted'). You may use labels=[pos_label] to specify a single positive class.
  warnings.warn(

2025-08-08 20:08:28,424:WARNING:/workspaces/TechCatalyst_DE_2025/pycaret_env/lib/python3.11/site-packages/sklearn/metrics/_classification.py:1561: UserWarning: Note that pos_label (set to 'Yes') is ignored when average != 'binary' (got 'weighted'). You may use labels=[pos_label] to specify a single positive class.
  warnings.warn(

2025-08-08 20:08:28,431:WARNING:/workspaces/TechCatalyst_DE_2025/pycaret_env/lib/python3.11/site-packages/sklearn/metrics/_classification.py:1561: UserWarning: Note that pos_label (set to 'Yes') is ignored when average != 'binary' (got 'weighted'). You may use labels=[pos_label] to specify a single positive class.
  warnings.warn(

2025-08-08 20:08:28,437:WARNING:/workspaces/TechCatalyst_DE_2025/pycaret_env/lib/python3.11/site-packages/sklearn/metrics/_classification.py:1561: UserWarning: Note that pos_label (set to 'Yes') is ignored when average != 'binary' (got 'weighted'). You may use labels=[pos_label] to specify a single positive class.
  warnings.warn(

2025-08-08 20:08:28,558:WARNING:/workspaces/TechCatalyst_DE_2025/pycaret_env/lib/python3.11/site-packages/sklearn/metrics/_classification.py:1561: UserWarning: Note that pos_label (set to 'Yes') is ignored when average != 'binary' (got 'weighted'). You may use labels=[pos_label] to specify a single positive class.
  warnings.warn(

2025-08-08 20:08:28,561:WARNING:/workspaces/TechCatalyst_DE_2025/pycaret_env/lib/python3.11/site-packages/sklearn/metrics/_classification.py:1561: UserWarning: Note that pos_label (set to 'Yes') is ignored when average != 'binary' (got 'weighted'). You may use labels=[pos_label] to specify a single positive class.
  warnings.warn(

2025-08-08 20:08:28,566:WARNING:/workspaces/TechCatalyst_DE_2025/pycaret_env/lib/python3.11/site-packages/sklearn/metrics/_classification.py:1561: UserWarning: Note that pos_label (set to 'Yes') is ignored when average != 'binary' (got 'weighted'). You may use labels=[pos_label] to specify a single positive class.
  warnings.warn(

2025-08-08 20:08:28,574:INFO:Calculating mean and std
2025-08-08 20:08:28,575:INFO:Creating metrics dataframe
2025-08-08 20:08:28,578:INFO:Uploading results into container
2025-08-08 20:08:28,578:INFO:Uploading model into container now
2025-08-08 20:08:28,580:INFO:_master_model_container: 2
2025-08-08 20:08:28,580:INFO:_display_container: 2
2025-08-08 20:08:28,580:INFO:KNeighborsClassifier(algorithm='auto', leaf_size=30, metric='minkowski',
                     metric_params=None, n_jobs=-1, n_neighbors=5, p=2,
                     weights='uniform')
2025-08-08 20:08:28,580:INFO:create_model() successfully completed......................................
2025-08-08 20:08:28,779:INFO:SubProcess create_model() end ==================================
2025-08-08 20:08:28,779:INFO:Creating metrics dataframe
2025-08-08 20:08:28,786:INFO:Initializing Naive Bayes
2025-08-08 20:08:28,786:INFO:Total runtime is 0.12358838717142741 minutes
2025-08-08 20:08:28,789:INFO:SubProcess create_model() called ==================================
2025-08-08 20:08:28,789:INFO:Initializing create_model()
2025-08-08 20:08:28,789:INFO:create_model(self=<pycaret.classification.oop.ClassificationExperiment object at 0x7bdcd0784450>, estimator=nb, fold=StratifiedKFold(n_splits=10, random_state=None, shuffle=False), round=4, cross_validation=True, predict=True, fit_kwargs={}, groups=None, refit=False, probability_threshold=None, experiment_custom_tags=None, verbose=False, system=False, add_to_model_list=True, metrics=None, display=<pycaret.internal.display.display.CommonDisplay object at 0x7bdc9b2a5d10>, model_only=True, return_train_score=False, error_score=0.0, kwargs={})
2025-08-08 20:08:28,789:INFO:Checking exceptions
2025-08-08 20:08:28,790:INFO:Importing libraries
2025-08-08 20:08:28,790:INFO:Copying training dataset
2025-08-08 20:08:28,796:INFO:Defining folds
2025-08-08 20:08:28,797:INFO:Declaring metric variables
2025-08-08 20:08:28,799:INFO:Importing untrained model
2025-08-08 20:08:28,802:INFO:Naive Bayes Imported successfully
2025-08-08 20:08:28,817:INFO:Starting cross validation
2025-08-08 20:08:28,828:INFO:Cross validating with StratifiedKFold(n_splits=10, random_state=None, shuffle=False), n_jobs=-1
2025-08-08 20:08:29,244:WARNING:/workspaces/TechCatalyst_DE_2025/pycaret_env/lib/python3.11/site-packages/sklearn/metrics/_classification.py:1561: UserWarning: Note that pos_label (set to 'Yes') is ignored when average != 'binary' (got 'weighted'). You may use labels=[pos_label] to specify a single positive class.
  warnings.warn(

2025-08-08 20:08:29,244:WARNING:/workspaces/TechCatalyst_DE_2025/pycaret_env/lib/python3.11/site-packages/sklearn/metrics/_classification.py:1561: UserWarning: Note that pos_label (set to 'Yes') is ignored when average != 'binary' (got 'weighted'). You may use labels=[pos_label] to specify a single positive class.
  warnings.warn(

2025-08-08 20:08:29,250:WARNING:/workspaces/TechCatalyst_DE_2025/pycaret_env/lib/python3.11/site-packages/sklearn/metrics/_classification.py:1561: UserWarning: Note that pos_label (set to 'Yes') is ignored when average != 'binary' (got 'weighted'). You may use labels=[pos_label] to specify a single positive class.
  warnings.warn(

2025-08-08 20:08:29,250:WARNING:/workspaces/TechCatalyst_DE_2025/pycaret_env/lib/python3.11/site-packages/sklearn/metrics/_classification.py:1561: UserWarning: Note that pos_label (set to 'Yes') is ignored when average != 'binary' (got 'weighted'). You may use labels=[pos_label] to specify a single positive class.
  warnings.warn(

2025-08-08 20:08:29,253:WARNING:/workspaces/TechCatalyst_DE_2025/pycaret_env/lib/python3.11/site-packages/sklearn/metrics/_classification.py:1509: UndefinedMetricWarning: Precision is ill-defined and being set to 0.0 in labels with no predicted samples. Use `zero_division` parameter to control this behavior.
  _warn_prf(average, modifier, f"{metric.capitalize()} is", len(result))

2025-08-08 20:08:29,253:WARNING:/workspaces/TechCatalyst_DE_2025/pycaret_env/lib/python3.11/site-packages/sklearn/metrics/_classification.py:1509: UndefinedMetricWarning: Precision is ill-defined and being set to 0.0 in labels with no predicted samples. Use `zero_division` parameter to control this behavior.
  _warn_prf(average, modifier, f"{metric.capitalize()} is", len(result))

2025-08-08 20:08:29,256:WARNING:/workspaces/TechCatalyst_DE_2025/pycaret_env/lib/python3.11/site-packages/sklearn/metrics/_classification.py:1561: UserWarning: Note that pos_label (set to 'Yes') is ignored when average != 'binary' (got 'weighted'). You may use labels=[pos_label] to specify a single positive class.
  warnings.warn(

2025-08-08 20:08:29,256:WARNING:/workspaces/TechCatalyst_DE_2025/pycaret_env/lib/python3.11/site-packages/sklearn/metrics/_classification.py:1561: UserWarning: Note that pos_label (set to 'Yes') is ignored when average != 'binary' (got 'weighted'). You may use labels=[pos_label] to specify a single positive class.
  warnings.warn(

2025-08-08 20:08:29,628:WARNING:/workspaces/TechCatalyst_DE_2025/pycaret_env/lib/python3.11/site-packages/sklearn/metrics/_classification.py:1561: UserWarning: Note that pos_label (set to 'Yes') is ignored when average != 'binary' (got 'weighted'). You may use labels=[pos_label] to specify a single positive class.
  warnings.warn(

2025-08-08 20:08:29,631:WARNING:/workspaces/TechCatalyst_DE_2025/pycaret_env/lib/python3.11/site-packages/sklearn/metrics/_classification.py:1561: UserWarning: Note that pos_label (set to 'Yes') is ignored when average != 'binary' (got 'weighted'). You may use labels=[pos_label] to specify a single positive class.
  warnings.warn(

2025-08-08 20:08:29,633:WARNING:/workspaces/TechCatalyst_DE_2025/pycaret_env/lib/python3.11/site-packages/sklearn/metrics/_classification.py:1561: UserWarning: Note that pos_label (set to 'Yes') is ignored when average != 'binary' (got 'weighted'). You may use labels=[pos_label] to specify a single positive class.
  warnings.warn(

2025-08-08 20:08:29,636:WARNING:/workspaces/TechCatalyst_DE_2025/pycaret_env/lib/python3.11/site-packages/sklearn/metrics/_classification.py:1561: UserWarning: Note that pos_label (set to 'Yes') is ignored when average != 'binary' (got 'weighted'). You may use labels=[pos_label] to specify a single positive class.
  warnings.warn(

2025-08-08 20:08:29,637:WARNING:/workspaces/TechCatalyst_DE_2025/pycaret_env/lib/python3.11/site-packages/sklearn/metrics/_classification.py:1509: UndefinedMetricWarning: Precision is ill-defined and being set to 0.0 in labels with no predicted samples. Use `zero_division` parameter to control this behavior.
  _warn_prf(average, modifier, f"{metric.capitalize()} is", len(result))

2025-08-08 20:08:29,639:WARNING:/workspaces/TechCatalyst_DE_2025/pycaret_env/lib/python3.11/site-packages/sklearn/metrics/_classification.py:1561: UserWarning: Note that pos_label (set to 'Yes') is ignored when average != 'binary' (got 'weighted'). You may use labels=[pos_label] to specify a single positive class.
  warnings.warn(

2025-08-08 20:08:29,640:WARNING:/workspaces/TechCatalyst_DE_2025/pycaret_env/lib/python3.11/site-packages/sklearn/metrics/_classification.py:1509: UndefinedMetricWarning: Precision is ill-defined and being set to 0.0 in labels with no predicted samples. Use `zero_division` parameter to control this behavior.
  _warn_prf(average, modifier, f"{metric.capitalize()} is", len(result))

2025-08-08 20:08:29,643:WARNING:/workspaces/TechCatalyst_DE_2025/pycaret_env/lib/python3.11/site-packages/sklearn/metrics/_classification.py:1561: UserWarning: Note that pos_label (set to 'Yes') is ignored when average != 'binary' (got 'weighted'). You may use labels=[pos_label] to specify a single positive class.
  warnings.warn(

2025-08-08 20:08:30,052:WARNING:/workspaces/TechCatalyst_DE_2025/pycaret_env/lib/python3.11/site-packages/sklearn/metrics/_classification.py:1561: UserWarning: Note that pos_label (set to 'Yes') is ignored when average != 'binary' (got 'weighted'). You may use labels=[pos_label] to specify a single positive class.
  warnings.warn(

2025-08-08 20:08:30,059:WARNING:/workspaces/TechCatalyst_DE_2025/pycaret_env/lib/python3.11/site-packages/sklearn/metrics/_classification.py:1561: UserWarning: Note that pos_label (set to 'Yes') is ignored when average != 'binary' (got 'weighted'). You may use labels=[pos_label] to specify a single positive class.
  warnings.warn(

2025-08-08 20:08:30,062:WARNING:/workspaces/TechCatalyst_DE_2025/pycaret_env/lib/python3.11/site-packages/sklearn/metrics/_classification.py:1509: UndefinedMetricWarning: Precision is ill-defined and being set to 0.0 in labels with no predicted samples. Use `zero_division` parameter to control this behavior.
  _warn_prf(average, modifier, f"{metric.capitalize()} is", len(result))

2025-08-08 20:08:30,065:WARNING:/workspaces/TechCatalyst_DE_2025/pycaret_env/lib/python3.11/site-packages/sklearn/metrics/_classification.py:1561: UserWarning: Note that pos_label (set to 'Yes') is ignored when average != 'binary' (got 'weighted'). You may use labels=[pos_label] to specify a single positive class.
  warnings.warn(

2025-08-08 20:08:30,071:WARNING:/workspaces/TechCatalyst_DE_2025/pycaret_env/lib/python3.11/site-packages/sklearn/metrics/_classification.py:1561: UserWarning: Note that pos_label (set to 'Yes') is ignored when average != 'binary' (got 'weighted'). You may use labels=[pos_label] to specify a single positive class.
  warnings.warn(

2025-08-08 20:08:30,094:WARNING:/workspaces/TechCatalyst_DE_2025/pycaret_env/lib/python3.11/site-packages/sklearn/metrics/_classification.py:1561: UserWarning: Note that pos_label (set to 'Yes') is ignored when average != 'binary' (got 'weighted'). You may use labels=[pos_label] to specify a single positive class.
  warnings.warn(

2025-08-08 20:08:30,103:WARNING:/workspaces/TechCatalyst_DE_2025/pycaret_env/lib/python3.11/site-packages/sklearn/metrics/_classification.py:1509: UndefinedMetricWarning: Precision is ill-defined and being set to 0.0 in labels with no predicted samples. Use `zero_division` parameter to control this behavior.
  _warn_prf(average, modifier, f"{metric.capitalize()} is", len(result))

2025-08-08 20:08:30,106:WARNING:/workspaces/TechCatalyst_DE_2025/pycaret_env/lib/python3.11/site-packages/sklearn/metrics/_classification.py:1561: UserWarning: Note that pos_label (set to 'Yes') is ignored when average != 'binary' (got 'weighted'). You may use labels=[pos_label] to specify a single positive class.
  warnings.warn(

2025-08-08 20:08:30,438:WARNING:/workspaces/TechCatalyst_DE_2025/pycaret_env/lib/python3.11/site-packages/sklearn/metrics/_classification.py:1561: UserWarning: Note that pos_label (set to 'Yes') is ignored when average != 'binary' (got 'weighted'). You may use labels=[pos_label] to specify a single positive class.
  warnings.warn(

2025-08-08 20:08:30,449:WARNING:/workspaces/TechCatalyst_DE_2025/pycaret_env/lib/python3.11/site-packages/sklearn/metrics/_classification.py:1561: UserWarning: Note that pos_label (set to 'Yes') is ignored when average != 'binary' (got 'weighted'). You may use labels=[pos_label] to specify a single positive class.
  warnings.warn(

2025-08-08 20:08:30,453:WARNING:/workspaces/TechCatalyst_DE_2025/pycaret_env/lib/python3.11/site-packages/sklearn/metrics/_classification.py:1509: UndefinedMetricWarning: Precision is ill-defined and being set to 0.0 in labels with no predicted samples. Use `zero_division` parameter to control this behavior.
  _warn_prf(average, modifier, f"{metric.capitalize()} is", len(result))

2025-08-08 20:08:30,456:WARNING:/workspaces/TechCatalyst_DE_2025/pycaret_env/lib/python3.11/site-packages/sklearn/metrics/_classification.py:1561: UserWarning: Note that pos_label (set to 'Yes') is ignored when average != 'binary' (got 'weighted'). You may use labels=[pos_label] to specify a single positive class.
  warnings.warn(

2025-08-08 20:08:30,507:WARNING:/workspaces/TechCatalyst_DE_2025/pycaret_env/lib/python3.11/site-packages/sklearn/metrics/_classification.py:1561: UserWarning: Note that pos_label (set to 'Yes') is ignored when average != 'binary' (got 'weighted'). You may use labels=[pos_label] to specify a single positive class.
  warnings.warn(

2025-08-08 20:08:30,515:WARNING:/workspaces/TechCatalyst_DE_2025/pycaret_env/lib/python3.11/site-packages/sklearn/metrics/_classification.py:1561: UserWarning: Note that pos_label (set to 'Yes') is ignored when average != 'binary' (got 'weighted'). You may use labels=[pos_label] to specify a single positive class.
  warnings.warn(

2025-08-08 20:08:30,518:WARNING:/workspaces/TechCatalyst_DE_2025/pycaret_env/lib/python3.11/site-packages/sklearn/metrics/_classification.py:1509: UndefinedMetricWarning: Precision is ill-defined and being set to 0.0 in labels with no predicted samples. Use `zero_division` parameter to control this behavior.
  _warn_prf(average, modifier, f"{metric.capitalize()} is", len(result))

2025-08-08 20:08:30,521:WARNING:/workspaces/TechCatalyst_DE_2025/pycaret_env/lib/python3.11/site-packages/sklearn/metrics/_classification.py:1561: UserWarning: Note that pos_label (set to 'Yes') is ignored when average != 'binary' (got 'weighted'). You may use labels=[pos_label] to specify a single positive class.
  warnings.warn(

2025-08-08 20:08:30,865:WARNING:/workspaces/TechCatalyst_DE_2025/pycaret_env/lib/python3.11/site-packages/sklearn/metrics/_classification.py:1561: UserWarning: Note that pos_label (set to 'Yes') is ignored when average != 'binary' (got 'weighted'). You may use labels=[pos_label] to specify a single positive class.
  warnings.warn(

2025-08-08 20:08:30,871:WARNING:/workspaces/TechCatalyst_DE_2025/pycaret_env/lib/python3.11/site-packages/sklearn/metrics/_classification.py:1561: UserWarning: Note that pos_label (set to 'Yes') is ignored when average != 'binary' (got 'weighted'). You may use labels=[pos_label] to specify a single positive class.
  warnings.warn(

2025-08-08 20:08:30,875:WARNING:/workspaces/TechCatalyst_DE_2025/pycaret_env/lib/python3.11/site-packages/sklearn/metrics/_classification.py:1509: UndefinedMetricWarning: Precision is ill-defined and being set to 0.0 in labels with no predicted samples. Use `zero_division` parameter to control this behavior.
  _warn_prf(average, modifier, f"{metric.capitalize()} is", len(result))

2025-08-08 20:08:30,878:WARNING:/workspaces/TechCatalyst_DE_2025/pycaret_env/lib/python3.11/site-packages/sklearn/metrics/_classification.py:1561: UserWarning: Note that pos_label (set to 'Yes') is ignored when average != 'binary' (got 'weighted'). You may use labels=[pos_label] to specify a single positive class.
  warnings.warn(

2025-08-08 20:08:30,886:WARNING:/workspaces/TechCatalyst_DE_2025/pycaret_env/lib/python3.11/site-packages/sklearn/metrics/_classification.py:1561: UserWarning: Note that pos_label (set to 'Yes') is ignored when average != 'binary' (got 'weighted'). You may use labels=[pos_label] to specify a single positive class.
  warnings.warn(

2025-08-08 20:08:30,893:WARNING:/workspaces/TechCatalyst_DE_2025/pycaret_env/lib/python3.11/site-packages/sklearn/metrics/_classification.py:1561: UserWarning: Note that pos_label (set to 'Yes') is ignored when average != 'binary' (got 'weighted'). You may use labels=[pos_label] to specify a single positive class.
  warnings.warn(

2025-08-08 20:08:30,896:WARNING:/workspaces/TechCatalyst_DE_2025/pycaret_env/lib/python3.11/site-packages/sklearn/metrics/_classification.py:1509: UndefinedMetricWarning: Precision is ill-defined and being set to 0.0 in labels with no predicted samples. Use `zero_division` parameter to control this behavior.
  _warn_prf(average, modifier, f"{metric.capitalize()} is", len(result))

2025-08-08 20:08:30,899:WARNING:/workspaces/TechCatalyst_DE_2025/pycaret_env/lib/python3.11/site-packages/sklearn/metrics/_classification.py:1561: UserWarning: Note that pos_label (set to 'Yes') is ignored when average != 'binary' (got 'weighted'). You may use labels=[pos_label] to specify a single positive class.
  warnings.warn(

2025-08-08 20:08:30,914:INFO:Calculating mean and std
2025-08-08 20:08:30,916:INFO:Creating metrics dataframe
2025-08-08 20:08:30,919:INFO:Uploading results into container
2025-08-08 20:08:30,922:INFO:Uploading model into container now
2025-08-08 20:08:30,922:INFO:_master_model_container: 3
2025-08-08 20:08:30,922:INFO:_display_container: 2
2025-08-08 20:08:30,922:INFO:GaussianNB(priors=None, var_smoothing=1e-09)
2025-08-08 20:08:30,923:INFO:create_model() successfully completed......................................
2025-08-08 20:08:31,125:INFO:SubProcess create_model() end ==================================
2025-08-08 20:08:31,126:INFO:Creating metrics dataframe
2025-08-08 20:08:31,134:INFO:Initializing Decision Tree Classifier
2025-08-08 20:08:31,135:INFO:Total runtime is 0.16274184783299764 minutes
2025-08-08 20:08:31,141:INFO:SubProcess create_model() called ==================================
2025-08-08 20:08:31,142:INFO:Initializing create_model()
2025-08-08 20:08:31,142:INFO:create_model(self=<pycaret.classification.oop.ClassificationExperiment object at 0x7bdcd0784450>, estimator=dt, fold=StratifiedKFold(n_splits=10, random_state=None, shuffle=False), round=4, cross_validation=True, predict=True, fit_kwargs={}, groups=None, refit=False, probability_threshold=None, experiment_custom_tags=None, verbose=False, system=False, add_to_model_list=True, metrics=None, display=<pycaret.internal.display.display.CommonDisplay object at 0x7bdc9b2a5d10>, model_only=True, return_train_score=False, error_score=0.0, kwargs={})
2025-08-08 20:08:31,142:INFO:Checking exceptions
2025-08-08 20:08:31,142:INFO:Importing libraries
2025-08-08 20:08:31,142:INFO:Copying training dataset
2025-08-08 20:08:31,153:INFO:Defining folds
2025-08-08 20:08:31,154:INFO:Declaring metric variables
2025-08-08 20:08:31,159:INFO:Importing untrained model
2025-08-08 20:08:31,166:INFO:Decision Tree Classifier Imported successfully
2025-08-08 20:08:31,177:INFO:Starting cross validation
2025-08-08 20:08:31,182:INFO:Cross validating with StratifiedKFold(n_splits=10, random_state=None, shuffle=False), n_jobs=-1
2025-08-08 20:08:31,686:WARNING:/workspaces/TechCatalyst_DE_2025/pycaret_env/lib/python3.11/site-packages/sklearn/metrics/_classification.py:1561: UserWarning: Note that pos_label (set to 'Yes') is ignored when average != 'binary' (got 'weighted'). You may use labels=[pos_label] to specify a single positive class.
  warnings.warn(

2025-08-08 20:08:31,692:WARNING:/workspaces/TechCatalyst_DE_2025/pycaret_env/lib/python3.11/site-packages/sklearn/metrics/_classification.py:1561: UserWarning: Note that pos_label (set to 'Yes') is ignored when average != 'binary' (got 'weighted'). You may use labels=[pos_label] to specify a single positive class.
  warnings.warn(

2025-08-08 20:08:31,695:WARNING:/workspaces/TechCatalyst_DE_2025/pycaret_env/lib/python3.11/site-packages/sklearn/metrics/_classification.py:1509: UndefinedMetricWarning: Precision is ill-defined and being set to 0.0 in labels with no predicted samples. Use `zero_division` parameter to control this behavior.
  _warn_prf(average, modifier, f"{metric.capitalize()} is", len(result))

2025-08-08 20:08:31,698:WARNING:/workspaces/TechCatalyst_DE_2025/pycaret_env/lib/python3.11/site-packages/sklearn/metrics/_classification.py:1561: UserWarning: Note that pos_label (set to 'Yes') is ignored when average != 'binary' (got 'weighted'). You may use labels=[pos_label] to specify a single positive class.
  warnings.warn(

2025-08-08 20:08:31,786:WARNING:/workspaces/TechCatalyst_DE_2025/pycaret_env/lib/python3.11/site-packages/sklearn/metrics/_classification.py:1561: UserWarning: Note that pos_label (set to 'Yes') is ignored when average != 'binary' (got 'weighted'). You may use labels=[pos_label] to specify a single positive class.
  warnings.warn(

2025-08-08 20:08:31,792:WARNING:/workspaces/TechCatalyst_DE_2025/pycaret_env/lib/python3.11/site-packages/sklearn/metrics/_classification.py:1561: UserWarning: Note that pos_label (set to 'Yes') is ignored when average != 'binary' (got 'weighted'). You may use labels=[pos_label] to specify a single positive class.
  warnings.warn(

2025-08-08 20:08:31,795:WARNING:/workspaces/TechCatalyst_DE_2025/pycaret_env/lib/python3.11/site-packages/sklearn/metrics/_classification.py:1509: UndefinedMetricWarning: Precision is ill-defined and being set to 0.0 in labels with no predicted samples. Use `zero_division` parameter to control this behavior.
  _warn_prf(average, modifier, f"{metric.capitalize()} is", len(result))

2025-08-08 20:08:31,798:WARNING:/workspaces/TechCatalyst_DE_2025/pycaret_env/lib/python3.11/site-packages/sklearn/metrics/_classification.py:1561: UserWarning: Note that pos_label (set to 'Yes') is ignored when average != 'binary' (got 'weighted'). You may use labels=[pos_label] to specify a single positive class.
  warnings.warn(

2025-08-08 20:08:32,055:WARNING:/workspaces/TechCatalyst_DE_2025/pycaret_env/lib/python3.11/site-packages/sklearn/metrics/_classification.py:1561: UserWarning: Note that pos_label (set to 'Yes') is ignored when average != 'binary' (got 'weighted'). You may use labels=[pos_label] to specify a single positive class.
  warnings.warn(

2025-08-08 20:08:32,061:WARNING:/workspaces/TechCatalyst_DE_2025/pycaret_env/lib/python3.11/site-packages/sklearn/metrics/_classification.py:1561: UserWarning: Note that pos_label (set to 'Yes') is ignored when average != 'binary' (got 'weighted'). You may use labels=[pos_label] to specify a single positive class.
  warnings.warn(

2025-08-08 20:08:32,064:WARNING:/workspaces/TechCatalyst_DE_2025/pycaret_env/lib/python3.11/site-packages/sklearn/metrics/_classification.py:1509: UndefinedMetricWarning: Precision is ill-defined and being set to 0.0 in labels with no predicted samples. Use `zero_division` parameter to control this behavior.
  _warn_prf(average, modifier, f"{metric.capitalize()} is", len(result))

2025-08-08 20:08:32,067:WARNING:/workspaces/TechCatalyst_DE_2025/pycaret_env/lib/python3.11/site-packages/sklearn/metrics/_classification.py:1561: UserWarning: Note that pos_label (set to 'Yes') is ignored when average != 'binary' (got 'weighted'). You may use labels=[pos_label] to specify a single positive class.
  warnings.warn(

2025-08-08 20:08:32,180:WARNING:/workspaces/TechCatalyst_DE_2025/pycaret_env/lib/python3.11/site-packages/sklearn/metrics/_classification.py:1561: UserWarning: Note that pos_label (set to 'Yes') is ignored when average != 'binary' (got 'weighted'). You may use labels=[pos_label] to specify a single positive class.
  warnings.warn(

2025-08-08 20:08:32,187:WARNING:/workspaces/TechCatalyst_DE_2025/pycaret_env/lib/python3.11/site-packages/sklearn/metrics/_classification.py:1561: UserWarning: Note that pos_label (set to 'Yes') is ignored when average != 'binary' (got 'weighted'). You may use labels=[pos_label] to specify a single positive class.
  warnings.warn(

2025-08-08 20:08:32,190:WARNING:/workspaces/TechCatalyst_DE_2025/pycaret_env/lib/python3.11/site-packages/sklearn/metrics/_classification.py:1509: UndefinedMetricWarning: Precision is ill-defined and being set to 0.0 in labels with no predicted samples. Use `zero_division` parameter to control this behavior.
  _warn_prf(average, modifier, f"{metric.capitalize()} is", len(result))

2025-08-08 20:08:32,195:WARNING:/workspaces/TechCatalyst_DE_2025/pycaret_env/lib/python3.11/site-packages/sklearn/metrics/_classification.py:1561: UserWarning: Note that pos_label (set to 'Yes') is ignored when average != 'binary' (got 'weighted'). You may use labels=[pos_label] to specify a single positive class.
  warnings.warn(

2025-08-08 20:08:32,438:WARNING:/workspaces/TechCatalyst_DE_2025/pycaret_env/lib/python3.11/site-packages/sklearn/metrics/_classification.py:1561: UserWarning: Note that pos_label (set to 'Yes') is ignored when average != 'binary' (got 'weighted'). You may use labels=[pos_label] to specify a single positive class.
  warnings.warn(

2025-08-08 20:08:32,444:WARNING:/workspaces/TechCatalyst_DE_2025/pycaret_env/lib/python3.11/site-packages/sklearn/metrics/_classification.py:1561: UserWarning: Note that pos_label (set to 'Yes') is ignored when average != 'binary' (got 'weighted'). You may use labels=[pos_label] to specify a single positive class.
  warnings.warn(

2025-08-08 20:08:32,448:WARNING:/workspaces/TechCatalyst_DE_2025/pycaret_env/lib/python3.11/site-packages/sklearn/metrics/_classification.py:1509: UndefinedMetricWarning: Precision is ill-defined and being set to 0.0 in labels with no predicted samples. Use `zero_division` parameter to control this behavior.
  _warn_prf(average, modifier, f"{metric.capitalize()} is", len(result))

2025-08-08 20:08:32,451:WARNING:/workspaces/TechCatalyst_DE_2025/pycaret_env/lib/python3.11/site-packages/sklearn/metrics/_classification.py:1561: UserWarning: Note that pos_label (set to 'Yes') is ignored when average != 'binary' (got 'weighted'). You may use labels=[pos_label] to specify a single positive class.
  warnings.warn(

2025-08-08 20:08:32,575:WARNING:/workspaces/TechCatalyst_DE_2025/pycaret_env/lib/python3.11/site-packages/sklearn/metrics/_classification.py:1561: UserWarning: Note that pos_label (set to 'Yes') is ignored when average != 'binary' (got 'weighted'). You may use labels=[pos_label] to specify a single positive class.
  warnings.warn(

2025-08-08 20:08:32,582:WARNING:/workspaces/TechCatalyst_DE_2025/pycaret_env/lib/python3.11/site-packages/sklearn/metrics/_classification.py:1561: UserWarning: Note that pos_label (set to 'Yes') is ignored when average != 'binary' (got 'weighted'). You may use labels=[pos_label] to specify a single positive class.
  warnings.warn(

2025-08-08 20:08:32,585:WARNING:/workspaces/TechCatalyst_DE_2025/pycaret_env/lib/python3.11/site-packages/sklearn/metrics/_classification.py:1509: UndefinedMetricWarning: Precision is ill-defined and being set to 0.0 in labels with no predicted samples. Use `zero_division` parameter to control this behavior.
  _warn_prf(average, modifier, f"{metric.capitalize()} is", len(result))

2025-08-08 20:08:32,589:WARNING:/workspaces/TechCatalyst_DE_2025/pycaret_env/lib/python3.11/site-packages/sklearn/metrics/_classification.py:1561: UserWarning: Note that pos_label (set to 'Yes') is ignored when average != 'binary' (got 'weighted'). You may use labels=[pos_label] to specify a single positive class.
  warnings.warn(

2025-08-08 20:08:32,904:WARNING:/workspaces/TechCatalyst_DE_2025/pycaret_env/lib/python3.11/site-packages/sklearn/metrics/_classification.py:1561: UserWarning: Note that pos_label (set to 'Yes') is ignored when average != 'binary' (got 'weighted'). You may use labels=[pos_label] to specify a single positive class.
  warnings.warn(

2025-08-08 20:08:32,910:WARNING:/workspaces/TechCatalyst_DE_2025/pycaret_env/lib/python3.11/site-packages/sklearn/metrics/_classification.py:1561: UserWarning: Note that pos_label (set to 'Yes') is ignored when average != 'binary' (got 'weighted'). You may use labels=[pos_label] to specify a single positive class.
  warnings.warn(

2025-08-08 20:08:32,913:WARNING:/workspaces/TechCatalyst_DE_2025/pycaret_env/lib/python3.11/site-packages/sklearn/metrics/_classification.py:1509: UndefinedMetricWarning: Precision is ill-defined and being set to 0.0 in labels with no predicted samples. Use `zero_division` parameter to control this behavior.
  _warn_prf(average, modifier, f"{metric.capitalize()} is", len(result))

2025-08-08 20:08:32,916:WARNING:/workspaces/TechCatalyst_DE_2025/pycaret_env/lib/python3.11/site-packages/sklearn/metrics/_classification.py:1561: UserWarning: Note that pos_label (set to 'Yes') is ignored when average != 'binary' (got 'weighted'). You may use labels=[pos_label] to specify a single positive class.
  warnings.warn(

2025-08-08 20:08:33,077:WARNING:/workspaces/TechCatalyst_DE_2025/pycaret_env/lib/python3.11/site-packages/sklearn/metrics/_classification.py:1561: UserWarning: Note that pos_label (set to 'Yes') is ignored when average != 'binary' (got 'weighted'). You may use labels=[pos_label] to specify a single positive class.
  warnings.warn(

2025-08-08 20:08:33,087:WARNING:/workspaces/TechCatalyst_DE_2025/pycaret_env/lib/python3.11/site-packages/sklearn/metrics/_classification.py:1561: UserWarning: Note that pos_label (set to 'Yes') is ignored when average != 'binary' (got 'weighted'). You may use labels=[pos_label] to specify a single positive class.
  warnings.warn(

2025-08-08 20:08:33,099:WARNING:/workspaces/TechCatalyst_DE_2025/pycaret_env/lib/python3.11/site-packages/sklearn/metrics/_classification.py:1509: UndefinedMetricWarning: Precision is ill-defined and being set to 0.0 in labels with no predicted samples. Use `zero_division` parameter to control this behavior.
  _warn_prf(average, modifier, f"{metric.capitalize()} is", len(result))

2025-08-08 20:08:33,104:WARNING:/workspaces/TechCatalyst_DE_2025/pycaret_env/lib/python3.11/site-packages/sklearn/metrics/_classification.py:1561: UserWarning: Note that pos_label (set to 'Yes') is ignored when average != 'binary' (got 'weighted'). You may use labels=[pos_label] to specify a single positive class.
  warnings.warn(

2025-08-08 20:08:33,433:WARNING:/workspaces/TechCatalyst_DE_2025/pycaret_env/lib/python3.11/site-packages/sklearn/metrics/_classification.py:1561: UserWarning: Note that pos_label (set to 'Yes') is ignored when average != 'binary' (got 'weighted'). You may use labels=[pos_label] to specify a single positive class.
  warnings.warn(

2025-08-08 20:08:33,440:WARNING:/workspaces/TechCatalyst_DE_2025/pycaret_env/lib/python3.11/site-packages/sklearn/metrics/_classification.py:1561: UserWarning: Note that pos_label (set to 'Yes') is ignored when average != 'binary' (got 'weighted'). You may use labels=[pos_label] to specify a single positive class.
  warnings.warn(

2025-08-08 20:08:33,443:WARNING:/workspaces/TechCatalyst_DE_2025/pycaret_env/lib/python3.11/site-packages/sklearn/metrics/_classification.py:1509: UndefinedMetricWarning: Precision is ill-defined and being set to 0.0 in labels with no predicted samples. Use `zero_division` parameter to control this behavior.
  _warn_prf(average, modifier, f"{metric.capitalize()} is", len(result))

2025-08-08 20:08:33,446:WARNING:/workspaces/TechCatalyst_DE_2025/pycaret_env/lib/python3.11/site-packages/sklearn/metrics/_classification.py:1561: UserWarning: Note that pos_label (set to 'Yes') is ignored when average != 'binary' (got 'weighted'). You may use labels=[pos_label] to specify a single positive class.
  warnings.warn(

2025-08-08 20:08:33,497:WARNING:/workspaces/TechCatalyst_DE_2025/pycaret_env/lib/python3.11/site-packages/sklearn/metrics/_classification.py:1561: UserWarning: Note that pos_label (set to 'Yes') is ignored when average != 'binary' (got 'weighted'). You may use labels=[pos_label] to specify a single positive class.
  warnings.warn(

2025-08-08 20:08:33,501:WARNING:/workspaces/TechCatalyst_DE_2025/pycaret_env/lib/python3.11/site-packages/sklearn/metrics/_classification.py:1561: UserWarning: Note that pos_label (set to 'Yes') is ignored when average != 'binary' (got 'weighted'). You may use labels=[pos_label] to specify a single positive class.
  warnings.warn(

2025-08-08 20:08:33,503:WARNING:/workspaces/TechCatalyst_DE_2025/pycaret_env/lib/python3.11/site-packages/sklearn/metrics/_classification.py:1509: UndefinedMetricWarning: Precision is ill-defined and being set to 0.0 in labels with no predicted samples. Use `zero_division` parameter to control this behavior.
  _warn_prf(average, modifier, f"{metric.capitalize()} is", len(result))

2025-08-08 20:08:33,505:WARNING:/workspaces/TechCatalyst_DE_2025/pycaret_env/lib/python3.11/site-packages/sklearn/metrics/_classification.py:1561: UserWarning: Note that pos_label (set to 'Yes') is ignored when average != 'binary' (got 'weighted'). You may use labels=[pos_label] to specify a single positive class.
  warnings.warn(

2025-08-08 20:08:33,518:INFO:Calculating mean and std
2025-08-08 20:08:33,519:INFO:Creating metrics dataframe
2025-08-08 20:08:33,521:INFO:Uploading results into container
2025-08-08 20:08:33,522:INFO:Uploading model into container now
2025-08-08 20:08:33,522:INFO:_master_model_container: 4
2025-08-08 20:08:33,522:INFO:_display_container: 2
2025-08-08 20:08:33,522:INFO:DecisionTreeClassifier(ccp_alpha=0.0, class_weight=None, criterion='gini',
                       max_depth=None, max_features=None, max_leaf_nodes=None,
                       min_impurity_decrease=0.0, min_samples_leaf=1,
                       min_samples_split=2, min_weight_fraction_leaf=0.0,
                       monotonic_cst=None, random_state=42, splitter='best')
2025-08-08 20:08:33,522:INFO:create_model() successfully completed......................................
2025-08-08 20:08:33,713:INFO:SubProcess create_model() end ==================================
2025-08-08 20:08:33,713:INFO:Creating metrics dataframe
2025-08-08 20:08:33,721:INFO:Initializing SVM - Linear Kernel
2025-08-08 20:08:33,721:INFO:Total runtime is 0.20584753354390461 minutes
2025-08-08 20:08:33,725:INFO:SubProcess create_model() called ==================================
2025-08-08 20:08:33,725:INFO:Initializing create_model()
2025-08-08 20:08:33,725:INFO:create_model(self=<pycaret.classification.oop.ClassificationExperiment object at 0x7bdcd0784450>, estimator=svm, fold=StratifiedKFold(n_splits=10, random_state=None, shuffle=False), round=4, cross_validation=True, predict=True, fit_kwargs={}, groups=None, refit=False, probability_threshold=None, experiment_custom_tags=None, verbose=False, system=False, add_to_model_list=True, metrics=None, display=<pycaret.internal.display.display.CommonDisplay object at 0x7bdc9b2a5d10>, model_only=True, return_train_score=False, error_score=0.0, kwargs={})
2025-08-08 20:08:33,725:INFO:Checking exceptions
2025-08-08 20:08:33,725:INFO:Importing libraries
2025-08-08 20:08:33,725:INFO:Copying training dataset
2025-08-08 20:08:33,732:INFO:Defining folds
2025-08-08 20:08:33,732:INFO:Declaring metric variables
2025-08-08 20:08:33,735:INFO:Importing untrained model
2025-08-08 20:08:33,739:INFO:SVM - Linear Kernel Imported successfully
2025-08-08 20:08:33,746:INFO:Starting cross validation
2025-08-08 20:08:33,750:INFO:Cross validating with StratifiedKFold(n_splits=10, random_state=None, shuffle=False), n_jobs=-1
2025-08-08 20:08:34,238:WARNING:/workspaces/TechCatalyst_DE_2025/pycaret_env/lib/python3.11/site-packages/sklearn/metrics/_classification.py:1561: UserWarning: Note that pos_label (set to 'Yes') is ignored when average != 'binary' (got 'weighted'). You may use labels=[pos_label] to specify a single positive class.
  warnings.warn(

2025-08-08 20:08:34,245:WARNING:/workspaces/TechCatalyst_DE_2025/pycaret_env/lib/python3.11/site-packages/sklearn/metrics/_classification.py:1561: UserWarning: Note that pos_label (set to 'Yes') is ignored when average != 'binary' (got 'weighted'). You may use labels=[pos_label] to specify a single positive class.
  warnings.warn(

2025-08-08 20:08:34,251:WARNING:/workspaces/TechCatalyst_DE_2025/pycaret_env/lib/python3.11/site-packages/sklearn/metrics/_classification.py:1561: UserWarning: Note that pos_label (set to 'Yes') is ignored when average != 'binary' (got 'weighted'). You may use labels=[pos_label] to specify a single positive class.
  warnings.warn(

2025-08-08 20:08:34,255:WARNING:/workspaces/TechCatalyst_DE_2025/pycaret_env/lib/python3.11/site-packages/sklearn/metrics/_classification.py:1561: UserWarning: Note that pos_label (set to 'Yes') is ignored when average != 'binary' (got 'weighted'). You may use labels=[pos_label] to specify a single positive class.
  warnings.warn(

2025-08-08 20:08:34,261:WARNING:/workspaces/TechCatalyst_DE_2025/pycaret_env/lib/python3.11/site-packages/sklearn/metrics/_classification.py:1561: UserWarning: Note that pos_label (set to 'Yes') is ignored when average != 'binary' (got 'weighted'). You may use labels=[pos_label] to specify a single positive class.
  warnings.warn(

2025-08-08 20:08:34,268:WARNING:/workspaces/TechCatalyst_DE_2025/pycaret_env/lib/python3.11/site-packages/sklearn/metrics/_classification.py:1561: UserWarning: Note that pos_label (set to 'Yes') is ignored when average != 'binary' (got 'weighted'). You may use labels=[pos_label] to specify a single positive class.
  warnings.warn(

2025-08-08 20:08:34,673:WARNING:/workspaces/TechCatalyst_DE_2025/pycaret_env/lib/python3.11/site-packages/sklearn/metrics/_classification.py:1561: UserWarning: Note that pos_label (set to 'Yes') is ignored when average != 'binary' (got 'weighted'). You may use labels=[pos_label] to specify a single positive class.
  warnings.warn(

2025-08-08 20:08:34,679:WARNING:/workspaces/TechCatalyst_DE_2025/pycaret_env/lib/python3.11/site-packages/sklearn/metrics/_classification.py:1561: UserWarning: Note that pos_label (set to 'Yes') is ignored when average != 'binary' (got 'weighted'). You may use labels=[pos_label] to specify a single positive class.
  warnings.warn(

2025-08-08 20:08:34,685:WARNING:/workspaces/TechCatalyst_DE_2025/pycaret_env/lib/python3.11/site-packages/sklearn/metrics/_classification.py:1561: UserWarning: Note that pos_label (set to 'Yes') is ignored when average != 'binary' (got 'weighted'). You may use labels=[pos_label] to specify a single positive class.
  warnings.warn(

2025-08-08 20:08:34,714:WARNING:/workspaces/TechCatalyst_DE_2025/pycaret_env/lib/python3.11/site-packages/sklearn/metrics/_classification.py:1561: UserWarning: Note that pos_label (set to 'Yes') is ignored when average != 'binary' (got 'weighted'). You may use labels=[pos_label] to specify a single positive class.
  warnings.warn(

2025-08-08 20:08:34,720:WARNING:/workspaces/TechCatalyst_DE_2025/pycaret_env/lib/python3.11/site-packages/sklearn/metrics/_classification.py:1561: UserWarning: Note that pos_label (set to 'Yes') is ignored when average != 'binary' (got 'weighted'). You may use labels=[pos_label] to specify a single positive class.
  warnings.warn(

2025-08-08 20:08:34,726:WARNING:/workspaces/TechCatalyst_DE_2025/pycaret_env/lib/python3.11/site-packages/sklearn/metrics/_classification.py:1561: UserWarning: Note that pos_label (set to 'Yes') is ignored when average != 'binary' (got 'weighted'). You may use labels=[pos_label] to specify a single positive class.
  warnings.warn(

2025-08-08 20:08:35,419:WARNING:/workspaces/TechCatalyst_DE_2025/pycaret_env/lib/python3.11/site-packages/sklearn/metrics/_classification.py:1561: UserWarning: Note that pos_label (set to 'Yes') is ignored when average != 'binary' (got 'weighted'). You may use labels=[pos_label] to specify a single positive class.
  warnings.warn(

2025-08-08 20:08:35,426:WARNING:/workspaces/TechCatalyst_DE_2025/pycaret_env/lib/python3.11/site-packages/sklearn/metrics/_classification.py:1561: UserWarning: Note that pos_label (set to 'Yes') is ignored when average != 'binary' (got 'weighted'). You may use labels=[pos_label] to specify a single positive class.
  warnings.warn(

2025-08-08 20:08:35,433:WARNING:/workspaces/TechCatalyst_DE_2025/pycaret_env/lib/python3.11/site-packages/sklearn/metrics/_classification.py:1561: UserWarning: Note that pos_label (set to 'Yes') is ignored when average != 'binary' (got 'weighted'). You may use labels=[pos_label] to specify a single positive class.
  warnings.warn(

2025-08-08 20:08:35,493:WARNING:/workspaces/TechCatalyst_DE_2025/pycaret_env/lib/python3.11/site-packages/sklearn/metrics/_classification.py:1561: UserWarning: Note that pos_label (set to 'Yes') is ignored when average != 'binary' (got 'weighted'). You may use labels=[pos_label] to specify a single positive class.
  warnings.warn(

2025-08-08 20:08:35,499:WARNING:/workspaces/TechCatalyst_DE_2025/pycaret_env/lib/python3.11/site-packages/sklearn/metrics/_classification.py:1561: UserWarning: Note that pos_label (set to 'Yes') is ignored when average != 'binary' (got 'weighted'). You may use labels=[pos_label] to specify a single positive class.
  warnings.warn(

2025-08-08 20:08:35,505:WARNING:/workspaces/TechCatalyst_DE_2025/pycaret_env/lib/python3.11/site-packages/sklearn/metrics/_classification.py:1561: UserWarning: Note that pos_label (set to 'Yes') is ignored when average != 'binary' (got 'weighted'). You may use labels=[pos_label] to specify a single positive class.
  warnings.warn(

2025-08-08 20:08:35,889:WARNING:/workspaces/TechCatalyst_DE_2025/pycaret_env/lib/python3.11/site-packages/sklearn/metrics/_classification.py:1561: UserWarning: Note that pos_label (set to 'Yes') is ignored when average != 'binary' (got 'weighted'). You may use labels=[pos_label] to specify a single positive class.
  warnings.warn(

2025-08-08 20:08:35,895:WARNING:/workspaces/TechCatalyst_DE_2025/pycaret_env/lib/python3.11/site-packages/sklearn/metrics/_classification.py:1561: UserWarning: Note that pos_label (set to 'Yes') is ignored when average != 'binary' (got 'weighted'). You may use labels=[pos_label] to specify a single positive class.
  warnings.warn(

2025-08-08 20:08:35,903:WARNING:/workspaces/TechCatalyst_DE_2025/pycaret_env/lib/python3.11/site-packages/sklearn/metrics/_classification.py:1561: UserWarning: Note that pos_label (set to 'Yes') is ignored when average != 'binary' (got 'weighted'). You may use labels=[pos_label] to specify a single positive class.
  warnings.warn(

2025-08-08 20:08:35,946:WARNING:/workspaces/TechCatalyst_DE_2025/pycaret_env/lib/python3.11/site-packages/sklearn/metrics/_classification.py:1561: UserWarning: Note that pos_label (set to 'Yes') is ignored when average != 'binary' (got 'weighted'). You may use labels=[pos_label] to specify a single positive class.
  warnings.warn(

2025-08-08 20:08:35,952:WARNING:/workspaces/TechCatalyst_DE_2025/pycaret_env/lib/python3.11/site-packages/sklearn/metrics/_classification.py:1561: UserWarning: Note that pos_label (set to 'Yes') is ignored when average != 'binary' (got 'weighted'). You may use labels=[pos_label] to specify a single positive class.
  warnings.warn(

2025-08-08 20:08:35,958:WARNING:/workspaces/TechCatalyst_DE_2025/pycaret_env/lib/python3.11/site-packages/sklearn/metrics/_classification.py:1561: UserWarning: Note that pos_label (set to 'Yes') is ignored when average != 'binary' (got 'weighted'). You may use labels=[pos_label] to specify a single positive class.
  warnings.warn(

2025-08-08 20:08:36,328:WARNING:/workspaces/TechCatalyst_DE_2025/pycaret_env/lib/python3.11/site-packages/sklearn/metrics/_classification.py:1561: UserWarning: Note that pos_label (set to 'Yes') is ignored when average != 'binary' (got 'weighted'). You may use labels=[pos_label] to specify a single positive class.
  warnings.warn(

2025-08-08 20:08:36,334:WARNING:/workspaces/TechCatalyst_DE_2025/pycaret_env/lib/python3.11/site-packages/sklearn/metrics/_classification.py:1561: UserWarning: Note that pos_label (set to 'Yes') is ignored when average != 'binary' (got 'weighted'). You may use labels=[pos_label] to specify a single positive class.
  warnings.warn(

2025-08-08 20:08:36,341:WARNING:/workspaces/TechCatalyst_DE_2025/pycaret_env/lib/python3.11/site-packages/sklearn/metrics/_classification.py:1561: UserWarning: Note that pos_label (set to 'Yes') is ignored when average != 'binary' (got 'weighted'). You may use labels=[pos_label] to specify a single positive class.
  warnings.warn(

2025-08-08 20:08:36,373:WARNING:/workspaces/TechCatalyst_DE_2025/pycaret_env/lib/python3.11/site-packages/sklearn/metrics/_classification.py:1561: UserWarning: Note that pos_label (set to 'Yes') is ignored when average != 'binary' (got 'weighted'). You may use labels=[pos_label] to specify a single positive class.
  warnings.warn(

2025-08-08 20:08:36,377:WARNING:/workspaces/TechCatalyst_DE_2025/pycaret_env/lib/python3.11/site-packages/sklearn/metrics/_classification.py:1561: UserWarning: Note that pos_label (set to 'Yes') is ignored when average != 'binary' (got 'weighted'). You may use labels=[pos_label] to specify a single positive class.
  warnings.warn(

2025-08-08 20:08:36,380:WARNING:/workspaces/TechCatalyst_DE_2025/pycaret_env/lib/python3.11/site-packages/sklearn/metrics/_classification.py:1561: UserWarning: Note that pos_label (set to 'Yes') is ignored when average != 'binary' (got 'weighted'). You may use labels=[pos_label] to specify a single positive class.
  warnings.warn(

2025-08-08 20:08:36,393:INFO:Calculating mean and std
2025-08-08 20:08:36,394:INFO:Creating metrics dataframe
2025-08-08 20:08:36,396:INFO:Uploading results into container
2025-08-08 20:08:36,397:INFO:Uploading model into container now
2025-08-08 20:08:36,398:INFO:_master_model_container: 5
2025-08-08 20:08:36,398:INFO:_display_container: 2
2025-08-08 20:08:36,398:INFO:SGDClassifier(alpha=0.0001, average=False, class_weight=None,
              early_stopping=False, epsilon=0.1, eta0=0.001, fit_intercept=True,
              l1_ratio=0.15, learning_rate='optimal', loss='hinge',
              max_iter=1000, n_iter_no_change=5, n_jobs=-1, penalty='l2',
              power_t=0.5, random_state=42, shuffle=True, tol=0.001,
              validation_fraction=0.1, verbose=0, warm_start=False)
2025-08-08 20:08:36,398:INFO:create_model() successfully completed......................................
2025-08-08 20:08:36,582:INFO:SubProcess create_model() end ==================================
2025-08-08 20:08:36,582:INFO:Creating metrics dataframe
2025-08-08 20:08:36,588:INFO:Initializing Ridge Classifier
2025-08-08 20:08:36,588:INFO:Total runtime is 0.2536224881807963 minutes
2025-08-08 20:08:36,592:INFO:SubProcess create_model() called ==================================
2025-08-08 20:08:36,593:INFO:Initializing create_model()
2025-08-08 20:08:36,593:INFO:create_model(self=<pycaret.classification.oop.ClassificationExperiment object at 0x7bdcd0784450>, estimator=ridge, fold=StratifiedKFold(n_splits=10, random_state=None, shuffle=False), round=4, cross_validation=True, predict=True, fit_kwargs={}, groups=None, refit=False, probability_threshold=None, experiment_custom_tags=None, verbose=False, system=False, add_to_model_list=True, metrics=None, display=<pycaret.internal.display.display.CommonDisplay object at 0x7bdc9b2a5d10>, model_only=True, return_train_score=False, error_score=0.0, kwargs={})
2025-08-08 20:08:36,593:INFO:Checking exceptions
2025-08-08 20:08:36,593:INFO:Importing libraries
2025-08-08 20:08:36,593:INFO:Copying training dataset
2025-08-08 20:08:36,601:INFO:Defining folds
2025-08-08 20:08:36,601:INFO:Declaring metric variables
2025-08-08 20:08:36,605:INFO:Importing untrained model
2025-08-08 20:08:36,609:INFO:Ridge Classifier Imported successfully
2025-08-08 20:08:36,615:INFO:Starting cross validation
2025-08-08 20:08:36,618:INFO:Cross validating with StratifiedKFold(n_splits=10, random_state=None, shuffle=False), n_jobs=-1
2025-08-08 20:08:37,038:WARNING:/workspaces/TechCatalyst_DE_2025/pycaret_env/lib/python3.11/site-packages/sklearn/metrics/_classification.py:1561: UserWarning: Note that pos_label (set to 'Yes') is ignored when average != 'binary' (got 'weighted'). You may use labels=[pos_label] to specify a single positive class.
  warnings.warn(

2025-08-08 20:08:37,045:WARNING:/workspaces/TechCatalyst_DE_2025/pycaret_env/lib/python3.11/site-packages/sklearn/metrics/_classification.py:1561: UserWarning: Note that pos_label (set to 'Yes') is ignored when average != 'binary' (got 'weighted'). You may use labels=[pos_label] to specify a single positive class.
  warnings.warn(

2025-08-08 20:08:37,051:WARNING:/workspaces/TechCatalyst_DE_2025/pycaret_env/lib/python3.11/site-packages/sklearn/metrics/_classification.py:1561: UserWarning: Note that pos_label (set to 'Yes') is ignored when average != 'binary' (got 'weighted'). You may use labels=[pos_label] to specify a single positive class.
  warnings.warn(

2025-08-08 20:08:37,100:WARNING:/workspaces/TechCatalyst_DE_2025/pycaret_env/lib/python3.11/site-packages/sklearn/metrics/_classification.py:1561: UserWarning: Note that pos_label (set to 'Yes') is ignored when average != 'binary' (got 'weighted'). You may use labels=[pos_label] to specify a single positive class.
  warnings.warn(

2025-08-08 20:08:37,106:WARNING:/workspaces/TechCatalyst_DE_2025/pycaret_env/lib/python3.11/site-packages/sklearn/metrics/_classification.py:1561: UserWarning: Note that pos_label (set to 'Yes') is ignored when average != 'binary' (got 'weighted'). You may use labels=[pos_label] to specify a single positive class.
  warnings.warn(

2025-08-08 20:08:37,111:WARNING:/workspaces/TechCatalyst_DE_2025/pycaret_env/lib/python3.11/site-packages/sklearn/metrics/_classification.py:1561: UserWarning: Note that pos_label (set to 'Yes') is ignored when average != 'binary' (got 'weighted'). You may use labels=[pos_label] to specify a single positive class.
  warnings.warn(

2025-08-08 20:08:37,468:WARNING:/workspaces/TechCatalyst_DE_2025/pycaret_env/lib/python3.11/site-packages/sklearn/metrics/_classification.py:1561: UserWarning: Note that pos_label (set to 'Yes') is ignored when average != 'binary' (got 'weighted'). You may use labels=[pos_label] to specify a single positive class.
  warnings.warn(

2025-08-08 20:08:37,474:WARNING:/workspaces/TechCatalyst_DE_2025/pycaret_env/lib/python3.11/site-packages/sklearn/metrics/_classification.py:1561: UserWarning: Note that pos_label (set to 'Yes') is ignored when average != 'binary' (got 'weighted'). You may use labels=[pos_label] to specify a single positive class.
  warnings.warn(

2025-08-08 20:08:37,482:WARNING:/workspaces/TechCatalyst_DE_2025/pycaret_env/lib/python3.11/site-packages/sklearn/metrics/_classification.py:1561: UserWarning: Note that pos_label (set to 'Yes') is ignored when average != 'binary' (got 'weighted'). You may use labels=[pos_label] to specify a single positive class.
  warnings.warn(

2025-08-08 20:08:37,498:WARNING:/workspaces/TechCatalyst_DE_2025/pycaret_env/lib/python3.11/site-packages/sklearn/metrics/_classification.py:1561: UserWarning: Note that pos_label (set to 'Yes') is ignored when average != 'binary' (got 'weighted'). You may use labels=[pos_label] to specify a single positive class.
  warnings.warn(

2025-08-08 20:08:37,504:WARNING:/workspaces/TechCatalyst_DE_2025/pycaret_env/lib/python3.11/site-packages/sklearn/metrics/_classification.py:1561: UserWarning: Note that pos_label (set to 'Yes') is ignored when average != 'binary' (got 'weighted'). You may use labels=[pos_label] to specify a single positive class.
  warnings.warn(

2025-08-08 20:08:37,513:WARNING:/workspaces/TechCatalyst_DE_2025/pycaret_env/lib/python3.11/site-packages/sklearn/metrics/_classification.py:1561: UserWarning: Note that pos_label (set to 'Yes') is ignored when average != 'binary' (got 'weighted'). You may use labels=[pos_label] to specify a single positive class.
  warnings.warn(

2025-08-08 20:08:37,863:WARNING:/workspaces/TechCatalyst_DE_2025/pycaret_env/lib/python3.11/site-packages/sklearn/metrics/_classification.py:1561: UserWarning: Note that pos_label (set to 'Yes') is ignored when average != 'binary' (got 'weighted'). You may use labels=[pos_label] to specify a single positive class.
  warnings.warn(

2025-08-08 20:08:37,871:WARNING:/workspaces/TechCatalyst_DE_2025/pycaret_env/lib/python3.11/site-packages/sklearn/metrics/_classification.py:1561: UserWarning: Note that pos_label (set to 'Yes') is ignored when average != 'binary' (got 'weighted'). You may use labels=[pos_label] to specify a single positive class.
  warnings.warn(

2025-08-08 20:08:37,877:WARNING:/workspaces/TechCatalyst_DE_2025/pycaret_env/lib/python3.11/site-packages/sklearn/metrics/_classification.py:1561: UserWarning: Note that pos_label (set to 'Yes') is ignored when average != 'binary' (got 'weighted'). You may use labels=[pos_label] to specify a single positive class.
  warnings.warn(

2025-08-08 20:08:37,930:WARNING:/workspaces/TechCatalyst_DE_2025/pycaret_env/lib/python3.11/site-packages/sklearn/metrics/_classification.py:1561: UserWarning: Note that pos_label (set to 'Yes') is ignored when average != 'binary' (got 'weighted'). You may use labels=[pos_label] to specify a single positive class.
  warnings.warn(

2025-08-08 20:08:37,936:WARNING:/workspaces/TechCatalyst_DE_2025/pycaret_env/lib/python3.11/site-packages/sklearn/metrics/_classification.py:1561: UserWarning: Note that pos_label (set to 'Yes') is ignored when average != 'binary' (got 'weighted'). You may use labels=[pos_label] to specify a single positive class.
  warnings.warn(

2025-08-08 20:08:37,942:WARNING:/workspaces/TechCatalyst_DE_2025/pycaret_env/lib/python3.11/site-packages/sklearn/metrics/_classification.py:1561: UserWarning: Note that pos_label (set to 'Yes') is ignored when average != 'binary' (got 'weighted'). You may use labels=[pos_label] to specify a single positive class.
  warnings.warn(

2025-08-08 20:08:38,261:WARNING:/workspaces/TechCatalyst_DE_2025/pycaret_env/lib/python3.11/site-packages/sklearn/metrics/_classification.py:1561: UserWarning: Note that pos_label (set to 'Yes') is ignored when average != 'binary' (got 'weighted'). You may use labels=[pos_label] to specify a single positive class.
  warnings.warn(

2025-08-08 20:08:38,270:WARNING:/workspaces/TechCatalyst_DE_2025/pycaret_env/lib/python3.11/site-packages/sklearn/metrics/_classification.py:1561: UserWarning: Note that pos_label (set to 'Yes') is ignored when average != 'binary' (got 'weighted'). You may use labels=[pos_label] to specify a single positive class.
  warnings.warn(

2025-08-08 20:08:38,288:WARNING:/workspaces/TechCatalyst_DE_2025/pycaret_env/lib/python3.11/site-packages/sklearn/metrics/_classification.py:1561: UserWarning: Note that pos_label (set to 'Yes') is ignored when average != 'binary' (got 'weighted'). You may use labels=[pos_label] to specify a single positive class.
  warnings.warn(

2025-08-08 20:08:38,428:WARNING:/workspaces/TechCatalyst_DE_2025/pycaret_env/lib/python3.11/site-packages/sklearn/metrics/_classification.py:1561: UserWarning: Note that pos_label (set to 'Yes') is ignored when average != 'binary' (got 'weighted'). You may use labels=[pos_label] to specify a single positive class.
  warnings.warn(

2025-08-08 20:08:38,434:WARNING:/workspaces/TechCatalyst_DE_2025/pycaret_env/lib/python3.11/site-packages/sklearn/metrics/_classification.py:1561: UserWarning: Note that pos_label (set to 'Yes') is ignored when average != 'binary' (got 'weighted'). You may use labels=[pos_label] to specify a single positive class.
  warnings.warn(

2025-08-08 20:08:38,440:WARNING:/workspaces/TechCatalyst_DE_2025/pycaret_env/lib/python3.11/site-packages/sklearn/metrics/_classification.py:1561: UserWarning: Note that pos_label (set to 'Yes') is ignored when average != 'binary' (got 'weighted'). You may use labels=[pos_label] to specify a single positive class.
  warnings.warn(

2025-08-08 20:08:38,775:WARNING:/workspaces/TechCatalyst_DE_2025/pycaret_env/lib/python3.11/site-packages/sklearn/metrics/_classification.py:1561: UserWarning: Note that pos_label (set to 'Yes') is ignored when average != 'binary' (got 'weighted'). You may use labels=[pos_label] to specify a single positive class.
  warnings.warn(

2025-08-08 20:08:38,781:WARNING:/workspaces/TechCatalyst_DE_2025/pycaret_env/lib/python3.11/site-packages/sklearn/metrics/_classification.py:1561: UserWarning: Note that pos_label (set to 'Yes') is ignored when average != 'binary' (got 'weighted'). You may use labels=[pos_label] to specify a single positive class.
  warnings.warn(

2025-08-08 20:08:38,787:WARNING:/workspaces/TechCatalyst_DE_2025/pycaret_env/lib/python3.11/site-packages/sklearn/metrics/_classification.py:1561: UserWarning: Note that pos_label (set to 'Yes') is ignored when average != 'binary' (got 'weighted'). You may use labels=[pos_label] to specify a single positive class.
  warnings.warn(

2025-08-08 20:08:38,802:WARNING:/workspaces/TechCatalyst_DE_2025/pycaret_env/lib/python3.11/site-packages/sklearn/metrics/_classification.py:1561: UserWarning: Note that pos_label (set to 'Yes') is ignored when average != 'binary' (got 'weighted'). You may use labels=[pos_label] to specify a single positive class.
  warnings.warn(

2025-08-08 20:08:38,806:WARNING:/workspaces/TechCatalyst_DE_2025/pycaret_env/lib/python3.11/site-packages/sklearn/metrics/_classification.py:1561: UserWarning: Note that pos_label (set to 'Yes') is ignored when average != 'binary' (got 'weighted'). You may use labels=[pos_label] to specify a single positive class.
  warnings.warn(

2025-08-08 20:08:38,809:WARNING:/workspaces/TechCatalyst_DE_2025/pycaret_env/lib/python3.11/site-packages/sklearn/metrics/_classification.py:1561: UserWarning: Note that pos_label (set to 'Yes') is ignored when average != 'binary' (got 'weighted'). You may use labels=[pos_label] to specify a single positive class.
  warnings.warn(

2025-08-08 20:08:38,818:INFO:Calculating mean and std
2025-08-08 20:08:38,819:INFO:Creating metrics dataframe
2025-08-08 20:08:38,821:INFO:Uploading results into container
2025-08-08 20:08:38,821:INFO:Uploading model into container now
2025-08-08 20:08:38,822:INFO:_master_model_container: 6
2025-08-08 20:08:38,822:INFO:_display_container: 2
2025-08-08 20:08:38,822:INFO:RidgeClassifier(alpha=1.0, class_weight=None, copy_X=True, fit_intercept=True,
                max_iter=None, positive=False, random_state=42, solver='auto',
                tol=0.0001)
2025-08-08 20:08:38,822:INFO:create_model() successfully completed......................................
2025-08-08 20:08:39,029:INFO:SubProcess create_model() end ==================================
2025-08-08 20:08:39,030:INFO:Creating metrics dataframe
2025-08-08 20:08:39,038:INFO:Initializing Random Forest Classifier
2025-08-08 20:08:39,038:INFO:Total runtime is 0.29445394277572634 minutes
2025-08-08 20:08:39,041:INFO:SubProcess create_model() called ==================================
2025-08-08 20:08:39,041:INFO:Initializing create_model()
2025-08-08 20:08:39,041:INFO:create_model(self=<pycaret.classification.oop.ClassificationExperiment object at 0x7bdcd0784450>, estimator=rf, fold=StratifiedKFold(n_splits=10, random_state=None, shuffle=False), round=4, cross_validation=True, predict=True, fit_kwargs={}, groups=None, refit=False, probability_threshold=None, experiment_custom_tags=None, verbose=False, system=False, add_to_model_list=True, metrics=None, display=<pycaret.internal.display.display.CommonDisplay object at 0x7bdc9b2a5d10>, model_only=True, return_train_score=False, error_score=0.0, kwargs={})
2025-08-08 20:08:39,041:INFO:Checking exceptions
2025-08-08 20:08:39,042:INFO:Importing libraries
2025-08-08 20:08:39,042:INFO:Copying training dataset
2025-08-08 20:08:39,050:INFO:Defining folds
2025-08-08 20:08:39,050:INFO:Declaring metric variables
2025-08-08 20:08:39,054:INFO:Importing untrained model
2025-08-08 20:08:39,059:INFO:Random Forest Classifier Imported successfully
2025-08-08 20:08:39,065:INFO:Starting cross validation
2025-08-08 20:08:39,068:INFO:Cross validating with StratifiedKFold(n_splits=10, random_state=None, shuffle=False), n_jobs=-1
2025-08-08 20:08:39,882:WARNING:/workspaces/TechCatalyst_DE_2025/pycaret_env/lib/python3.11/site-packages/sklearn/metrics/_classification.py:1561: UserWarning: Note that pos_label (set to 'Yes') is ignored when average != 'binary' (got 'weighted'). You may use labels=[pos_label] to specify a single positive class.
  warnings.warn(

2025-08-08 20:08:39,887:WARNING:/workspaces/TechCatalyst_DE_2025/pycaret_env/lib/python3.11/site-packages/sklearn/metrics/_classification.py:1561: UserWarning: Note that pos_label (set to 'Yes') is ignored when average != 'binary' (got 'weighted'). You may use labels=[pos_label] to specify a single positive class.
  warnings.warn(

2025-08-08 20:08:39,890:WARNING:/workspaces/TechCatalyst_DE_2025/pycaret_env/lib/python3.11/site-packages/sklearn/metrics/_classification.py:1509: UndefinedMetricWarning: Precision is ill-defined and being set to 0.0 in labels with no predicted samples. Use `zero_division` parameter to control this behavior.
  _warn_prf(average, modifier, f"{metric.capitalize()} is", len(result))

2025-08-08 20:08:39,891:WARNING:/workspaces/TechCatalyst_DE_2025/pycaret_env/lib/python3.11/site-packages/sklearn/metrics/_classification.py:1561: UserWarning: Note that pos_label (set to 'Yes') is ignored when average != 'binary' (got 'weighted'). You may use labels=[pos_label] to specify a single positive class.
  warnings.warn(

2025-08-08 20:08:39,893:WARNING:/workspaces/TechCatalyst_DE_2025/pycaret_env/lib/python3.11/site-packages/sklearn/metrics/_classification.py:1561: UserWarning: Note that pos_label (set to 'Yes') is ignored when average != 'binary' (got 'weighted'). You may use labels=[pos_label] to specify a single positive class.
  warnings.warn(

2025-08-08 20:08:39,897:WARNING:/workspaces/TechCatalyst_DE_2025/pycaret_env/lib/python3.11/site-packages/sklearn/metrics/_classification.py:1561: UserWarning: Note that pos_label (set to 'Yes') is ignored when average != 'binary' (got 'weighted'). You may use labels=[pos_label] to specify a single positive class.
  warnings.warn(

2025-08-08 20:08:39,900:WARNING:/workspaces/TechCatalyst_DE_2025/pycaret_env/lib/python3.11/site-packages/sklearn/metrics/_classification.py:1509: UndefinedMetricWarning: Precision is ill-defined and being set to 0.0 in labels with no predicted samples. Use `zero_division` parameter to control this behavior.
  _warn_prf(average, modifier, f"{metric.capitalize()} is", len(result))

2025-08-08 20:08:39,903:WARNING:/workspaces/TechCatalyst_DE_2025/pycaret_env/lib/python3.11/site-packages/sklearn/metrics/_classification.py:1561: UserWarning: Note that pos_label (set to 'Yes') is ignored when average != 'binary' (got 'weighted'). You may use labels=[pos_label] to specify a single positive class.
  warnings.warn(

2025-08-08 20:08:40,641:WARNING:/workspaces/TechCatalyst_DE_2025/pycaret_env/lib/python3.11/site-packages/sklearn/metrics/_classification.py:1561: UserWarning: Note that pos_label (set to 'Yes') is ignored when average != 'binary' (got 'weighted'). You may use labels=[pos_label] to specify a single positive class.
  warnings.warn(

2025-08-08 20:08:40,647:WARNING:/workspaces/TechCatalyst_DE_2025/pycaret_env/lib/python3.11/site-packages/sklearn/metrics/_classification.py:1561: UserWarning: Note that pos_label (set to 'Yes') is ignored when average != 'binary' (got 'weighted'). You may use labels=[pos_label] to specify a single positive class.
  warnings.warn(

2025-08-08 20:08:40,650:WARNING:/workspaces/TechCatalyst_DE_2025/pycaret_env/lib/python3.11/site-packages/sklearn/metrics/_classification.py:1509: UndefinedMetricWarning: Precision is ill-defined and being set to 0.0 in labels with no predicted samples. Use `zero_division` parameter to control this behavior.
  _warn_prf(average, modifier, f"{metric.capitalize()} is", len(result))

2025-08-08 20:08:40,652:WARNING:/workspaces/TechCatalyst_DE_2025/pycaret_env/lib/python3.11/site-packages/sklearn/metrics/_classification.py:1561: UserWarning: Note that pos_label (set to 'Yes') is ignored when average != 'binary' (got 'weighted'). You may use labels=[pos_label] to specify a single positive class.
  warnings.warn(

2025-08-08 20:08:40,706:WARNING:/workspaces/TechCatalyst_DE_2025/pycaret_env/lib/python3.11/site-packages/sklearn/metrics/_classification.py:1561: UserWarning: Note that pos_label (set to 'Yes') is ignored when average != 'binary' (got 'weighted'). You may use labels=[pos_label] to specify a single positive class.
  warnings.warn(

2025-08-08 20:08:40,715:WARNING:/workspaces/TechCatalyst_DE_2025/pycaret_env/lib/python3.11/site-packages/sklearn/metrics/_classification.py:1561: UserWarning: Note that pos_label (set to 'Yes') is ignored when average != 'binary' (got 'weighted'). You may use labels=[pos_label] to specify a single positive class.
  warnings.warn(

2025-08-08 20:08:40,720:WARNING:/workspaces/TechCatalyst_DE_2025/pycaret_env/lib/python3.11/site-packages/sklearn/metrics/_classification.py:1509: UndefinedMetricWarning: Precision is ill-defined and being set to 0.0 in labels with no predicted samples. Use `zero_division` parameter to control this behavior.
  _warn_prf(average, modifier, f"{metric.capitalize()} is", len(result))

2025-08-08 20:08:40,724:WARNING:/workspaces/TechCatalyst_DE_2025/pycaret_env/lib/python3.11/site-packages/sklearn/metrics/_classification.py:1561: UserWarning: Note that pos_label (set to 'Yes') is ignored when average != 'binary' (got 'weighted'). You may use labels=[pos_label] to specify a single positive class.
  warnings.warn(

2025-08-08 20:08:41,391:WARNING:/workspaces/TechCatalyst_DE_2025/pycaret_env/lib/python3.11/site-packages/sklearn/metrics/_classification.py:1561: UserWarning: Note that pos_label (set to 'Yes') is ignored when average != 'binary' (got 'weighted'). You may use labels=[pos_label] to specify a single positive class.
  warnings.warn(

2025-08-08 20:08:41,398:WARNING:/workspaces/TechCatalyst_DE_2025/pycaret_env/lib/python3.11/site-packages/sklearn/metrics/_classification.py:1561: UserWarning: Note that pos_label (set to 'Yes') is ignored when average != 'binary' (got 'weighted'). You may use labels=[pos_label] to specify a single positive class.
  warnings.warn(

2025-08-08 20:08:41,401:WARNING:/workspaces/TechCatalyst_DE_2025/pycaret_env/lib/python3.11/site-packages/sklearn/metrics/_classification.py:1509: UndefinedMetricWarning: Precision is ill-defined and being set to 0.0 in labels with no predicted samples. Use `zero_division` parameter to control this behavior.
  _warn_prf(average, modifier, f"{metric.capitalize()} is", len(result))

2025-08-08 20:08:41,404:WARNING:/workspaces/TechCatalyst_DE_2025/pycaret_env/lib/python3.11/site-packages/sklearn/metrics/_classification.py:1561: UserWarning: Note that pos_label (set to 'Yes') is ignored when average != 'binary' (got 'weighted'). You may use labels=[pos_label] to specify a single positive class.
  warnings.warn(

2025-08-08 20:08:41,519:WARNING:/workspaces/TechCatalyst_DE_2025/pycaret_env/lib/python3.11/site-packages/sklearn/metrics/_classification.py:1561: UserWarning: Note that pos_label (set to 'Yes') is ignored when average != 'binary' (got 'weighted'). You may use labels=[pos_label] to specify a single positive class.
  warnings.warn(

2025-08-08 20:08:41,531:WARNING:/workspaces/TechCatalyst_DE_2025/pycaret_env/lib/python3.11/site-packages/sklearn/metrics/_classification.py:1561: UserWarning: Note that pos_label (set to 'Yes') is ignored when average != 'binary' (got 'weighted'). You may use labels=[pos_label] to specify a single positive class.
  warnings.warn(

2025-08-08 20:08:41,537:WARNING:/workspaces/TechCatalyst_DE_2025/pycaret_env/lib/python3.11/site-packages/sklearn/metrics/_classification.py:1509: UndefinedMetricWarning: Precision is ill-defined and being set to 0.0 in labels with no predicted samples. Use `zero_division` parameter to control this behavior.
  _warn_prf(average, modifier, f"{metric.capitalize()} is", len(result))

2025-08-08 20:08:41,540:WARNING:/workspaces/TechCatalyst_DE_2025/pycaret_env/lib/python3.11/site-packages/sklearn/metrics/_classification.py:1561: UserWarning: Note that pos_label (set to 'Yes') is ignored when average != 'binary' (got 'weighted'). You may use labels=[pos_label] to specify a single positive class.
  warnings.warn(

2025-08-08 20:08:42,360:WARNING:/workspaces/TechCatalyst_DE_2025/pycaret_env/lib/python3.11/site-packages/sklearn/metrics/_classification.py:1561: UserWarning: Note that pos_label (set to 'Yes') is ignored when average != 'binary' (got 'weighted'). You may use labels=[pos_label] to specify a single positive class.
  warnings.warn(

2025-08-08 20:08:42,366:WARNING:/workspaces/TechCatalyst_DE_2025/pycaret_env/lib/python3.11/site-packages/sklearn/metrics/_classification.py:1561: UserWarning: Note that pos_label (set to 'Yes') is ignored when average != 'binary' (got 'weighted'). You may use labels=[pos_label] to specify a single positive class.
  warnings.warn(

2025-08-08 20:08:42,370:WARNING:/workspaces/TechCatalyst_DE_2025/pycaret_env/lib/python3.11/site-packages/sklearn/metrics/_classification.py:1509: UndefinedMetricWarning: Precision is ill-defined and being set to 0.0 in labels with no predicted samples. Use `zero_division` parameter to control this behavior.
  _warn_prf(average, modifier, f"{metric.capitalize()} is", len(result))

2025-08-08 20:08:42,373:WARNING:/workspaces/TechCatalyst_DE_2025/pycaret_env/lib/python3.11/site-packages/sklearn/metrics/_classification.py:1561: UserWarning: Note that pos_label (set to 'Yes') is ignored when average != 'binary' (got 'weighted'). You may use labels=[pos_label] to specify a single positive class.
  warnings.warn(

2025-08-08 20:08:42,471:WARNING:/workspaces/TechCatalyst_DE_2025/pycaret_env/lib/python3.11/site-packages/sklearn/metrics/_classification.py:1561: UserWarning: Note that pos_label (set to 'Yes') is ignored when average != 'binary' (got 'weighted'). You may use labels=[pos_label] to specify a single positive class.
  warnings.warn(

2025-08-08 20:08:42,477:WARNING:/workspaces/TechCatalyst_DE_2025/pycaret_env/lib/python3.11/site-packages/sklearn/metrics/_classification.py:1561: UserWarning: Note that pos_label (set to 'Yes') is ignored when average != 'binary' (got 'weighted'). You may use labels=[pos_label] to specify a single positive class.
  warnings.warn(

2025-08-08 20:08:42,481:WARNING:/workspaces/TechCatalyst_DE_2025/pycaret_env/lib/python3.11/site-packages/sklearn/metrics/_classification.py:1509: UndefinedMetricWarning: Precision is ill-defined and being set to 0.0 in labels with no predicted samples. Use `zero_division` parameter to control this behavior.
  _warn_prf(average, modifier, f"{metric.capitalize()} is", len(result))

2025-08-08 20:08:42,484:WARNING:/workspaces/TechCatalyst_DE_2025/pycaret_env/lib/python3.11/site-packages/sklearn/metrics/_classification.py:1561: UserWarning: Note that pos_label (set to 'Yes') is ignored when average != 'binary' (got 'weighted'). You may use labels=[pos_label] to specify a single positive class.
  warnings.warn(

2025-08-08 20:08:43,087:WARNING:/workspaces/TechCatalyst_DE_2025/pycaret_env/lib/python3.11/site-packages/sklearn/metrics/_classification.py:1561: UserWarning: Note that pos_label (set to 'Yes') is ignored when average != 'binary' (got 'weighted'). You may use labels=[pos_label] to specify a single positive class.
  warnings.warn(

2025-08-08 20:08:43,094:WARNING:/workspaces/TechCatalyst_DE_2025/pycaret_env/lib/python3.11/site-packages/sklearn/metrics/_classification.py:1561: UserWarning: Note that pos_label (set to 'Yes') is ignored when average != 'binary' (got 'weighted'). You may use labels=[pos_label] to specify a single positive class.
  warnings.warn(

2025-08-08 20:08:43,097:WARNING:/workspaces/TechCatalyst_DE_2025/pycaret_env/lib/python3.11/site-packages/sklearn/metrics/_classification.py:1509: UndefinedMetricWarning: Precision is ill-defined and being set to 0.0 in labels with no predicted samples. Use `zero_division` parameter to control this behavior.
  _warn_prf(average, modifier, f"{metric.capitalize()} is", len(result))

2025-08-08 20:08:43,100:WARNING:/workspaces/TechCatalyst_DE_2025/pycaret_env/lib/python3.11/site-packages/sklearn/metrics/_classification.py:1561: UserWarning: Note that pos_label (set to 'Yes') is ignored when average != 'binary' (got 'weighted'). You may use labels=[pos_label] to specify a single positive class.
  warnings.warn(

2025-08-08 20:08:43,193:WARNING:/workspaces/TechCatalyst_DE_2025/pycaret_env/lib/python3.11/site-packages/sklearn/metrics/_classification.py:1561: UserWarning: Note that pos_label (set to 'Yes') is ignored when average != 'binary' (got 'weighted'). You may use labels=[pos_label] to specify a single positive class.
  warnings.warn(

2025-08-08 20:08:43,196:WARNING:/workspaces/TechCatalyst_DE_2025/pycaret_env/lib/python3.11/site-packages/sklearn/metrics/_classification.py:1561: UserWarning: Note that pos_label (set to 'Yes') is ignored when average != 'binary' (got 'weighted'). You may use labels=[pos_label] to specify a single positive class.
  warnings.warn(

2025-08-08 20:08:43,198:WARNING:/workspaces/TechCatalyst_DE_2025/pycaret_env/lib/python3.11/site-packages/sklearn/metrics/_classification.py:1509: UndefinedMetricWarning: Precision is ill-defined and being set to 0.0 in labels with no predicted samples. Use `zero_division` parameter to control this behavior.
  _warn_prf(average, modifier, f"{metric.capitalize()} is", len(result))

2025-08-08 20:08:43,200:WARNING:/workspaces/TechCatalyst_DE_2025/pycaret_env/lib/python3.11/site-packages/sklearn/metrics/_classification.py:1561: UserWarning: Note that pos_label (set to 'Yes') is ignored when average != 'binary' (got 'weighted'). You may use labels=[pos_label] to specify a single positive class.
  warnings.warn(

2025-08-08 20:08:43,214:INFO:Calculating mean and std
2025-08-08 20:08:43,215:INFO:Creating metrics dataframe
2025-08-08 20:08:43,219:INFO:Uploading results into container
2025-08-08 20:08:43,219:INFO:Uploading model into container now
2025-08-08 20:08:43,220:INFO:_master_model_container: 7
2025-08-08 20:08:43,220:INFO:_display_container: 2
2025-08-08 20:08:43,220:INFO:RandomForestClassifier(bootstrap=True, ccp_alpha=0.0, class_weight=None,
                       criterion='gini', max_depth=None, max_features='sqrt',
                       max_leaf_nodes=None, max_samples=None,
                       min_impurity_decrease=0.0, min_samples_leaf=1,
                       min_samples_split=2, min_weight_fraction_leaf=0.0,
                       monotonic_cst=None, n_estimators=100, n_jobs=-1,
                       oob_score=False, random_state=42, verbose=0,
                       warm_start=False)
2025-08-08 20:08:43,220:INFO:create_model() successfully completed......................................
2025-08-08 20:08:43,415:INFO:SubProcess create_model() end ==================================
2025-08-08 20:08:43,415:INFO:Creating metrics dataframe
2025-08-08 20:08:43,421:INFO:Initializing Quadratic Discriminant Analysis
2025-08-08 20:08:43,422:INFO:Total runtime is 0.36751950184504195 minutes
2025-08-08 20:08:43,425:INFO:SubProcess create_model() called ==================================
2025-08-08 20:08:43,425:INFO:Initializing create_model()
2025-08-08 20:08:43,425:INFO:create_model(self=<pycaret.classification.oop.ClassificationExperiment object at 0x7bdcd0784450>, estimator=qda, fold=StratifiedKFold(n_splits=10, random_state=None, shuffle=False), round=4, cross_validation=True, predict=True, fit_kwargs={}, groups=None, refit=False, probability_threshold=None, experiment_custom_tags=None, verbose=False, system=False, add_to_model_list=True, metrics=None, display=<pycaret.internal.display.display.CommonDisplay object at 0x7bdc9b2a5d10>, model_only=True, return_train_score=False, error_score=0.0, kwargs={})
2025-08-08 20:08:43,425:INFO:Checking exceptions
2025-08-08 20:08:43,426:INFO:Importing libraries
2025-08-08 20:08:43,426:INFO:Copying training dataset
2025-08-08 20:08:43,435:INFO:Defining folds
2025-08-08 20:08:43,435:INFO:Declaring metric variables
2025-08-08 20:08:43,440:INFO:Importing untrained model
2025-08-08 20:08:43,444:INFO:Quadratic Discriminant Analysis Imported successfully
2025-08-08 20:08:43,451:INFO:Starting cross validation
2025-08-08 20:08:43,454:INFO:Cross validating with StratifiedKFold(n_splits=10, random_state=None, shuffle=False), n_jobs=-1
2025-08-08 20:08:43,769:WARNING:/workspaces/TechCatalyst_DE_2025/pycaret_env/lib/python3.11/site-packages/sklearn/discriminant_analysis.py:935: UserWarning: Variables are collinear
  warnings.warn("Variables are collinear")

2025-08-08 20:08:43,792:WARNING:/workspaces/TechCatalyst_DE_2025/pycaret_env/lib/python3.11/site-packages/sklearn/discriminant_analysis.py:935: UserWarning: Variables are collinear
  warnings.warn("Variables are collinear")

2025-08-08 20:08:43,851:WARNING:/workspaces/TechCatalyst_DE_2025/pycaret_env/lib/python3.11/site-packages/sklearn/metrics/_classification.py:1561: UserWarning: Note that pos_label (set to 'Yes') is ignored when average != 'binary' (got 'weighted'). You may use labels=[pos_label] to specify a single positive class.
  warnings.warn(

2025-08-08 20:08:43,857:WARNING:/workspaces/TechCatalyst_DE_2025/pycaret_env/lib/python3.11/site-packages/sklearn/metrics/_classification.py:1561: UserWarning: Note that pos_label (set to 'Yes') is ignored when average != 'binary' (got 'weighted'). You may use labels=[pos_label] to specify a single positive class.
  warnings.warn(

2025-08-08 20:08:43,860:WARNING:/workspaces/TechCatalyst_DE_2025/pycaret_env/lib/python3.11/site-packages/sklearn/metrics/_classification.py:1509: UndefinedMetricWarning: Precision is ill-defined and being set to 0.0 in labels with no predicted samples. Use `zero_division` parameter to control this behavior.
  _warn_prf(average, modifier, f"{metric.capitalize()} is", len(result))

2025-08-08 20:08:43,863:WARNING:/workspaces/TechCatalyst_DE_2025/pycaret_env/lib/python3.11/site-packages/sklearn/metrics/_classification.py:1561: UserWarning: Note that pos_label (set to 'Yes') is ignored when average != 'binary' (got 'weighted'). You may use labels=[pos_label] to specify a single positive class.
  warnings.warn(

2025-08-08 20:08:43,876:WARNING:/workspaces/TechCatalyst_DE_2025/pycaret_env/lib/python3.11/site-packages/sklearn/metrics/_classification.py:1561: UserWarning: Note that pos_label (set to 'Yes') is ignored when average != 'binary' (got 'weighted'). You may use labels=[pos_label] to specify a single positive class.
  warnings.warn(

2025-08-08 20:08:43,882:WARNING:/workspaces/TechCatalyst_DE_2025/pycaret_env/lib/python3.11/site-packages/sklearn/metrics/_classification.py:1561: UserWarning: Note that pos_label (set to 'Yes') is ignored when average != 'binary' (got 'weighted'). You may use labels=[pos_label] to specify a single positive class.
  warnings.warn(

2025-08-08 20:08:43,886:WARNING:/workspaces/TechCatalyst_DE_2025/pycaret_env/lib/python3.11/site-packages/sklearn/metrics/_classification.py:1509: UndefinedMetricWarning: Precision is ill-defined and being set to 0.0 in labels with no predicted samples. Use `zero_division` parameter to control this behavior.
  _warn_prf(average, modifier, f"{metric.capitalize()} is", len(result))

2025-08-08 20:08:43,891:WARNING:/workspaces/TechCatalyst_DE_2025/pycaret_env/lib/python3.11/site-packages/sklearn/metrics/_classification.py:1561: UserWarning: Note that pos_label (set to 'Yes') is ignored when average != 'binary' (got 'weighted'). You may use labels=[pos_label] to specify a single positive class.
  warnings.warn(

2025-08-08 20:08:44,277:WARNING:/workspaces/TechCatalyst_DE_2025/pycaret_env/lib/python3.11/site-packages/sklearn/discriminant_analysis.py:935: UserWarning: Variables are collinear
  warnings.warn("Variables are collinear")

2025-08-08 20:08:44,284:WARNING:/workspaces/TechCatalyst_DE_2025/pycaret_env/lib/python3.11/site-packages/sklearn/discriminant_analysis.py:935: UserWarning: Variables are collinear
  warnings.warn("Variables are collinear")

2025-08-08 20:08:44,364:WARNING:/workspaces/TechCatalyst_DE_2025/pycaret_env/lib/python3.11/site-packages/sklearn/metrics/_classification.py:1561: UserWarning: Note that pos_label (set to 'Yes') is ignored when average != 'binary' (got 'weighted'). You may use labels=[pos_label] to specify a single positive class.
  warnings.warn(

2025-08-08 20:08:44,370:WARNING:/workspaces/TechCatalyst_DE_2025/pycaret_env/lib/python3.11/site-packages/sklearn/metrics/_classification.py:1561: UserWarning: Note that pos_label (set to 'Yes') is ignored when average != 'binary' (got 'weighted'). You may use labels=[pos_label] to specify a single positive class.
  warnings.warn(

2025-08-08 20:08:44,373:WARNING:/workspaces/TechCatalyst_DE_2025/pycaret_env/lib/python3.11/site-packages/sklearn/metrics/_classification.py:1509: UndefinedMetricWarning: Precision is ill-defined and being set to 0.0 in labels with no predicted samples. Use `zero_division` parameter to control this behavior.
  _warn_prf(average, modifier, f"{metric.capitalize()} is", len(result))

2025-08-08 20:08:44,376:WARNING:/workspaces/TechCatalyst_DE_2025/pycaret_env/lib/python3.11/site-packages/sklearn/metrics/_classification.py:1561: UserWarning: Note that pos_label (set to 'Yes') is ignored when average != 'binary' (got 'weighted'). You may use labels=[pos_label] to specify a single positive class.
  warnings.warn(

2025-08-08 20:08:44,378:WARNING:/workspaces/TechCatalyst_DE_2025/pycaret_env/lib/python3.11/site-packages/sklearn/metrics/_classification.py:1561: UserWarning: Note that pos_label (set to 'Yes') is ignored when average != 'binary' (got 'weighted'). You may use labels=[pos_label] to specify a single positive class.
  warnings.warn(

2025-08-08 20:08:44,384:WARNING:/workspaces/TechCatalyst_DE_2025/pycaret_env/lib/python3.11/site-packages/sklearn/metrics/_classification.py:1561: UserWarning: Note that pos_label (set to 'Yes') is ignored when average != 'binary' (got 'weighted'). You may use labels=[pos_label] to specify a single positive class.
  warnings.warn(

2025-08-08 20:08:44,387:WARNING:/workspaces/TechCatalyst_DE_2025/pycaret_env/lib/python3.11/site-packages/sklearn/metrics/_classification.py:1509: UndefinedMetricWarning: Precision is ill-defined and being set to 0.0 in labels with no predicted samples. Use `zero_division` parameter to control this behavior.
  _warn_prf(average, modifier, f"{metric.capitalize()} is", len(result))

2025-08-08 20:08:44,390:WARNING:/workspaces/TechCatalyst_DE_2025/pycaret_env/lib/python3.11/site-packages/sklearn/metrics/_classification.py:1561: UserWarning: Note that pos_label (set to 'Yes') is ignored when average != 'binary' (got 'weighted'). You may use labels=[pos_label] to specify a single positive class.
  warnings.warn(

2025-08-08 20:08:44,718:WARNING:/workspaces/TechCatalyst_DE_2025/pycaret_env/lib/python3.11/site-packages/sklearn/discriminant_analysis.py:935: UserWarning: Variables are collinear
  warnings.warn("Variables are collinear")

2025-08-08 20:08:44,779:WARNING:/workspaces/TechCatalyst_DE_2025/pycaret_env/lib/python3.11/site-packages/sklearn/discriminant_analysis.py:935: UserWarning: Variables are collinear
  warnings.warn("Variables are collinear")

2025-08-08 20:08:44,831:WARNING:/workspaces/TechCatalyst_DE_2025/pycaret_env/lib/python3.11/site-packages/sklearn/metrics/_classification.py:1561: UserWarning: Note that pos_label (set to 'Yes') is ignored when average != 'binary' (got 'weighted'). You may use labels=[pos_label] to specify a single positive class.
  warnings.warn(

2025-08-08 20:08:44,838:WARNING:/workspaces/TechCatalyst_DE_2025/pycaret_env/lib/python3.11/site-packages/sklearn/metrics/_classification.py:1561: UserWarning: Note that pos_label (set to 'Yes') is ignored when average != 'binary' (got 'weighted'). You may use labels=[pos_label] to specify a single positive class.
  warnings.warn(

2025-08-08 20:08:44,841:WARNING:/workspaces/TechCatalyst_DE_2025/pycaret_env/lib/python3.11/site-packages/sklearn/metrics/_classification.py:1509: UndefinedMetricWarning: Precision is ill-defined and being set to 0.0 in labels with no predicted samples. Use `zero_division` parameter to control this behavior.
  _warn_prf(average, modifier, f"{metric.capitalize()} is", len(result))

2025-08-08 20:08:44,844:WARNING:/workspaces/TechCatalyst_DE_2025/pycaret_env/lib/python3.11/site-packages/sklearn/metrics/_classification.py:1561: UserWarning: Note that pos_label (set to 'Yes') is ignored when average != 'binary' (got 'weighted'). You may use labels=[pos_label] to specify a single positive class.
  warnings.warn(

2025-08-08 20:08:44,875:WARNING:/workspaces/TechCatalyst_DE_2025/pycaret_env/lib/python3.11/site-packages/sklearn/metrics/_classification.py:1561: UserWarning: Note that pos_label (set to 'Yes') is ignored when average != 'binary' (got 'weighted'). You may use labels=[pos_label] to specify a single positive class.
  warnings.warn(

2025-08-08 20:08:44,881:WARNING:/workspaces/TechCatalyst_DE_2025/pycaret_env/lib/python3.11/site-packages/sklearn/metrics/_classification.py:1561: UserWarning: Note that pos_label (set to 'Yes') is ignored when average != 'binary' (got 'weighted'). You may use labels=[pos_label] to specify a single positive class.
  warnings.warn(

2025-08-08 20:08:44,884:WARNING:/workspaces/TechCatalyst_DE_2025/pycaret_env/lib/python3.11/site-packages/sklearn/metrics/_classification.py:1509: UndefinedMetricWarning: Precision is ill-defined and being set to 0.0 in labels with no predicted samples. Use `zero_division` parameter to control this behavior.
  _warn_prf(average, modifier, f"{metric.capitalize()} is", len(result))

2025-08-08 20:08:44,886:WARNING:/workspaces/TechCatalyst_DE_2025/pycaret_env/lib/python3.11/site-packages/sklearn/metrics/_classification.py:1561: UserWarning: Note that pos_label (set to 'Yes') is ignored when average != 'binary' (got 'weighted'). You may use labels=[pos_label] to specify a single positive class.
  warnings.warn(

2025-08-08 20:08:45,199:WARNING:/workspaces/TechCatalyst_DE_2025/pycaret_env/lib/python3.11/site-packages/sklearn/discriminant_analysis.py:935: UserWarning: Variables are collinear
  warnings.warn("Variables are collinear")

2025-08-08 20:08:45,210:WARNING:/workspaces/TechCatalyst_DE_2025/pycaret_env/lib/python3.11/site-packages/sklearn/discriminant_analysis.py:935: UserWarning: Variables are collinear
  warnings.warn("Variables are collinear")

2025-08-08 20:08:45,288:WARNING:/workspaces/TechCatalyst_DE_2025/pycaret_env/lib/python3.11/site-packages/sklearn/metrics/_classification.py:1561: UserWarning: Note that pos_label (set to 'Yes') is ignored when average != 'binary' (got 'weighted'). You may use labels=[pos_label] to specify a single positive class.
  warnings.warn(

2025-08-08 20:08:45,290:WARNING:/workspaces/TechCatalyst_DE_2025/pycaret_env/lib/python3.11/site-packages/sklearn/metrics/_classification.py:1561: UserWarning: Note that pos_label (set to 'Yes') is ignored when average != 'binary' (got 'weighted'). You may use labels=[pos_label] to specify a single positive class.
  warnings.warn(

2025-08-08 20:08:45,294:WARNING:/workspaces/TechCatalyst_DE_2025/pycaret_env/lib/python3.11/site-packages/sklearn/metrics/_classification.py:1561: UserWarning: Note that pos_label (set to 'Yes') is ignored when average != 'binary' (got 'weighted'). You may use labels=[pos_label] to specify a single positive class.
  warnings.warn(

2025-08-08 20:08:45,296:WARNING:/workspaces/TechCatalyst_DE_2025/pycaret_env/lib/python3.11/site-packages/sklearn/metrics/_classification.py:1561: UserWarning: Note that pos_label (set to 'Yes') is ignored when average != 'binary' (got 'weighted'). You may use labels=[pos_label] to specify a single positive class.
  warnings.warn(

2025-08-08 20:08:45,297:WARNING:/workspaces/TechCatalyst_DE_2025/pycaret_env/lib/python3.11/site-packages/sklearn/metrics/_classification.py:1509: UndefinedMetricWarning: Precision is ill-defined and being set to 0.0 in labels with no predicted samples. Use `zero_division` parameter to control this behavior.
  _warn_prf(average, modifier, f"{metric.capitalize()} is", len(result))

2025-08-08 20:08:45,299:WARNING:/workspaces/TechCatalyst_DE_2025/pycaret_env/lib/python3.11/site-packages/sklearn/metrics/_classification.py:1509: UndefinedMetricWarning: Precision is ill-defined and being set to 0.0 in labels with no predicted samples. Use `zero_division` parameter to control this behavior.
  _warn_prf(average, modifier, f"{metric.capitalize()} is", len(result))

2025-08-08 20:08:45,300:WARNING:/workspaces/TechCatalyst_DE_2025/pycaret_env/lib/python3.11/site-packages/sklearn/metrics/_classification.py:1561: UserWarning: Note that pos_label (set to 'Yes') is ignored when average != 'binary' (got 'weighted'). You may use labels=[pos_label] to specify a single positive class.
  warnings.warn(

2025-08-08 20:08:45,302:WARNING:/workspaces/TechCatalyst_DE_2025/pycaret_env/lib/python3.11/site-packages/sklearn/metrics/_classification.py:1561: UserWarning: Note that pos_label (set to 'Yes') is ignored when average != 'binary' (got 'weighted'). You may use labels=[pos_label] to specify a single positive class.
  warnings.warn(

2025-08-08 20:08:45,603:WARNING:/workspaces/TechCatalyst_DE_2025/pycaret_env/lib/python3.11/site-packages/sklearn/discriminant_analysis.py:935: UserWarning: Variables are collinear
  warnings.warn("Variables are collinear")

2025-08-08 20:08:45,624:WARNING:/workspaces/TechCatalyst_DE_2025/pycaret_env/lib/python3.11/site-packages/sklearn/discriminant_analysis.py:935: UserWarning: Variables are collinear
  warnings.warn("Variables are collinear")

2025-08-08 20:08:45,684:WARNING:/workspaces/TechCatalyst_DE_2025/pycaret_env/lib/python3.11/site-packages/sklearn/metrics/_classification.py:1561: UserWarning: Note that pos_label (set to 'Yes') is ignored when average != 'binary' (got 'weighted'). You may use labels=[pos_label] to specify a single positive class.
  warnings.warn(

2025-08-08 20:08:45,690:WARNING:/workspaces/TechCatalyst_DE_2025/pycaret_env/lib/python3.11/site-packages/sklearn/metrics/_classification.py:1561: UserWarning: Note that pos_label (set to 'Yes') is ignored when average != 'binary' (got 'weighted'). You may use labels=[pos_label] to specify a single positive class.
  warnings.warn(

2025-08-08 20:08:45,694:WARNING:/workspaces/TechCatalyst_DE_2025/pycaret_env/lib/python3.11/site-packages/sklearn/metrics/_classification.py:1509: UndefinedMetricWarning: Precision is ill-defined and being set to 0.0 in labels with no predicted samples. Use `zero_division` parameter to control this behavior.
  _warn_prf(average, modifier, f"{metric.capitalize()} is", len(result))

2025-08-08 20:08:45,697:WARNING:/workspaces/TechCatalyst_DE_2025/pycaret_env/lib/python3.11/site-packages/sklearn/metrics/_classification.py:1561: UserWarning: Note that pos_label (set to 'Yes') is ignored when average != 'binary' (got 'weighted'). You may use labels=[pos_label] to specify a single positive class.
  warnings.warn(

2025-08-08 20:08:45,702:WARNING:/workspaces/TechCatalyst_DE_2025/pycaret_env/lib/python3.11/site-packages/sklearn/metrics/_classification.py:1561: UserWarning: Note that pos_label (set to 'Yes') is ignored when average != 'binary' (got 'weighted'). You may use labels=[pos_label] to specify a single positive class.
  warnings.warn(

2025-08-08 20:08:45,708:WARNING:/workspaces/TechCatalyst_DE_2025/pycaret_env/lib/python3.11/site-packages/sklearn/metrics/_classification.py:1561: UserWarning: Note that pos_label (set to 'Yes') is ignored when average != 'binary' (got 'weighted'). You may use labels=[pos_label] to specify a single positive class.
  warnings.warn(

2025-08-08 20:08:45,710:WARNING:/workspaces/TechCatalyst_DE_2025/pycaret_env/lib/python3.11/site-packages/sklearn/metrics/_classification.py:1509: UndefinedMetricWarning: Precision is ill-defined and being set to 0.0 in labels with no predicted samples. Use `zero_division` parameter to control this behavior.
  _warn_prf(average, modifier, f"{metric.capitalize()} is", len(result))

2025-08-08 20:08:45,712:WARNING:/workspaces/TechCatalyst_DE_2025/pycaret_env/lib/python3.11/site-packages/sklearn/metrics/_classification.py:1561: UserWarning: Note that pos_label (set to 'Yes') is ignored when average != 'binary' (got 'weighted'). You may use labels=[pos_label] to specify a single positive class.
  warnings.warn(

2025-08-08 20:08:45,726:INFO:Calculating mean and std
2025-08-08 20:08:45,727:INFO:Creating metrics dataframe
2025-08-08 20:08:45,730:INFO:Uploading results into container
2025-08-08 20:08:45,731:INFO:Uploading model into container now
2025-08-08 20:08:45,731:INFO:_master_model_container: 8
2025-08-08 20:08:45,731:INFO:_display_container: 2
2025-08-08 20:08:45,731:INFO:QuadraticDiscriminantAnalysis(priors=None, reg_param=0.0,
                              store_covariance=False, tol=0.0001)
2025-08-08 20:08:45,731:INFO:create_model() successfully completed......................................
2025-08-08 20:08:45,924:INFO:SubProcess create_model() end ==================================
2025-08-08 20:08:45,924:INFO:Creating metrics dataframe
2025-08-08 20:08:45,933:INFO:Initializing Ada Boost Classifier
2025-08-08 20:08:45,933:INFO:Total runtime is 0.4093801299730937 minutes
2025-08-08 20:08:45,936:INFO:SubProcess create_model() called ==================================
2025-08-08 20:08:45,936:INFO:Initializing create_model()
2025-08-08 20:08:45,936:INFO:create_model(self=<pycaret.classification.oop.ClassificationExperiment object at 0x7bdcd0784450>, estimator=ada, fold=StratifiedKFold(n_splits=10, random_state=None, shuffle=False), round=4, cross_validation=True, predict=True, fit_kwargs={}, groups=None, refit=False, probability_threshold=None, experiment_custom_tags=None, verbose=False, system=False, add_to_model_list=True, metrics=None, display=<pycaret.internal.display.display.CommonDisplay object at 0x7bdc9b2a5d10>, model_only=True, return_train_score=False, error_score=0.0, kwargs={})
2025-08-08 20:08:45,937:INFO:Checking exceptions
2025-08-08 20:08:45,937:INFO:Importing libraries
2025-08-08 20:08:45,937:INFO:Copying training dataset
2025-08-08 20:08:45,944:INFO:Defining folds
2025-08-08 20:08:45,945:INFO:Declaring metric variables
2025-08-08 20:08:45,948:INFO:Importing untrained model
2025-08-08 20:08:45,951:INFO:Ada Boost Classifier Imported successfully
2025-08-08 20:08:45,959:INFO:Starting cross validation
2025-08-08 20:08:45,963:INFO:Cross validating with StratifiedKFold(n_splits=10, random_state=None, shuffle=False), n_jobs=-1
2025-08-08 20:08:46,354:WARNING:/workspaces/TechCatalyst_DE_2025/pycaret_env/lib/python3.11/site-packages/sklearn/ensemble/_weight_boosting.py:519: FutureWarning: The SAMME.R algorithm (the default) is deprecated and will be removed in 1.6. Use the SAMME algorithm to circumvent this warning.
  warnings.warn(

2025-08-08 20:08:46,369:WARNING:/workspaces/TechCatalyst_DE_2025/pycaret_env/lib/python3.11/site-packages/sklearn/ensemble/_weight_boosting.py:519: FutureWarning: The SAMME.R algorithm (the default) is deprecated and will be removed in 1.6. Use the SAMME algorithm to circumvent this warning.
  warnings.warn(

2025-08-08 20:08:46,444:WARNING:/workspaces/TechCatalyst_DE_2025/pycaret_env/lib/python3.11/site-packages/sklearn/metrics/_classification.py:1561: UserWarning: Note that pos_label (set to 'Yes') is ignored when average != 'binary' (got 'weighted'). You may use labels=[pos_label] to specify a single positive class.
  warnings.warn(

2025-08-08 20:08:46,450:WARNING:/workspaces/TechCatalyst_DE_2025/pycaret_env/lib/python3.11/site-packages/sklearn/metrics/_classification.py:1561: UserWarning: Note that pos_label (set to 'Yes') is ignored when average != 'binary' (got 'weighted'). You may use labels=[pos_label] to specify a single positive class.
  warnings.warn(

2025-08-08 20:08:46,452:WARNING:/workspaces/TechCatalyst_DE_2025/pycaret_env/lib/python3.11/site-packages/sklearn/metrics/_classification.py:1561: UserWarning: Note that pos_label (set to 'Yes') is ignored when average != 'binary' (got 'weighted'). You may use labels=[pos_label] to specify a single positive class.
  warnings.warn(

2025-08-08 20:08:46,453:WARNING:/workspaces/TechCatalyst_DE_2025/pycaret_env/lib/python3.11/site-packages/sklearn/metrics/_classification.py:1509: UndefinedMetricWarning: Precision is ill-defined and being set to 0.0 in labels with no predicted samples. Use `zero_division` parameter to control this behavior.
  _warn_prf(average, modifier, f"{metric.capitalize()} is", len(result))

2025-08-08 20:08:46,456:WARNING:/workspaces/TechCatalyst_DE_2025/pycaret_env/lib/python3.11/site-packages/sklearn/metrics/_classification.py:1561: UserWarning: Note that pos_label (set to 'Yes') is ignored when average != 'binary' (got 'weighted'). You may use labels=[pos_label] to specify a single positive class.
  warnings.warn(

2025-08-08 20:08:46,457:WARNING:/workspaces/TechCatalyst_DE_2025/pycaret_env/lib/python3.11/site-packages/sklearn/metrics/_classification.py:1561: UserWarning: Note that pos_label (set to 'Yes') is ignored when average != 'binary' (got 'weighted'). You may use labels=[pos_label] to specify a single positive class.
  warnings.warn(

2025-08-08 20:08:46,460:WARNING:/workspaces/TechCatalyst_DE_2025/pycaret_env/lib/python3.11/site-packages/sklearn/metrics/_classification.py:1509: UndefinedMetricWarning: Precision is ill-defined and being set to 0.0 in labels with no predicted samples. Use `zero_division` parameter to control this behavior.
  _warn_prf(average, modifier, f"{metric.capitalize()} is", len(result))

2025-08-08 20:08:46,463:WARNING:/workspaces/TechCatalyst_DE_2025/pycaret_env/lib/python3.11/site-packages/sklearn/metrics/_classification.py:1561: UserWarning: Note that pos_label (set to 'Yes') is ignored when average != 'binary' (got 'weighted'). You may use labels=[pos_label] to specify a single positive class.
  warnings.warn(

2025-08-08 20:08:46,737:WARNING:/workspaces/TechCatalyst_DE_2025/pycaret_env/lib/python3.11/site-packages/sklearn/ensemble/_weight_boosting.py:519: FutureWarning: The SAMME.R algorithm (the default) is deprecated and will be removed in 1.6. Use the SAMME algorithm to circumvent this warning.
  warnings.warn(

2025-08-08 20:08:46,748:WARNING:/workspaces/TechCatalyst_DE_2025/pycaret_env/lib/python3.11/site-packages/sklearn/ensemble/_weight_boosting.py:519: FutureWarning: The SAMME.R algorithm (the default) is deprecated and will be removed in 1.6. Use the SAMME algorithm to circumvent this warning.
  warnings.warn(

2025-08-08 20:08:46,818:WARNING:/workspaces/TechCatalyst_DE_2025/pycaret_env/lib/python3.11/site-packages/sklearn/metrics/_classification.py:1561: UserWarning: Note that pos_label (set to 'Yes') is ignored when average != 'binary' (got 'weighted'). You may use labels=[pos_label] to specify a single positive class.
  warnings.warn(

2025-08-08 20:08:46,825:WARNING:/workspaces/TechCatalyst_DE_2025/pycaret_env/lib/python3.11/site-packages/sklearn/metrics/_classification.py:1561: UserWarning: Note that pos_label (set to 'Yes') is ignored when average != 'binary' (got 'weighted'). You may use labels=[pos_label] to specify a single positive class.
  warnings.warn(

2025-08-08 20:08:46,828:WARNING:/workspaces/TechCatalyst_DE_2025/pycaret_env/lib/python3.11/site-packages/sklearn/metrics/_classification.py:1509: UndefinedMetricWarning: Precision is ill-defined and being set to 0.0 in labels with no predicted samples. Use `zero_division` parameter to control this behavior.
  _warn_prf(average, modifier, f"{metric.capitalize()} is", len(result))

2025-08-08 20:08:46,831:WARNING:/workspaces/TechCatalyst_DE_2025/pycaret_env/lib/python3.11/site-packages/sklearn/metrics/_classification.py:1561: UserWarning: Note that pos_label (set to 'Yes') is ignored when average != 'binary' (got 'weighted'). You may use labels=[pos_label] to specify a single positive class.
  warnings.warn(

2025-08-08 20:08:46,836:WARNING:/workspaces/TechCatalyst_DE_2025/pycaret_env/lib/python3.11/site-packages/sklearn/metrics/_classification.py:1561: UserWarning: Note that pos_label (set to 'Yes') is ignored when average != 'binary' (got 'weighted'). You may use labels=[pos_label] to specify a single positive class.
  warnings.warn(

2025-08-08 20:08:46,842:WARNING:/workspaces/TechCatalyst_DE_2025/pycaret_env/lib/python3.11/site-packages/sklearn/metrics/_classification.py:1561: UserWarning: Note that pos_label (set to 'Yes') is ignored when average != 'binary' (got 'weighted'). You may use labels=[pos_label] to specify a single positive class.
  warnings.warn(

2025-08-08 20:08:46,845:WARNING:/workspaces/TechCatalyst_DE_2025/pycaret_env/lib/python3.11/site-packages/sklearn/metrics/_classification.py:1509: UndefinedMetricWarning: Precision is ill-defined and being set to 0.0 in labels with no predicted samples. Use `zero_division` parameter to control this behavior.
  _warn_prf(average, modifier, f"{metric.capitalize()} is", len(result))

2025-08-08 20:08:46,848:WARNING:/workspaces/TechCatalyst_DE_2025/pycaret_env/lib/python3.11/site-packages/sklearn/metrics/_classification.py:1561: UserWarning: Note that pos_label (set to 'Yes') is ignored when average != 'binary' (got 'weighted'). You may use labels=[pos_label] to specify a single positive class.
  warnings.warn(

2025-08-08 20:08:47,196:WARNING:/workspaces/TechCatalyst_DE_2025/pycaret_env/lib/python3.11/site-packages/sklearn/ensemble/_weight_boosting.py:519: FutureWarning: The SAMME.R algorithm (the default) is deprecated and will be removed in 1.6. Use the SAMME algorithm to circumvent this warning.
  warnings.warn(

2025-08-08 20:08:47,238:WARNING:/workspaces/TechCatalyst_DE_2025/pycaret_env/lib/python3.11/site-packages/sklearn/ensemble/_weight_boosting.py:519: FutureWarning: The SAMME.R algorithm (the default) is deprecated and will be removed in 1.6. Use the SAMME algorithm to circumvent this warning.
  warnings.warn(

2025-08-08 20:08:47,327:WARNING:/workspaces/TechCatalyst_DE_2025/pycaret_env/lib/python3.11/site-packages/sklearn/metrics/_classification.py:1561: UserWarning: Note that pos_label (set to 'Yes') is ignored when average != 'binary' (got 'weighted'). You may use labels=[pos_label] to specify a single positive class.
  warnings.warn(

2025-08-08 20:08:47,328:WARNING:/workspaces/TechCatalyst_DE_2025/pycaret_env/lib/python3.11/site-packages/sklearn/metrics/_classification.py:1561: UserWarning: Note that pos_label (set to 'Yes') is ignored when average != 'binary' (got 'weighted'). You may use labels=[pos_label] to specify a single positive class.
  warnings.warn(

2025-08-08 20:08:47,333:WARNING:/workspaces/TechCatalyst_DE_2025/pycaret_env/lib/python3.11/site-packages/sklearn/metrics/_classification.py:1561: UserWarning: Note that pos_label (set to 'Yes') is ignored when average != 'binary' (got 'weighted'). You may use labels=[pos_label] to specify a single positive class.
  warnings.warn(

2025-08-08 20:08:47,334:WARNING:/workspaces/TechCatalyst_DE_2025/pycaret_env/lib/python3.11/site-packages/sklearn/metrics/_classification.py:1561: UserWarning: Note that pos_label (set to 'Yes') is ignored when average != 'binary' (got 'weighted'). You may use labels=[pos_label] to specify a single positive class.
  warnings.warn(

2025-08-08 20:08:47,336:WARNING:/workspaces/TechCatalyst_DE_2025/pycaret_env/lib/python3.11/site-packages/sklearn/metrics/_classification.py:1509: UndefinedMetricWarning: Precision is ill-defined and being set to 0.0 in labels with no predicted samples. Use `zero_division` parameter to control this behavior.
  _warn_prf(average, modifier, f"{metric.capitalize()} is", len(result))

2025-08-08 20:08:47,337:WARNING:/workspaces/TechCatalyst_DE_2025/pycaret_env/lib/python3.11/site-packages/sklearn/metrics/_classification.py:1509: UndefinedMetricWarning: Precision is ill-defined and being set to 0.0 in labels with no predicted samples. Use `zero_division` parameter to control this behavior.
  _warn_prf(average, modifier, f"{metric.capitalize()} is", len(result))

2025-08-08 20:08:47,339:WARNING:/workspaces/TechCatalyst_DE_2025/pycaret_env/lib/python3.11/site-packages/sklearn/metrics/_classification.py:1561: UserWarning: Note that pos_label (set to 'Yes') is ignored when average != 'binary' (got 'weighted'). You may use labels=[pos_label] to specify a single positive class.
  warnings.warn(

2025-08-08 20:08:47,340:WARNING:/workspaces/TechCatalyst_DE_2025/pycaret_env/lib/python3.11/site-packages/sklearn/metrics/_classification.py:1561: UserWarning: Note that pos_label (set to 'Yes') is ignored when average != 'binary' (got 'weighted'). You may use labels=[pos_label] to specify a single positive class.
  warnings.warn(

2025-08-08 20:08:47,641:WARNING:/workspaces/TechCatalyst_DE_2025/pycaret_env/lib/python3.11/site-packages/sklearn/ensemble/_weight_boosting.py:519: FutureWarning: The SAMME.R algorithm (the default) is deprecated and will be removed in 1.6. Use the SAMME algorithm to circumvent this warning.
  warnings.warn(

2025-08-08 20:08:47,648:WARNING:/workspaces/TechCatalyst_DE_2025/pycaret_env/lib/python3.11/site-packages/sklearn/ensemble/_weight_boosting.py:519: FutureWarning: The SAMME.R algorithm (the default) is deprecated and will be removed in 1.6. Use the SAMME algorithm to circumvent this warning.
  warnings.warn(

2025-08-08 20:08:47,733:WARNING:/workspaces/TechCatalyst_DE_2025/pycaret_env/lib/python3.11/site-packages/sklearn/metrics/_classification.py:1561: UserWarning: Note that pos_label (set to 'Yes') is ignored when average != 'binary' (got 'weighted'). You may use labels=[pos_label] to specify a single positive class.
  warnings.warn(

2025-08-08 20:08:47,741:WARNING:/workspaces/TechCatalyst_DE_2025/pycaret_env/lib/python3.11/site-packages/sklearn/metrics/_classification.py:1561: UserWarning: Note that pos_label (set to 'Yes') is ignored when average != 'binary' (got 'weighted'). You may use labels=[pos_label] to specify a single positive class.
  warnings.warn(

2025-08-08 20:08:47,743:WARNING:/workspaces/TechCatalyst_DE_2025/pycaret_env/lib/python3.11/site-packages/sklearn/metrics/_classification.py:1561: UserWarning: Note that pos_label (set to 'Yes') is ignored when average != 'binary' (got 'weighted'). You may use labels=[pos_label] to specify a single positive class.
  warnings.warn(

2025-08-08 20:08:47,745:WARNING:/workspaces/TechCatalyst_DE_2025/pycaret_env/lib/python3.11/site-packages/sklearn/metrics/_classification.py:1509: UndefinedMetricWarning: Precision is ill-defined and being set to 0.0 in labels with no predicted samples. Use `zero_division` parameter to control this behavior.
  _warn_prf(average, modifier, f"{metric.capitalize()} is", len(result))

2025-08-08 20:08:47,748:WARNING:/workspaces/TechCatalyst_DE_2025/pycaret_env/lib/python3.11/site-packages/sklearn/metrics/_classification.py:1561: UserWarning: Note that pos_label (set to 'Yes') is ignored when average != 'binary' (got 'weighted'). You may use labels=[pos_label] to specify a single positive class.
  warnings.warn(

2025-08-08 20:08:47,749:WARNING:/workspaces/TechCatalyst_DE_2025/pycaret_env/lib/python3.11/site-packages/sklearn/metrics/_classification.py:1561: UserWarning: Note that pos_label (set to 'Yes') is ignored when average != 'binary' (got 'weighted'). You may use labels=[pos_label] to specify a single positive class.
  warnings.warn(

2025-08-08 20:08:47,752:WARNING:/workspaces/TechCatalyst_DE_2025/pycaret_env/lib/python3.11/site-packages/sklearn/metrics/_classification.py:1509: UndefinedMetricWarning: Precision is ill-defined and being set to 0.0 in labels with no predicted samples. Use `zero_division` parameter to control this behavior.
  _warn_prf(average, modifier, f"{metric.capitalize()} is", len(result))

2025-08-08 20:08:47,755:WARNING:/workspaces/TechCatalyst_DE_2025/pycaret_env/lib/python3.11/site-packages/sklearn/metrics/_classification.py:1561: UserWarning: Note that pos_label (set to 'Yes') is ignored when average != 'binary' (got 'weighted'). You may use labels=[pos_label] to specify a single positive class.
  warnings.warn(

2025-08-08 20:08:48,035:WARNING:/workspaces/TechCatalyst_DE_2025/pycaret_env/lib/python3.11/site-packages/sklearn/ensemble/_weight_boosting.py:519: FutureWarning: The SAMME.R algorithm (the default) is deprecated and will be removed in 1.6. Use the SAMME algorithm to circumvent this warning.
  warnings.warn(

2025-08-08 20:08:48,044:WARNING:/workspaces/TechCatalyst_DE_2025/pycaret_env/lib/python3.11/site-packages/sklearn/ensemble/_weight_boosting.py:519: FutureWarning: The SAMME.R algorithm (the default) is deprecated and will be removed in 1.6. Use the SAMME algorithm to circumvent this warning.
  warnings.warn(

2025-08-08 20:08:48,117:WARNING:/workspaces/TechCatalyst_DE_2025/pycaret_env/lib/python3.11/site-packages/sklearn/metrics/_classification.py:1561: UserWarning: Note that pos_label (set to 'Yes') is ignored when average != 'binary' (got 'weighted'). You may use labels=[pos_label] to specify a single positive class.
  warnings.warn(

2025-08-08 20:08:48,123:WARNING:/workspaces/TechCatalyst_DE_2025/pycaret_env/lib/python3.11/site-packages/sklearn/metrics/_classification.py:1561: UserWarning: Note that pos_label (set to 'Yes') is ignored when average != 'binary' (got 'weighted'). You may use labels=[pos_label] to specify a single positive class.
  warnings.warn(

2025-08-08 20:08:48,126:WARNING:/workspaces/TechCatalyst_DE_2025/pycaret_env/lib/python3.11/site-packages/sklearn/metrics/_classification.py:1509: UndefinedMetricWarning: Precision is ill-defined and being set to 0.0 in labels with no predicted samples. Use `zero_division` parameter to control this behavior.
  _warn_prf(average, modifier, f"{metric.capitalize()} is", len(result))

2025-08-08 20:08:48,129:WARNING:/workspaces/TechCatalyst_DE_2025/pycaret_env/lib/python3.11/site-packages/sklearn/metrics/_classification.py:1561: UserWarning: Note that pos_label (set to 'Yes') is ignored when average != 'binary' (got 'weighted'). You may use labels=[pos_label] to specify a single positive class.
  warnings.warn(

2025-08-08 20:08:48,138:WARNING:/workspaces/TechCatalyst_DE_2025/pycaret_env/lib/python3.11/site-packages/sklearn/metrics/_classification.py:1561: UserWarning: Note that pos_label (set to 'Yes') is ignored when average != 'binary' (got 'weighted'). You may use labels=[pos_label] to specify a single positive class.
  warnings.warn(

2025-08-08 20:08:48,142:WARNING:/workspaces/TechCatalyst_DE_2025/pycaret_env/lib/python3.11/site-packages/sklearn/metrics/_classification.py:1561: UserWarning: Note that pos_label (set to 'Yes') is ignored when average != 'binary' (got 'weighted'). You may use labels=[pos_label] to specify a single positive class.
  warnings.warn(

2025-08-08 20:08:48,144:WARNING:/workspaces/TechCatalyst_DE_2025/pycaret_env/lib/python3.11/site-packages/sklearn/metrics/_classification.py:1509: UndefinedMetricWarning: Precision is ill-defined and being set to 0.0 in labels with no predicted samples. Use `zero_division` parameter to control this behavior.
  _warn_prf(average, modifier, f"{metric.capitalize()} is", len(result))

2025-08-08 20:08:48,146:WARNING:/workspaces/TechCatalyst_DE_2025/pycaret_env/lib/python3.11/site-packages/sklearn/metrics/_classification.py:1561: UserWarning: Note that pos_label (set to 'Yes') is ignored when average != 'binary' (got 'weighted'). You may use labels=[pos_label] to specify a single positive class.
  warnings.warn(

2025-08-08 20:08:48,162:INFO:Calculating mean and std
2025-08-08 20:08:48,163:INFO:Creating metrics dataframe
2025-08-08 20:08:48,165:INFO:Uploading results into container
2025-08-08 20:08:48,165:INFO:Uploading model into container now
2025-08-08 20:08:48,166:INFO:_master_model_container: 9
2025-08-08 20:08:48,166:INFO:_display_container: 2
2025-08-08 20:08:48,166:INFO:AdaBoostClassifier(algorithm='SAMME.R', estimator=None, learning_rate=1.0,
                   n_estimators=50, random_state=42)
2025-08-08 20:08:48,167:INFO:create_model() successfully completed......................................
2025-08-08 20:08:48,360:INFO:SubProcess create_model() end ==================================
2025-08-08 20:08:48,360:INFO:Creating metrics dataframe
2025-08-08 20:08:48,368:INFO:Initializing Gradient Boosting Classifier
2025-08-08 20:08:48,369:INFO:Total runtime is 0.44997226397196455 minutes
2025-08-08 20:08:48,372:INFO:SubProcess create_model() called ==================================
2025-08-08 20:08:48,372:INFO:Initializing create_model()
2025-08-08 20:08:48,372:INFO:create_model(self=<pycaret.classification.oop.ClassificationExperiment object at 0x7bdcd0784450>, estimator=gbc, fold=StratifiedKFold(n_splits=10, random_state=None, shuffle=False), round=4, cross_validation=True, predict=True, fit_kwargs={}, groups=None, refit=False, probability_threshold=None, experiment_custom_tags=None, verbose=False, system=False, add_to_model_list=True, metrics=None, display=<pycaret.internal.display.display.CommonDisplay object at 0x7bdc9b2a5d10>, model_only=True, return_train_score=False, error_score=0.0, kwargs={})
2025-08-08 20:08:48,372:INFO:Checking exceptions
2025-08-08 20:08:48,372:INFO:Importing libraries
2025-08-08 20:08:48,373:INFO:Copying training dataset
2025-08-08 20:08:48,379:INFO:Defining folds
2025-08-08 20:08:48,379:INFO:Declaring metric variables
2025-08-08 20:08:48,383:INFO:Importing untrained model
2025-08-08 20:08:48,388:INFO:Gradient Boosting Classifier Imported successfully
2025-08-08 20:08:48,413:INFO:Starting cross validation
2025-08-08 20:08:48,422:INFO:Cross validating with StratifiedKFold(n_splits=10, random_state=None, shuffle=False), n_jobs=-1
2025-08-08 20:08:49,202:WARNING:/workspaces/TechCatalyst_DE_2025/pycaret_env/lib/python3.11/site-packages/sklearn/metrics/_classification.py:1561: UserWarning: Note that pos_label (set to 'Yes') is ignored when average != 'binary' (got 'weighted'). You may use labels=[pos_label] to specify a single positive class.
  warnings.warn(

2025-08-08 20:08:49,208:WARNING:/workspaces/TechCatalyst_DE_2025/pycaret_env/lib/python3.11/site-packages/sklearn/metrics/_classification.py:1561: UserWarning: Note that pos_label (set to 'Yes') is ignored when average != 'binary' (got 'weighted'). You may use labels=[pos_label] to specify a single positive class.
  warnings.warn(

2025-08-08 20:08:49,209:WARNING:/workspaces/TechCatalyst_DE_2025/pycaret_env/lib/python3.11/site-packages/sklearn/metrics/_classification.py:1561: UserWarning: Note that pos_label (set to 'Yes') is ignored when average != 'binary' (got 'weighted'). You may use labels=[pos_label] to specify a single positive class.
  warnings.warn(

2025-08-08 20:08:49,211:WARNING:/workspaces/TechCatalyst_DE_2025/pycaret_env/lib/python3.11/site-packages/sklearn/metrics/_classification.py:1509: UndefinedMetricWarning: Precision is ill-defined and being set to 0.0 in labels with no predicted samples. Use `zero_division` parameter to control this behavior.
  _warn_prf(average, modifier, f"{metric.capitalize()} is", len(result))

2025-08-08 20:08:49,214:WARNING:/workspaces/TechCatalyst_DE_2025/pycaret_env/lib/python3.11/site-packages/sklearn/metrics/_classification.py:1561: UserWarning: Note that pos_label (set to 'Yes') is ignored when average != 'binary' (got 'weighted'). You may use labels=[pos_label] to specify a single positive class.
  warnings.warn(

2025-08-08 20:08:49,215:WARNING:/workspaces/TechCatalyst_DE_2025/pycaret_env/lib/python3.11/site-packages/sklearn/metrics/_classification.py:1561: UserWarning: Note that pos_label (set to 'Yes') is ignored when average != 'binary' (got 'weighted'). You may use labels=[pos_label] to specify a single positive class.
  warnings.warn(

2025-08-08 20:08:49,218:WARNING:/workspaces/TechCatalyst_DE_2025/pycaret_env/lib/python3.11/site-packages/sklearn/metrics/_classification.py:1509: UndefinedMetricWarning: Precision is ill-defined and being set to 0.0 in labels with no predicted samples. Use `zero_division` parameter to control this behavior.
  _warn_prf(average, modifier, f"{metric.capitalize()} is", len(result))

2025-08-08 20:08:49,221:WARNING:/workspaces/TechCatalyst_DE_2025/pycaret_env/lib/python3.11/site-packages/sklearn/metrics/_classification.py:1561: UserWarning: Note that pos_label (set to 'Yes') is ignored when average != 'binary' (got 'weighted'). You may use labels=[pos_label] to specify a single positive class.
  warnings.warn(

2025-08-08 20:08:50,020:WARNING:/workspaces/TechCatalyst_DE_2025/pycaret_env/lib/python3.11/site-packages/sklearn/metrics/_classification.py:1561: UserWarning: Note that pos_label (set to 'Yes') is ignored when average != 'binary' (got 'weighted'). You may use labels=[pos_label] to specify a single positive class.
  warnings.warn(

2025-08-08 20:08:50,024:WARNING:/workspaces/TechCatalyst_DE_2025/pycaret_env/lib/python3.11/site-packages/sklearn/metrics/_classification.py:1561: UserWarning: Note that pos_label (set to 'Yes') is ignored when average != 'binary' (got 'weighted'). You may use labels=[pos_label] to specify a single positive class.
  warnings.warn(

2025-08-08 20:08:50,026:WARNING:/workspaces/TechCatalyst_DE_2025/pycaret_env/lib/python3.11/site-packages/sklearn/metrics/_classification.py:1561: UserWarning: Note that pos_label (set to 'Yes') is ignored when average != 'binary' (got 'weighted'). You may use labels=[pos_label] to specify a single positive class.
  warnings.warn(

2025-08-08 20:08:50,030:WARNING:/workspaces/TechCatalyst_DE_2025/pycaret_env/lib/python3.11/site-packages/sklearn/metrics/_classification.py:1509: UndefinedMetricWarning: Precision is ill-defined and being set to 0.0 in labels with no predicted samples. Use `zero_division` parameter to control this behavior.
  _warn_prf(average, modifier, f"{metric.capitalize()} is", len(result))

2025-08-08 20:08:50,031:WARNING:/workspaces/TechCatalyst_DE_2025/pycaret_env/lib/python3.11/site-packages/sklearn/metrics/_classification.py:1561: UserWarning: Note that pos_label (set to 'Yes') is ignored when average != 'binary' (got 'weighted'). You may use labels=[pos_label] to specify a single positive class.
  warnings.warn(

2025-08-08 20:08:50,033:WARNING:/workspaces/TechCatalyst_DE_2025/pycaret_env/lib/python3.11/site-packages/sklearn/metrics/_classification.py:1561: UserWarning: Note that pos_label (set to 'Yes') is ignored when average != 'binary' (got 'weighted'). You may use labels=[pos_label] to specify a single positive class.
  warnings.warn(

2025-08-08 20:08:50,034:WARNING:/workspaces/TechCatalyst_DE_2025/pycaret_env/lib/python3.11/site-packages/sklearn/metrics/_classification.py:1509: UndefinedMetricWarning: Precision is ill-defined and being set to 0.0 in labels with no predicted samples. Use `zero_division` parameter to control this behavior.
  _warn_prf(average, modifier, f"{metric.capitalize()} is", len(result))

2025-08-08 20:08:50,038:WARNING:/workspaces/TechCatalyst_DE_2025/pycaret_env/lib/python3.11/site-packages/sklearn/metrics/_classification.py:1561: UserWarning: Note that pos_label (set to 'Yes') is ignored when average != 'binary' (got 'weighted'). You may use labels=[pos_label] to specify a single positive class.
  warnings.warn(

2025-08-08 20:08:50,885:WARNING:/workspaces/TechCatalyst_DE_2025/pycaret_env/lib/python3.11/site-packages/sklearn/metrics/_classification.py:1561: UserWarning: Note that pos_label (set to 'Yes') is ignored when average != 'binary' (got 'weighted'). You may use labels=[pos_label] to specify a single positive class.
  warnings.warn(

2025-08-08 20:08:50,892:WARNING:/workspaces/TechCatalyst_DE_2025/pycaret_env/lib/python3.11/site-packages/sklearn/metrics/_classification.py:1561: UserWarning: Note that pos_label (set to 'Yes') is ignored when average != 'binary' (got 'weighted'). You may use labels=[pos_label] to specify a single positive class.
  warnings.warn(

2025-08-08 20:08:50,895:WARNING:/workspaces/TechCatalyst_DE_2025/pycaret_env/lib/python3.11/site-packages/sklearn/metrics/_classification.py:1509: UndefinedMetricWarning: Precision is ill-defined and being set to 0.0 in labels with no predicted samples. Use `zero_division` parameter to control this behavior.
  _warn_prf(average, modifier, f"{metric.capitalize()} is", len(result))

2025-08-08 20:08:50,898:WARNING:/workspaces/TechCatalyst_DE_2025/pycaret_env/lib/python3.11/site-packages/sklearn/metrics/_classification.py:1561: UserWarning: Note that pos_label (set to 'Yes') is ignored when average != 'binary' (got 'weighted'). You may use labels=[pos_label] to specify a single positive class.
  warnings.warn(

2025-08-08 20:08:50,905:WARNING:/workspaces/TechCatalyst_DE_2025/pycaret_env/lib/python3.11/site-packages/sklearn/metrics/_classification.py:1561: UserWarning: Note that pos_label (set to 'Yes') is ignored when average != 'binary' (got 'weighted'). You may use labels=[pos_label] to specify a single positive class.
  warnings.warn(

2025-08-08 20:08:50,913:WARNING:/workspaces/TechCatalyst_DE_2025/pycaret_env/lib/python3.11/site-packages/sklearn/metrics/_classification.py:1561: UserWarning: Note that pos_label (set to 'Yes') is ignored when average != 'binary' (got 'weighted'). You may use labels=[pos_label] to specify a single positive class.
  warnings.warn(

2025-08-08 20:08:50,916:WARNING:/workspaces/TechCatalyst_DE_2025/pycaret_env/lib/python3.11/site-packages/sklearn/metrics/_classification.py:1509: UndefinedMetricWarning: Precision is ill-defined and being set to 0.0 in labels with no predicted samples. Use `zero_division` parameter to control this behavior.
  _warn_prf(average, modifier, f"{metric.capitalize()} is", len(result))

2025-08-08 20:08:50,919:WARNING:/workspaces/TechCatalyst_DE_2025/pycaret_env/lib/python3.11/site-packages/sklearn/metrics/_classification.py:1561: UserWarning: Note that pos_label (set to 'Yes') is ignored when average != 'binary' (got 'weighted'). You may use labels=[pos_label] to specify a single positive class.
  warnings.warn(

2025-08-08 20:08:51,630:WARNING:/workspaces/TechCatalyst_DE_2025/pycaret_env/lib/python3.11/site-packages/sklearn/metrics/_classification.py:1561: UserWarning: Note that pos_label (set to 'Yes') is ignored when average != 'binary' (got 'weighted'). You may use labels=[pos_label] to specify a single positive class.
  warnings.warn(

2025-08-08 20:08:51,637:WARNING:/workspaces/TechCatalyst_DE_2025/pycaret_env/lib/python3.11/site-packages/sklearn/metrics/_classification.py:1561: UserWarning: Note that pos_label (set to 'Yes') is ignored when average != 'binary' (got 'weighted'). You may use labels=[pos_label] to specify a single positive class.
  warnings.warn(

2025-08-08 20:08:51,640:WARNING:/workspaces/TechCatalyst_DE_2025/pycaret_env/lib/python3.11/site-packages/sklearn/metrics/_classification.py:1509: UndefinedMetricWarning: Precision is ill-defined and being set to 0.0 in labels with no predicted samples. Use `zero_division` parameter to control this behavior.
  _warn_prf(average, modifier, f"{metric.capitalize()} is", len(result))

2025-08-08 20:08:51,643:WARNING:/workspaces/TechCatalyst_DE_2025/pycaret_env/lib/python3.11/site-packages/sklearn/metrics/_classification.py:1561: UserWarning: Note that pos_label (set to 'Yes') is ignored when average != 'binary' (got 'weighted'). You may use labels=[pos_label] to specify a single positive class.
  warnings.warn(

2025-08-08 20:08:51,709:WARNING:/workspaces/TechCatalyst_DE_2025/pycaret_env/lib/python3.11/site-packages/sklearn/metrics/_classification.py:1561: UserWarning: Note that pos_label (set to 'Yes') is ignored when average != 'binary' (got 'weighted'). You may use labels=[pos_label] to specify a single positive class.
  warnings.warn(

2025-08-08 20:08:51,715:WARNING:/workspaces/TechCatalyst_DE_2025/pycaret_env/lib/python3.11/site-packages/sklearn/metrics/_classification.py:1561: UserWarning: Note that pos_label (set to 'Yes') is ignored when average != 'binary' (got 'weighted'). You may use labels=[pos_label] to specify a single positive class.
  warnings.warn(

2025-08-08 20:08:51,718:WARNING:/workspaces/TechCatalyst_DE_2025/pycaret_env/lib/python3.11/site-packages/sklearn/metrics/_classification.py:1509: UndefinedMetricWarning: Precision is ill-defined and being set to 0.0 in labels with no predicted samples. Use `zero_division` parameter to control this behavior.
  _warn_prf(average, modifier, f"{metric.capitalize()} is", len(result))

2025-08-08 20:08:51,721:WARNING:/workspaces/TechCatalyst_DE_2025/pycaret_env/lib/python3.11/site-packages/sklearn/metrics/_classification.py:1561: UserWarning: Note that pos_label (set to 'Yes') is ignored when average != 'binary' (got 'weighted'). You may use labels=[pos_label] to specify a single positive class.
  warnings.warn(

2025-08-08 20:08:52,580:WARNING:/workspaces/TechCatalyst_DE_2025/pycaret_env/lib/python3.11/site-packages/sklearn/metrics/_classification.py:1561: UserWarning: Note that pos_label (set to 'Yes') is ignored when average != 'binary' (got 'weighted'). You may use labels=[pos_label] to specify a single positive class.
  warnings.warn(

2025-08-08 20:08:52,586:WARNING:/workspaces/TechCatalyst_DE_2025/pycaret_env/lib/python3.11/site-packages/sklearn/metrics/_classification.py:1561: UserWarning: Note that pos_label (set to 'Yes') is ignored when average != 'binary' (got 'weighted'). You may use labels=[pos_label] to specify a single positive class.
  warnings.warn(

2025-08-08 20:08:52,591:WARNING:/workspaces/TechCatalyst_DE_2025/pycaret_env/lib/python3.11/site-packages/sklearn/metrics/_classification.py:1509: UndefinedMetricWarning: Precision is ill-defined and being set to 0.0 in labels with no predicted samples. Use `zero_division` parameter to control this behavior.
  _warn_prf(average, modifier, f"{metric.capitalize()} is", len(result))

2025-08-08 20:08:52,595:WARNING:/workspaces/TechCatalyst_DE_2025/pycaret_env/lib/python3.11/site-packages/sklearn/metrics/_classification.py:1561: UserWarning: Note that pos_label (set to 'Yes') is ignored when average != 'binary' (got 'weighted'). You may use labels=[pos_label] to specify a single positive class.
  warnings.warn(

2025-08-08 20:08:52,662:WARNING:/workspaces/TechCatalyst_DE_2025/pycaret_env/lib/python3.11/site-packages/sklearn/metrics/_classification.py:1561: UserWarning: Note that pos_label (set to 'Yes') is ignored when average != 'binary' (got 'weighted'). You may use labels=[pos_label] to specify a single positive class.
  warnings.warn(

2025-08-08 20:08:52,668:WARNING:/workspaces/TechCatalyst_DE_2025/pycaret_env/lib/python3.11/site-packages/sklearn/metrics/_classification.py:1561: UserWarning: Note that pos_label (set to 'Yes') is ignored when average != 'binary' (got 'weighted'). You may use labels=[pos_label] to specify a single positive class.
  warnings.warn(

2025-08-08 20:08:52,670:WARNING:/workspaces/TechCatalyst_DE_2025/pycaret_env/lib/python3.11/site-packages/sklearn/metrics/_classification.py:1509: UndefinedMetricWarning: Precision is ill-defined and being set to 0.0 in labels with no predicted samples. Use `zero_division` parameter to control this behavior.
  _warn_prf(average, modifier, f"{metric.capitalize()} is", len(result))

2025-08-08 20:08:52,673:WARNING:/workspaces/TechCatalyst_DE_2025/pycaret_env/lib/python3.11/site-packages/sklearn/metrics/_classification.py:1561: UserWarning: Note that pos_label (set to 'Yes') is ignored when average != 'binary' (got 'weighted'). You may use labels=[pos_label] to specify a single positive class.
  warnings.warn(

2025-08-08 20:08:52,690:INFO:Calculating mean and std
2025-08-08 20:08:52,692:INFO:Creating metrics dataframe
2025-08-08 20:08:52,696:INFO:Uploading results into container
2025-08-08 20:08:52,698:INFO:Uploading model into container now
2025-08-08 20:08:52,703:INFO:_master_model_container: 10
2025-08-08 20:08:52,703:INFO:_display_container: 2
2025-08-08 20:08:52,703:INFO:GradientBoostingClassifier(ccp_alpha=0.0, criterion='friedman_mse', init=None,
                           learning_rate=0.1, loss='log_loss', max_depth=3,
                           max_features=None, max_leaf_nodes=None,
                           min_impurity_decrease=0.0, min_samples_leaf=1,
                           min_samples_split=2, min_weight_fraction_leaf=0.0,
                           n_estimators=100, n_iter_no_change=None,
                           random_state=42, subsample=1.0, tol=0.0001,
                           validation_fraction=0.1, verbose=0,
                           warm_start=False)
2025-08-08 20:08:52,704:INFO:create_model() successfully completed......................................
2025-08-08 20:08:52,954:INFO:SubProcess create_model() end ==================================
2025-08-08 20:08:52,954:INFO:Creating metrics dataframe
2025-08-08 20:08:52,961:INFO:Initializing Linear Discriminant Analysis
2025-08-08 20:08:52,962:INFO:Total runtime is 0.5265178720156352 minutes
2025-08-08 20:08:52,964:INFO:SubProcess create_model() called ==================================
2025-08-08 20:08:52,964:INFO:Initializing create_model()
2025-08-08 20:08:52,965:INFO:create_model(self=<pycaret.classification.oop.ClassificationExperiment object at 0x7bdcd0784450>, estimator=lda, fold=StratifiedKFold(n_splits=10, random_state=None, shuffle=False), round=4, cross_validation=True, predict=True, fit_kwargs={}, groups=None, refit=False, probability_threshold=None, experiment_custom_tags=None, verbose=False, system=False, add_to_model_list=True, metrics=None, display=<pycaret.internal.display.display.CommonDisplay object at 0x7bdc9b2a5d10>, model_only=True, return_train_score=False, error_score=0.0, kwargs={})
2025-08-08 20:08:52,965:INFO:Checking exceptions
2025-08-08 20:08:52,965:INFO:Importing libraries
2025-08-08 20:08:52,965:INFO:Copying training dataset
2025-08-08 20:08:52,973:INFO:Defining folds
2025-08-08 20:08:52,973:INFO:Declaring metric variables
2025-08-08 20:08:52,976:INFO:Importing untrained model
2025-08-08 20:08:52,981:INFO:Linear Discriminant Analysis Imported successfully
2025-08-08 20:08:52,988:INFO:Starting cross validation
2025-08-08 20:08:52,992:INFO:Cross validating with StratifiedKFold(n_splits=10, random_state=None, shuffle=False), n_jobs=-1
2025-08-08 20:08:53,389:WARNING:/workspaces/TechCatalyst_DE_2025/pycaret_env/lib/python3.11/site-packages/sklearn/metrics/_classification.py:1561: UserWarning: Note that pos_label (set to 'Yes') is ignored when average != 'binary' (got 'weighted'). You may use labels=[pos_label] to specify a single positive class.
  warnings.warn(

2025-08-08 20:08:53,395:WARNING:/workspaces/TechCatalyst_DE_2025/pycaret_env/lib/python3.11/site-packages/sklearn/metrics/_classification.py:1561: UserWarning: Note that pos_label (set to 'Yes') is ignored when average != 'binary' (got 'weighted'). You may use labels=[pos_label] to specify a single positive class.
  warnings.warn(

2025-08-08 20:08:53,400:WARNING:/workspaces/TechCatalyst_DE_2025/pycaret_env/lib/python3.11/site-packages/sklearn/metrics/_classification.py:1509: UndefinedMetricWarning: Precision is ill-defined and being set to 0.0 in labels with no predicted samples. Use `zero_division` parameter to control this behavior.
  _warn_prf(average, modifier, f"{metric.capitalize()} is", len(result))

2025-08-08 20:08:53,403:WARNING:/workspaces/TechCatalyst_DE_2025/pycaret_env/lib/python3.11/site-packages/sklearn/metrics/_classification.py:1561: UserWarning: Note that pos_label (set to 'Yes') is ignored when average != 'binary' (got 'weighted'). You may use labels=[pos_label] to specify a single positive class.
  warnings.warn(

2025-08-08 20:08:53,485:WARNING:/workspaces/TechCatalyst_DE_2025/pycaret_env/lib/python3.11/site-packages/sklearn/metrics/_classification.py:1561: UserWarning: Note that pos_label (set to 'Yes') is ignored when average != 'binary' (got 'weighted'). You may use labels=[pos_label] to specify a single positive class.
  warnings.warn(

2025-08-08 20:08:53,491:WARNING:/workspaces/TechCatalyst_DE_2025/pycaret_env/lib/python3.11/site-packages/sklearn/metrics/_classification.py:1561: UserWarning: Note that pos_label (set to 'Yes') is ignored when average != 'binary' (got 'weighted'). You may use labels=[pos_label] to specify a single positive class.
  warnings.warn(

2025-08-08 20:08:53,494:WARNING:/workspaces/TechCatalyst_DE_2025/pycaret_env/lib/python3.11/site-packages/sklearn/metrics/_classification.py:1509: UndefinedMetricWarning: Precision is ill-defined and being set to 0.0 in labels with no predicted samples. Use `zero_division` parameter to control this behavior.
  _warn_prf(average, modifier, f"{metric.capitalize()} is", len(result))

2025-08-08 20:08:53,498:WARNING:/workspaces/TechCatalyst_DE_2025/pycaret_env/lib/python3.11/site-packages/sklearn/metrics/_classification.py:1561: UserWarning: Note that pos_label (set to 'Yes') is ignored when average != 'binary' (got 'weighted'). You may use labels=[pos_label] to specify a single positive class.
  warnings.warn(

2025-08-08 20:08:53,793:WARNING:/workspaces/TechCatalyst_DE_2025/pycaret_env/lib/python3.11/site-packages/sklearn/metrics/_classification.py:1561: UserWarning: Note that pos_label (set to 'Yes') is ignored when average != 'binary' (got 'weighted'). You may use labels=[pos_label] to specify a single positive class.
  warnings.warn(

2025-08-08 20:08:53,799:WARNING:/workspaces/TechCatalyst_DE_2025/pycaret_env/lib/python3.11/site-packages/sklearn/metrics/_classification.py:1561: UserWarning: Note that pos_label (set to 'Yes') is ignored when average != 'binary' (got 'weighted'). You may use labels=[pos_label] to specify a single positive class.
  warnings.warn(

2025-08-08 20:08:53,803:WARNING:/workspaces/TechCatalyst_DE_2025/pycaret_env/lib/python3.11/site-packages/sklearn/metrics/_classification.py:1509: UndefinedMetricWarning: Precision is ill-defined and being set to 0.0 in labels with no predicted samples. Use `zero_division` parameter to control this behavior.
  _warn_prf(average, modifier, f"{metric.capitalize()} is", len(result))

2025-08-08 20:08:53,806:WARNING:/workspaces/TechCatalyst_DE_2025/pycaret_env/lib/python3.11/site-packages/sklearn/metrics/_classification.py:1561: UserWarning: Note that pos_label (set to 'Yes') is ignored when average != 'binary' (got 'weighted'). You may use labels=[pos_label] to specify a single positive class.
  warnings.warn(

2025-08-08 20:08:53,891:WARNING:/workspaces/TechCatalyst_DE_2025/pycaret_env/lib/python3.11/site-packages/sklearn/metrics/_classification.py:1561: UserWarning: Note that pos_label (set to 'Yes') is ignored when average != 'binary' (got 'weighted'). You may use labels=[pos_label] to specify a single positive class.
  warnings.warn(

2025-08-08 20:08:53,898:WARNING:/workspaces/TechCatalyst_DE_2025/pycaret_env/lib/python3.11/site-packages/sklearn/metrics/_classification.py:1561: UserWarning: Note that pos_label (set to 'Yes') is ignored when average != 'binary' (got 'weighted'). You may use labels=[pos_label] to specify a single positive class.
  warnings.warn(

2025-08-08 20:08:53,901:WARNING:/workspaces/TechCatalyst_DE_2025/pycaret_env/lib/python3.11/site-packages/sklearn/metrics/_classification.py:1509: UndefinedMetricWarning: Precision is ill-defined and being set to 0.0 in labels with no predicted samples. Use `zero_division` parameter to control this behavior.
  _warn_prf(average, modifier, f"{metric.capitalize()} is", len(result))

2025-08-08 20:08:53,904:WARNING:/workspaces/TechCatalyst_DE_2025/pycaret_env/lib/python3.11/site-packages/sklearn/metrics/_classification.py:1561: UserWarning: Note that pos_label (set to 'Yes') is ignored when average != 'binary' (got 'weighted'). You may use labels=[pos_label] to specify a single positive class.
  warnings.warn(

2025-08-08 20:08:54,182:WARNING:/workspaces/TechCatalyst_DE_2025/pycaret_env/lib/python3.11/site-packages/sklearn/metrics/_classification.py:1561: UserWarning: Note that pos_label (set to 'Yes') is ignored when average != 'binary' (got 'weighted'). You may use labels=[pos_label] to specify a single positive class.
  warnings.warn(

2025-08-08 20:08:54,188:WARNING:/workspaces/TechCatalyst_DE_2025/pycaret_env/lib/python3.11/site-packages/sklearn/metrics/_classification.py:1561: UserWarning: Note that pos_label (set to 'Yes') is ignored when average != 'binary' (got 'weighted'). You may use labels=[pos_label] to specify a single positive class.
  warnings.warn(

2025-08-08 20:08:54,191:WARNING:/workspaces/TechCatalyst_DE_2025/pycaret_env/lib/python3.11/site-packages/sklearn/metrics/_classification.py:1509: UndefinedMetricWarning: Precision is ill-defined and being set to 0.0 in labels with no predicted samples. Use `zero_division` parameter to control this behavior.
  _warn_prf(average, modifier, f"{metric.capitalize()} is", len(result))

2025-08-08 20:08:54,194:WARNING:/workspaces/TechCatalyst_DE_2025/pycaret_env/lib/python3.11/site-packages/sklearn/metrics/_classification.py:1561: UserWarning: Note that pos_label (set to 'Yes') is ignored when average != 'binary' (got 'weighted'). You may use labels=[pos_label] to specify a single positive class.
  warnings.warn(

2025-08-08 20:08:54,296:WARNING:/workspaces/TechCatalyst_DE_2025/pycaret_env/lib/python3.11/site-packages/sklearn/metrics/_classification.py:1561: UserWarning: Note that pos_label (set to 'Yes') is ignored when average != 'binary' (got 'weighted'). You may use labels=[pos_label] to specify a single positive class.
  warnings.warn(

2025-08-08 20:08:54,302:WARNING:/workspaces/TechCatalyst_DE_2025/pycaret_env/lib/python3.11/site-packages/sklearn/metrics/_classification.py:1561: UserWarning: Note that pos_label (set to 'Yes') is ignored when average != 'binary' (got 'weighted'). You may use labels=[pos_label] to specify a single positive class.
  warnings.warn(

2025-08-08 20:08:54,305:WARNING:/workspaces/TechCatalyst_DE_2025/pycaret_env/lib/python3.11/site-packages/sklearn/metrics/_classification.py:1509: UndefinedMetricWarning: Precision is ill-defined and being set to 0.0 in labels with no predicted samples. Use `zero_division` parameter to control this behavior.
  _warn_prf(average, modifier, f"{metric.capitalize()} is", len(result))

2025-08-08 20:08:54,308:WARNING:/workspaces/TechCatalyst_DE_2025/pycaret_env/lib/python3.11/site-packages/sklearn/metrics/_classification.py:1561: UserWarning: Note that pos_label (set to 'Yes') is ignored when average != 'binary' (got 'weighted'). You may use labels=[pos_label] to specify a single positive class.
  warnings.warn(

2025-08-08 20:08:54,661:WARNING:/workspaces/TechCatalyst_DE_2025/pycaret_env/lib/python3.11/site-packages/sklearn/metrics/_classification.py:1561: UserWarning: Note that pos_label (set to 'Yes') is ignored when average != 'binary' (got 'weighted'). You may use labels=[pos_label] to specify a single positive class.
  warnings.warn(

2025-08-08 20:08:54,671:WARNING:/workspaces/TechCatalyst_DE_2025/pycaret_env/lib/python3.11/site-packages/sklearn/metrics/_classification.py:1561: UserWarning: Note that pos_label (set to 'Yes') is ignored when average != 'binary' (got 'weighted'). You may use labels=[pos_label] to specify a single positive class.
  warnings.warn(

2025-08-08 20:08:54,674:WARNING:/workspaces/TechCatalyst_DE_2025/pycaret_env/lib/python3.11/site-packages/sklearn/metrics/_classification.py:1509: UndefinedMetricWarning: Precision is ill-defined and being set to 0.0 in labels with no predicted samples. Use `zero_division` parameter to control this behavior.
  _warn_prf(average, modifier, f"{metric.capitalize()} is", len(result))

2025-08-08 20:08:54,677:WARNING:/workspaces/TechCatalyst_DE_2025/pycaret_env/lib/python3.11/site-packages/sklearn/metrics/_classification.py:1561: UserWarning: Note that pos_label (set to 'Yes') is ignored when average != 'binary' (got 'weighted'). You may use labels=[pos_label] to specify a single positive class.
  warnings.warn(

2025-08-08 20:08:54,689:WARNING:/workspaces/TechCatalyst_DE_2025/pycaret_env/lib/python3.11/site-packages/sklearn/metrics/_classification.py:1561: UserWarning: Note that pos_label (set to 'Yes') is ignored when average != 'binary' (got 'weighted'). You may use labels=[pos_label] to specify a single positive class.
  warnings.warn(

2025-08-08 20:08:54,696:WARNING:/workspaces/TechCatalyst_DE_2025/pycaret_env/lib/python3.11/site-packages/sklearn/metrics/_classification.py:1561: UserWarning: Note that pos_label (set to 'Yes') is ignored when average != 'binary' (got 'weighted'). You may use labels=[pos_label] to specify a single positive class.
  warnings.warn(

2025-08-08 20:08:54,702:WARNING:/workspaces/TechCatalyst_DE_2025/pycaret_env/lib/python3.11/site-packages/sklearn/metrics/_classification.py:1509: UndefinedMetricWarning: Precision is ill-defined and being set to 0.0 in labels with no predicted samples. Use `zero_division` parameter to control this behavior.
  _warn_prf(average, modifier, f"{metric.capitalize()} is", len(result))

2025-08-08 20:08:54,705:WARNING:/workspaces/TechCatalyst_DE_2025/pycaret_env/lib/python3.11/site-packages/sklearn/metrics/_classification.py:1561: UserWarning: Note that pos_label (set to 'Yes') is ignored when average != 'binary' (got 'weighted'). You may use labels=[pos_label] to specify a single positive class.
  warnings.warn(

2025-08-08 20:08:55,122:WARNING:/workspaces/TechCatalyst_DE_2025/pycaret_env/lib/python3.11/site-packages/sklearn/metrics/_classification.py:1561: UserWarning: Note that pos_label (set to 'Yes') is ignored when average != 'binary' (got 'weighted'). You may use labels=[pos_label] to specify a single positive class.
  warnings.warn(

2025-08-08 20:08:55,128:WARNING:/workspaces/TechCatalyst_DE_2025/pycaret_env/lib/python3.11/site-packages/sklearn/metrics/_classification.py:1561: UserWarning: Note that pos_label (set to 'Yes') is ignored when average != 'binary' (got 'weighted'). You may use labels=[pos_label] to specify a single positive class.
  warnings.warn(

2025-08-08 20:08:55,131:WARNING:/workspaces/TechCatalyst_DE_2025/pycaret_env/lib/python3.11/site-packages/sklearn/metrics/_classification.py:1509: UndefinedMetricWarning: Precision is ill-defined and being set to 0.0 in labels with no predicted samples. Use `zero_division` parameter to control this behavior.
  _warn_prf(average, modifier, f"{metric.capitalize()} is", len(result))

2025-08-08 20:08:55,133:WARNING:/workspaces/TechCatalyst_DE_2025/pycaret_env/lib/python3.11/site-packages/sklearn/metrics/_classification.py:1561: UserWarning: Note that pos_label (set to 'Yes') is ignored when average != 'binary' (got 'weighted'). You may use labels=[pos_label] to specify a single positive class.
  warnings.warn(

2025-08-08 20:08:55,134:WARNING:/workspaces/TechCatalyst_DE_2025/pycaret_env/lib/python3.11/site-packages/sklearn/metrics/_classification.py:1561: UserWarning: Note that pos_label (set to 'Yes') is ignored when average != 'binary' (got 'weighted'). You may use labels=[pos_label] to specify a single positive class.
  warnings.warn(

2025-08-08 20:08:55,138:WARNING:/workspaces/TechCatalyst_DE_2025/pycaret_env/lib/python3.11/site-packages/sklearn/metrics/_classification.py:1561: UserWarning: Note that pos_label (set to 'Yes') is ignored when average != 'binary' (got 'weighted'). You may use labels=[pos_label] to specify a single positive class.
  warnings.warn(

2025-08-08 20:08:55,141:WARNING:/workspaces/TechCatalyst_DE_2025/pycaret_env/lib/python3.11/site-packages/sklearn/metrics/_classification.py:1509: UndefinedMetricWarning: Precision is ill-defined and being set to 0.0 in labels with no predicted samples. Use `zero_division` parameter to control this behavior.
  _warn_prf(average, modifier, f"{metric.capitalize()} is", len(result))

2025-08-08 20:08:55,144:WARNING:/workspaces/TechCatalyst_DE_2025/pycaret_env/lib/python3.11/site-packages/sklearn/metrics/_classification.py:1561: UserWarning: Note that pos_label (set to 'Yes') is ignored when average != 'binary' (got 'weighted'). You may use labels=[pos_label] to specify a single positive class.
  warnings.warn(

2025-08-08 20:08:55,160:INFO:Calculating mean and std
2025-08-08 20:08:55,161:INFO:Creating metrics dataframe
2025-08-08 20:08:55,164:INFO:Uploading results into container
2025-08-08 20:08:55,165:INFO:Uploading model into container now
2025-08-08 20:08:55,165:INFO:_master_model_container: 11
2025-08-08 20:08:55,166:INFO:_display_container: 2
2025-08-08 20:08:55,166:INFO:LinearDiscriminantAnalysis(covariance_estimator=None, n_components=None,
                           priors=None, shrinkage=None, solver='svd',
                           store_covariance=False, tol=0.0001)
2025-08-08 20:08:55,166:INFO:create_model() successfully completed......................................
2025-08-08 20:08:55,430:INFO:SubProcess create_model() end ==================================
2025-08-08 20:08:55,431:INFO:Creating metrics dataframe
2025-08-08 20:08:55,438:INFO:Initializing Extra Trees Classifier
2025-08-08 20:08:55,439:INFO:Total runtime is 0.5678043921788534 minutes
2025-08-08 20:08:55,442:INFO:SubProcess create_model() called ==================================
2025-08-08 20:08:55,443:INFO:Initializing create_model()
2025-08-08 20:08:55,444:INFO:create_model(self=<pycaret.classification.oop.ClassificationExperiment object at 0x7bdcd0784450>, estimator=et, fold=StratifiedKFold(n_splits=10, random_state=None, shuffle=False), round=4, cross_validation=True, predict=True, fit_kwargs={}, groups=None, refit=False, probability_threshold=None, experiment_custom_tags=None, verbose=False, system=False, add_to_model_list=True, metrics=None, display=<pycaret.internal.display.display.CommonDisplay object at 0x7bdc9b2a5d10>, model_only=True, return_train_score=False, error_score=0.0, kwargs={})
2025-08-08 20:08:55,444:INFO:Checking exceptions
2025-08-08 20:08:55,444:INFO:Importing libraries
2025-08-08 20:08:55,445:INFO:Copying training dataset
2025-08-08 20:08:55,451:INFO:Defining folds
2025-08-08 20:08:55,451:INFO:Declaring metric variables
2025-08-08 20:08:55,455:INFO:Importing untrained model
2025-08-08 20:08:55,459:INFO:Extra Trees Classifier Imported successfully
2025-08-08 20:08:55,465:INFO:Starting cross validation
2025-08-08 20:08:55,469:INFO:Cross validating with StratifiedKFold(n_splits=10, random_state=None, shuffle=False), n_jobs=-1
2025-08-08 20:08:56,259:WARNING:/workspaces/TechCatalyst_DE_2025/pycaret_env/lib/python3.11/site-packages/sklearn/metrics/_classification.py:1561: UserWarning: Note that pos_label (set to 'Yes') is ignored when average != 'binary' (got 'weighted'). You may use labels=[pos_label] to specify a single positive class.
  warnings.warn(

2025-08-08 20:08:56,266:WARNING:/workspaces/TechCatalyst_DE_2025/pycaret_env/lib/python3.11/site-packages/sklearn/metrics/_classification.py:1561: UserWarning: Note that pos_label (set to 'Yes') is ignored when average != 'binary' (got 'weighted'). You may use labels=[pos_label] to specify a single positive class.
  warnings.warn(

2025-08-08 20:08:56,273:WARNING:/workspaces/TechCatalyst_DE_2025/pycaret_env/lib/python3.11/site-packages/sklearn/metrics/_classification.py:1561: UserWarning: Note that pos_label (set to 'Yes') is ignored when average != 'binary' (got 'weighted'). You may use labels=[pos_label] to specify a single positive class.
  warnings.warn(

2025-08-08 20:08:56,320:WARNING:/workspaces/TechCatalyst_DE_2025/pycaret_env/lib/python3.11/site-packages/sklearn/metrics/_classification.py:1561: UserWarning: Note that pos_label (set to 'Yes') is ignored when average != 'binary' (got 'weighted'). You may use labels=[pos_label] to specify a single positive class.
  warnings.warn(

2025-08-08 20:08:56,326:WARNING:/workspaces/TechCatalyst_DE_2025/pycaret_env/lib/python3.11/site-packages/sklearn/metrics/_classification.py:1561: UserWarning: Note that pos_label (set to 'Yes') is ignored when average != 'binary' (got 'weighted'). You may use labels=[pos_label] to specify a single positive class.
  warnings.warn(

2025-08-08 20:08:56,332:WARNING:/workspaces/TechCatalyst_DE_2025/pycaret_env/lib/python3.11/site-packages/sklearn/metrics/_classification.py:1561: UserWarning: Note that pos_label (set to 'Yes') is ignored when average != 'binary' (got 'weighted'). You may use labels=[pos_label] to specify a single positive class.
  warnings.warn(

2025-08-08 20:08:57,024:WARNING:/workspaces/TechCatalyst_DE_2025/pycaret_env/lib/python3.11/site-packages/sklearn/metrics/_classification.py:1561: UserWarning: Note that pos_label (set to 'Yes') is ignored when average != 'binary' (got 'weighted'). You may use labels=[pos_label] to specify a single positive class.
  warnings.warn(

2025-08-08 20:08:57,035:WARNING:/workspaces/TechCatalyst_DE_2025/pycaret_env/lib/python3.11/site-packages/sklearn/metrics/_classification.py:1561: UserWarning: Note that pos_label (set to 'Yes') is ignored when average != 'binary' (got 'weighted'). You may use labels=[pos_label] to specify a single positive class.
  warnings.warn(

2025-08-08 20:08:57,044:WARNING:/workspaces/TechCatalyst_DE_2025/pycaret_env/lib/python3.11/site-packages/sklearn/metrics/_classification.py:1561: UserWarning: Note that pos_label (set to 'Yes') is ignored when average != 'binary' (got 'weighted'). You may use labels=[pos_label] to specify a single positive class.
  warnings.warn(

2025-08-08 20:08:57,053:WARNING:/workspaces/TechCatalyst_DE_2025/pycaret_env/lib/python3.11/site-packages/sklearn/metrics/_classification.py:1561: UserWarning: Note that pos_label (set to 'Yes') is ignored when average != 'binary' (got 'weighted'). You may use labels=[pos_label] to specify a single positive class.
  warnings.warn(

2025-08-08 20:08:57,069:WARNING:/workspaces/TechCatalyst_DE_2025/pycaret_env/lib/python3.11/site-packages/sklearn/metrics/_classification.py:1561: UserWarning: Note that pos_label (set to 'Yes') is ignored when average != 'binary' (got 'weighted'). You may use labels=[pos_label] to specify a single positive class.
  warnings.warn(

2025-08-08 20:08:57,079:WARNING:/workspaces/TechCatalyst_DE_2025/pycaret_env/lib/python3.11/site-packages/sklearn/metrics/_classification.py:1561: UserWarning: Note that pos_label (set to 'Yes') is ignored when average != 'binary' (got 'weighted'). You may use labels=[pos_label] to specify a single positive class.
  warnings.warn(

2025-08-08 20:08:57,823:WARNING:/workspaces/TechCatalyst_DE_2025/pycaret_env/lib/python3.11/site-packages/sklearn/metrics/_classification.py:1561: UserWarning: Note that pos_label (set to 'Yes') is ignored when average != 'binary' (got 'weighted'). You may use labels=[pos_label] to specify a single positive class.
  warnings.warn(

2025-08-08 20:08:57,827:WARNING:/workspaces/TechCatalyst_DE_2025/pycaret_env/lib/python3.11/site-packages/sklearn/metrics/_classification.py:1561: UserWarning: Note that pos_label (set to 'Yes') is ignored when average != 'binary' (got 'weighted'). You may use labels=[pos_label] to specify a single positive class.
  warnings.warn(

2025-08-08 20:08:57,831:WARNING:/workspaces/TechCatalyst_DE_2025/pycaret_env/lib/python3.11/site-packages/sklearn/metrics/_classification.py:1561: UserWarning: Note that pos_label (set to 'Yes') is ignored when average != 'binary' (got 'weighted'). You may use labels=[pos_label] to specify a single positive class.
  warnings.warn(

2025-08-08 20:08:57,838:WARNING:/workspaces/TechCatalyst_DE_2025/pycaret_env/lib/python3.11/site-packages/sklearn/metrics/_classification.py:1561: UserWarning: Note that pos_label (set to 'Yes') is ignored when average != 'binary' (got 'weighted'). You may use labels=[pos_label] to specify a single positive class.
  warnings.warn(

2025-08-08 20:08:57,846:WARNING:/workspaces/TechCatalyst_DE_2025/pycaret_env/lib/python3.11/site-packages/sklearn/metrics/_classification.py:1561: UserWarning: Note that pos_label (set to 'Yes') is ignored when average != 'binary' (got 'weighted'). You may use labels=[pos_label] to specify a single positive class.
  warnings.warn(

2025-08-08 20:08:57,852:WARNING:/workspaces/TechCatalyst_DE_2025/pycaret_env/lib/python3.11/site-packages/sklearn/metrics/_classification.py:1561: UserWarning: Note that pos_label (set to 'Yes') is ignored when average != 'binary' (got 'weighted'). You may use labels=[pos_label] to specify a single positive class.
  warnings.warn(

2025-08-08 20:08:58,527:WARNING:/workspaces/TechCatalyst_DE_2025/pycaret_env/lib/python3.11/site-packages/sklearn/metrics/_classification.py:1561: UserWarning: Note that pos_label (set to 'Yes') is ignored when average != 'binary' (got 'weighted'). You may use labels=[pos_label] to specify a single positive class.
  warnings.warn(

2025-08-08 20:08:58,538:WARNING:/workspaces/TechCatalyst_DE_2025/pycaret_env/lib/python3.11/site-packages/sklearn/metrics/_classification.py:1561: UserWarning: Note that pos_label (set to 'Yes') is ignored when average != 'binary' (got 'weighted'). You may use labels=[pos_label] to specify a single positive class.
  warnings.warn(

2025-08-08 20:08:58,543:WARNING:/workspaces/TechCatalyst_DE_2025/pycaret_env/lib/python3.11/site-packages/sklearn/metrics/_classification.py:1561: UserWarning: Note that pos_label (set to 'Yes') is ignored when average != 'binary' (got 'weighted'). You may use labels=[pos_label] to specify a single positive class.
  warnings.warn(

2025-08-08 20:08:58,552:WARNING:/workspaces/TechCatalyst_DE_2025/pycaret_env/lib/python3.11/site-packages/sklearn/metrics/_classification.py:1561: UserWarning: Note that pos_label (set to 'Yes') is ignored when average != 'binary' (got 'weighted'). You may use labels=[pos_label] to specify a single positive class.
  warnings.warn(

2025-08-08 20:08:58,557:WARNING:/workspaces/TechCatalyst_DE_2025/pycaret_env/lib/python3.11/site-packages/sklearn/metrics/_classification.py:1561: UserWarning: Note that pos_label (set to 'Yes') is ignored when average != 'binary' (got 'weighted'). You may use labels=[pos_label] to specify a single positive class.
  warnings.warn(

2025-08-08 20:08:58,563:WARNING:/workspaces/TechCatalyst_DE_2025/pycaret_env/lib/python3.11/site-packages/sklearn/metrics/_classification.py:1561: UserWarning: Note that pos_label (set to 'Yes') is ignored when average != 'binary' (got 'weighted'). You may use labels=[pos_label] to specify a single positive class.
  warnings.warn(

2025-08-08 20:08:59,253:WARNING:/workspaces/TechCatalyst_DE_2025/pycaret_env/lib/python3.11/site-packages/sklearn/metrics/_classification.py:1561: UserWarning: Note that pos_label (set to 'Yes') is ignored when average != 'binary' (got 'weighted'). You may use labels=[pos_label] to specify a single positive class.
  warnings.warn(

2025-08-08 20:08:59,258:WARNING:/workspaces/TechCatalyst_DE_2025/pycaret_env/lib/python3.11/site-packages/sklearn/metrics/_classification.py:1561: UserWarning: Note that pos_label (set to 'Yes') is ignored when average != 'binary' (got 'weighted'). You may use labels=[pos_label] to specify a single positive class.
  warnings.warn(

2025-08-08 20:08:59,260:WARNING:/workspaces/TechCatalyst_DE_2025/pycaret_env/lib/python3.11/site-packages/sklearn/metrics/_classification.py:1509: UndefinedMetricWarning: Precision is ill-defined and being set to 0.0 in labels with no predicted samples. Use `zero_division` parameter to control this behavior.
  _warn_prf(average, modifier, f"{metric.capitalize()} is", len(result))

2025-08-08 20:08:59,262:WARNING:/workspaces/TechCatalyst_DE_2025/pycaret_env/lib/python3.11/site-packages/sklearn/metrics/_classification.py:1561: UserWarning: Note that pos_label (set to 'Yes') is ignored when average != 'binary' (got 'weighted'). You may use labels=[pos_label] to specify a single positive class.
  warnings.warn(

2025-08-08 20:08:59,296:WARNING:/workspaces/TechCatalyst_DE_2025/pycaret_env/lib/python3.11/site-packages/sklearn/metrics/_classification.py:1561: UserWarning: Note that pos_label (set to 'Yes') is ignored when average != 'binary' (got 'weighted'). You may use labels=[pos_label] to specify a single positive class.
  warnings.warn(

2025-08-08 20:08:59,300:WARNING:/workspaces/TechCatalyst_DE_2025/pycaret_env/lib/python3.11/site-packages/sklearn/metrics/_classification.py:1561: UserWarning: Note that pos_label (set to 'Yes') is ignored when average != 'binary' (got 'weighted'). You may use labels=[pos_label] to specify a single positive class.
  warnings.warn(

2025-08-08 20:08:59,304:WARNING:/workspaces/TechCatalyst_DE_2025/pycaret_env/lib/python3.11/site-packages/sklearn/metrics/_classification.py:1561: UserWarning: Note that pos_label (set to 'Yes') is ignored when average != 'binary' (got 'weighted'). You may use labels=[pos_label] to specify a single positive class.
  warnings.warn(

2025-08-08 20:08:59,319:INFO:Calculating mean and std
2025-08-08 20:08:59,320:INFO:Creating metrics dataframe
2025-08-08 20:08:59,322:INFO:Uploading results into container
2025-08-08 20:08:59,323:INFO:Uploading model into container now
2025-08-08 20:08:59,323:INFO:_master_model_container: 12
2025-08-08 20:08:59,323:INFO:_display_container: 2
2025-08-08 20:08:59,324:INFO:ExtraTreesClassifier(bootstrap=False, ccp_alpha=0.0, class_weight=None,
                     criterion='gini', max_depth=None, max_features='sqrt',
                     max_leaf_nodes=None, max_samples=None,
                     min_impurity_decrease=0.0, min_samples_leaf=1,
                     min_samples_split=2, min_weight_fraction_leaf=0.0,
                     monotonic_cst=None, n_estimators=100, n_jobs=-1,
                     oob_score=False, random_state=42, verbose=0,
                     warm_start=False)
2025-08-08 20:08:59,324:INFO:create_model() successfully completed......................................
2025-08-08 20:08:59,516:INFO:SubProcess create_model() end ==================================
2025-08-08 20:08:59,516:INFO:Creating metrics dataframe
2025-08-08 20:08:59,523:INFO:Initializing Extreme Gradient Boosting
2025-08-08 20:08:59,523:INFO:Total runtime is 0.6358827114105224 minutes
2025-08-08 20:08:59,526:INFO:SubProcess create_model() called ==================================
2025-08-08 20:08:59,527:INFO:Initializing create_model()
2025-08-08 20:08:59,527:INFO:create_model(self=<pycaret.classification.oop.ClassificationExperiment object at 0x7bdcd0784450>, estimator=xgboost, fold=StratifiedKFold(n_splits=10, random_state=None, shuffle=False), round=4, cross_validation=True, predict=True, fit_kwargs={}, groups=None, refit=False, probability_threshold=None, experiment_custom_tags=None, verbose=False, system=False, add_to_model_list=True, metrics=None, display=<pycaret.internal.display.display.CommonDisplay object at 0x7bdc9b2a5d10>, model_only=True, return_train_score=False, error_score=0.0, kwargs={})
2025-08-08 20:08:59,527:INFO:Checking exceptions
2025-08-08 20:08:59,527:INFO:Importing libraries
2025-08-08 20:08:59,527:INFO:Copying training dataset
2025-08-08 20:08:59,535:INFO:Defining folds
2025-08-08 20:08:59,535:INFO:Declaring metric variables
2025-08-08 20:08:59,538:INFO:Importing untrained model
2025-08-08 20:08:59,542:INFO:Extreme Gradient Boosting Imported successfully
2025-08-08 20:08:59,549:INFO:Starting cross validation
2025-08-08 20:08:59,552:INFO:Cross validating with StratifiedKFold(n_splits=10, random_state=None, shuffle=False), n_jobs=-1
2025-08-08 20:09:00,000:WARNING:/workspaces/TechCatalyst_DE_2025/pycaret_env/lib/python3.11/site-packages/sklearn/metrics/_classification.py:1561: UserWarning: Note that pos_label (set to 'Yes') is ignored when average != 'binary' (got 'weighted'). You may use labels=[pos_label] to specify a single positive class.
  warnings.warn(

2025-08-08 20:09:00,007:WARNING:/workspaces/TechCatalyst_DE_2025/pycaret_env/lib/python3.11/site-packages/sklearn/metrics/_classification.py:1561: UserWarning: Note that pos_label (set to 'Yes') is ignored when average != 'binary' (got 'weighted'). You may use labels=[pos_label] to specify a single positive class.
  warnings.warn(

2025-08-08 20:09:00,011:WARNING:/workspaces/TechCatalyst_DE_2025/pycaret_env/lib/python3.11/site-packages/sklearn/metrics/_classification.py:1509: UndefinedMetricWarning: Precision is ill-defined and being set to 0.0 in labels with no predicted samples. Use `zero_division` parameter to control this behavior.
  _warn_prf(average, modifier, f"{metric.capitalize()} is", len(result))

2025-08-08 20:09:00,014:WARNING:/workspaces/TechCatalyst_DE_2025/pycaret_env/lib/python3.11/site-packages/sklearn/metrics/_classification.py:1561: UserWarning: Note that pos_label (set to 'Yes') is ignored when average != 'binary' (got 'weighted'). You may use labels=[pos_label] to specify a single positive class.
  warnings.warn(

2025-08-08 20:09:00,045:WARNING:/workspaces/TechCatalyst_DE_2025/pycaret_env/lib/python3.11/site-packages/sklearn/metrics/_classification.py:1561: UserWarning: Note that pos_label (set to 'Yes') is ignored when average != 'binary' (got 'weighted'). You may use labels=[pos_label] to specify a single positive class.
  warnings.warn(

2025-08-08 20:09:00,052:WARNING:/workspaces/TechCatalyst_DE_2025/pycaret_env/lib/python3.11/site-packages/sklearn/metrics/_classification.py:1561: UserWarning: Note that pos_label (set to 'Yes') is ignored when average != 'binary' (got 'weighted'). You may use labels=[pos_label] to specify a single positive class.
  warnings.warn(

2025-08-08 20:09:00,058:WARNING:/workspaces/TechCatalyst_DE_2025/pycaret_env/lib/python3.11/site-packages/sklearn/metrics/_classification.py:1509: UndefinedMetricWarning: Precision is ill-defined and being set to 0.0 in labels with no predicted samples. Use `zero_division` parameter to control this behavior.
  _warn_prf(average, modifier, f"{metric.capitalize()} is", len(result))

2025-08-08 20:09:00,061:WARNING:/workspaces/TechCatalyst_DE_2025/pycaret_env/lib/python3.11/site-packages/sklearn/metrics/_classification.py:1561: UserWarning: Note that pos_label (set to 'Yes') is ignored when average != 'binary' (got 'weighted'). You may use labels=[pos_label] to specify a single positive class.
  warnings.warn(

2025-08-08 20:09:00,474:WARNING:/workspaces/TechCatalyst_DE_2025/pycaret_env/lib/python3.11/site-packages/sklearn/metrics/_classification.py:1561: UserWarning: Note that pos_label (set to 'Yes') is ignored when average != 'binary' (got 'weighted'). You may use labels=[pos_label] to specify a single positive class.
  warnings.warn(

2025-08-08 20:09:00,480:WARNING:/workspaces/TechCatalyst_DE_2025/pycaret_env/lib/python3.11/site-packages/sklearn/metrics/_classification.py:1561: UserWarning: Note that pos_label (set to 'Yes') is ignored when average != 'binary' (got 'weighted'). You may use labels=[pos_label] to specify a single positive class.
  warnings.warn(

2025-08-08 20:09:00,483:WARNING:/workspaces/TechCatalyst_DE_2025/pycaret_env/lib/python3.11/site-packages/sklearn/metrics/_classification.py:1509: UndefinedMetricWarning: Precision is ill-defined and being set to 0.0 in labels with no predicted samples. Use `zero_division` parameter to control this behavior.
  _warn_prf(average, modifier, f"{metric.capitalize()} is", len(result))

2025-08-08 20:09:00,486:WARNING:/workspaces/TechCatalyst_DE_2025/pycaret_env/lib/python3.11/site-packages/sklearn/metrics/_classification.py:1561: UserWarning: Note that pos_label (set to 'Yes') is ignored when average != 'binary' (got 'weighted'). You may use labels=[pos_label] to specify a single positive class.
  warnings.warn(

2025-08-08 20:09:00,558:WARNING:/workspaces/TechCatalyst_DE_2025/pycaret_env/lib/python3.11/site-packages/sklearn/metrics/_classification.py:1561: UserWarning: Note that pos_label (set to 'Yes') is ignored when average != 'binary' (got 'weighted'). You may use labels=[pos_label] to specify a single positive class.
  warnings.warn(

2025-08-08 20:09:00,565:WARNING:/workspaces/TechCatalyst_DE_2025/pycaret_env/lib/python3.11/site-packages/sklearn/metrics/_classification.py:1561: UserWarning: Note that pos_label (set to 'Yes') is ignored when average != 'binary' (got 'weighted'). You may use labels=[pos_label] to specify a single positive class.
  warnings.warn(

2025-08-08 20:09:00,568:WARNING:/workspaces/TechCatalyst_DE_2025/pycaret_env/lib/python3.11/site-packages/sklearn/metrics/_classification.py:1509: UndefinedMetricWarning: Precision is ill-defined and being set to 0.0 in labels with no predicted samples. Use `zero_division` parameter to control this behavior.
  _warn_prf(average, modifier, f"{metric.capitalize()} is", len(result))

2025-08-08 20:09:00,571:WARNING:/workspaces/TechCatalyst_DE_2025/pycaret_env/lib/python3.11/site-packages/sklearn/metrics/_classification.py:1561: UserWarning: Note that pos_label (set to 'Yes') is ignored when average != 'binary' (got 'weighted'). You may use labels=[pos_label] to specify a single positive class.
  warnings.warn(

2025-08-08 20:09:00,936:WARNING:/workspaces/TechCatalyst_DE_2025/pycaret_env/lib/python3.11/site-packages/sklearn/metrics/_classification.py:1561: UserWarning: Note that pos_label (set to 'Yes') is ignored when average != 'binary' (got 'weighted'). You may use labels=[pos_label] to specify a single positive class.
  warnings.warn(

2025-08-08 20:09:00,946:WARNING:/workspaces/TechCatalyst_DE_2025/pycaret_env/lib/python3.11/site-packages/sklearn/metrics/_classification.py:1561: UserWarning: Note that pos_label (set to 'Yes') is ignored when average != 'binary' (got 'weighted'). You may use labels=[pos_label] to specify a single positive class.
  warnings.warn(

2025-08-08 20:09:00,951:WARNING:/workspaces/TechCatalyst_DE_2025/pycaret_env/lib/python3.11/site-packages/sklearn/metrics/_classification.py:1509: UndefinedMetricWarning: Precision is ill-defined and being set to 0.0 in labels with no predicted samples. Use `zero_division` parameter to control this behavior.
  _warn_prf(average, modifier, f"{metric.capitalize()} is", len(result))

2025-08-08 20:09:00,958:WARNING:/workspaces/TechCatalyst_DE_2025/pycaret_env/lib/python3.11/site-packages/sklearn/metrics/_classification.py:1561: UserWarning: Note that pos_label (set to 'Yes') is ignored when average != 'binary' (got 'weighted'). You may use labels=[pos_label] to specify a single positive class.
  warnings.warn(

2025-08-08 20:09:01,133:WARNING:/workspaces/TechCatalyst_DE_2025/pycaret_env/lib/python3.11/site-packages/sklearn/metrics/_classification.py:1561: UserWarning: Note that pos_label (set to 'Yes') is ignored when average != 'binary' (got 'weighted'). You may use labels=[pos_label] to specify a single positive class.
  warnings.warn(

2025-08-08 20:09:01,139:WARNING:/workspaces/TechCatalyst_DE_2025/pycaret_env/lib/python3.11/site-packages/sklearn/metrics/_classification.py:1561: UserWarning: Note that pos_label (set to 'Yes') is ignored when average != 'binary' (got 'weighted'). You may use labels=[pos_label] to specify a single positive class.
  warnings.warn(

2025-08-08 20:09:01,143:WARNING:/workspaces/TechCatalyst_DE_2025/pycaret_env/lib/python3.11/site-packages/sklearn/metrics/_classification.py:1509: UndefinedMetricWarning: Precision is ill-defined and being set to 0.0 in labels with no predicted samples. Use `zero_division` parameter to control this behavior.
  _warn_prf(average, modifier, f"{metric.capitalize()} is", len(result))

2025-08-08 20:09:01,146:WARNING:/workspaces/TechCatalyst_DE_2025/pycaret_env/lib/python3.11/site-packages/sklearn/metrics/_classification.py:1561: UserWarning: Note that pos_label (set to 'Yes') is ignored when average != 'binary' (got 'weighted'). You may use labels=[pos_label] to specify a single positive class.
  warnings.warn(

2025-08-08 20:09:01,461:WARNING:/workspaces/TechCatalyst_DE_2025/pycaret_env/lib/python3.11/site-packages/sklearn/metrics/_classification.py:1561: UserWarning: Note that pos_label (set to 'Yes') is ignored when average != 'binary' (got 'weighted'). You may use labels=[pos_label] to specify a single positive class.
  warnings.warn(

2025-08-08 20:09:01,467:WARNING:/workspaces/TechCatalyst_DE_2025/pycaret_env/lib/python3.11/site-packages/sklearn/metrics/_classification.py:1561: UserWarning: Note that pos_label (set to 'Yes') is ignored when average != 'binary' (got 'weighted'). You may use labels=[pos_label] to specify a single positive class.
  warnings.warn(

2025-08-08 20:09:01,470:WARNING:/workspaces/TechCatalyst_DE_2025/pycaret_env/lib/python3.11/site-packages/sklearn/metrics/_classification.py:1509: UndefinedMetricWarning: Precision is ill-defined and being set to 0.0 in labels with no predicted samples. Use `zero_division` parameter to control this behavior.
  _warn_prf(average, modifier, f"{metric.capitalize()} is", len(result))

2025-08-08 20:09:01,475:WARNING:/workspaces/TechCatalyst_DE_2025/pycaret_env/lib/python3.11/site-packages/sklearn/metrics/_classification.py:1561: UserWarning: Note that pos_label (set to 'Yes') is ignored when average != 'binary' (got 'weighted'). You may use labels=[pos_label] to specify a single positive class.
  warnings.warn(

2025-08-08 20:09:01,724:WARNING:/workspaces/TechCatalyst_DE_2025/pycaret_env/lib/python3.11/site-packages/sklearn/metrics/_classification.py:1561: UserWarning: Note that pos_label (set to 'Yes') is ignored when average != 'binary' (got 'weighted'). You may use labels=[pos_label] to specify a single positive class.
  warnings.warn(

2025-08-08 20:09:01,730:WARNING:/workspaces/TechCatalyst_DE_2025/pycaret_env/lib/python3.11/site-packages/sklearn/metrics/_classification.py:1561: UserWarning: Note that pos_label (set to 'Yes') is ignored when average != 'binary' (got 'weighted'). You may use labels=[pos_label] to specify a single positive class.
  warnings.warn(

2025-08-08 20:09:01,733:WARNING:/workspaces/TechCatalyst_DE_2025/pycaret_env/lib/python3.11/site-packages/sklearn/metrics/_classification.py:1509: UndefinedMetricWarning: Precision is ill-defined and being set to 0.0 in labels with no predicted samples. Use `zero_division` parameter to control this behavior.
  _warn_prf(average, modifier, f"{metric.capitalize()} is", len(result))

2025-08-08 20:09:01,736:WARNING:/workspaces/TechCatalyst_DE_2025/pycaret_env/lib/python3.11/site-packages/sklearn/metrics/_classification.py:1561: UserWarning: Note that pos_label (set to 'Yes') is ignored when average != 'binary' (got 'weighted'). You may use labels=[pos_label] to specify a single positive class.
  warnings.warn(

2025-08-08 20:09:01,946:WARNING:/workspaces/TechCatalyst_DE_2025/pycaret_env/lib/python3.11/site-packages/sklearn/metrics/_classification.py:1561: UserWarning: Note that pos_label (set to 'Yes') is ignored when average != 'binary' (got 'weighted'). You may use labels=[pos_label] to specify a single positive class.
  warnings.warn(

2025-08-08 20:09:01,952:WARNING:/workspaces/TechCatalyst_DE_2025/pycaret_env/lib/python3.11/site-packages/sklearn/metrics/_classification.py:1561: UserWarning: Note that pos_label (set to 'Yes') is ignored when average != 'binary' (got 'weighted'). You may use labels=[pos_label] to specify a single positive class.
  warnings.warn(

2025-08-08 20:09:01,957:WARNING:/workspaces/TechCatalyst_DE_2025/pycaret_env/lib/python3.11/site-packages/sklearn/metrics/_classification.py:1509: UndefinedMetricWarning: Precision is ill-defined and being set to 0.0 in labels with no predicted samples. Use `zero_division` parameter to control this behavior.
  _warn_prf(average, modifier, f"{metric.capitalize()} is", len(result))

2025-08-08 20:09:01,965:WARNING:/workspaces/TechCatalyst_DE_2025/pycaret_env/lib/python3.11/site-packages/sklearn/metrics/_classification.py:1561: UserWarning: Note that pos_label (set to 'Yes') is ignored when average != 'binary' (got 'weighted'). You may use labels=[pos_label] to specify a single positive class.
  warnings.warn(

2025-08-08 20:09:02,101:WARNING:/workspaces/TechCatalyst_DE_2025/pycaret_env/lib/python3.11/site-packages/sklearn/metrics/_classification.py:1561: UserWarning: Note that pos_label (set to 'Yes') is ignored when average != 'binary' (got 'weighted'). You may use labels=[pos_label] to specify a single positive class.
  warnings.warn(

2025-08-08 20:09:02,105:WARNING:/workspaces/TechCatalyst_DE_2025/pycaret_env/lib/python3.11/site-packages/sklearn/metrics/_classification.py:1561: UserWarning: Note that pos_label (set to 'Yes') is ignored when average != 'binary' (got 'weighted'). You may use labels=[pos_label] to specify a single positive class.
  warnings.warn(

2025-08-08 20:09:02,107:WARNING:/workspaces/TechCatalyst_DE_2025/pycaret_env/lib/python3.11/site-packages/sklearn/metrics/_classification.py:1509: UndefinedMetricWarning: Precision is ill-defined and being set to 0.0 in labels with no predicted samples. Use `zero_division` parameter to control this behavior.
  _warn_prf(average, modifier, f"{metric.capitalize()} is", len(result))

2025-08-08 20:09:02,109:WARNING:/workspaces/TechCatalyst_DE_2025/pycaret_env/lib/python3.11/site-packages/sklearn/metrics/_classification.py:1561: UserWarning: Note that pos_label (set to 'Yes') is ignored when average != 'binary' (got 'weighted'). You may use labels=[pos_label] to specify a single positive class.
  warnings.warn(

2025-08-08 20:09:02,123:INFO:Calculating mean and std
2025-08-08 20:09:02,124:INFO:Creating metrics dataframe
2025-08-08 20:09:02,126:INFO:Uploading results into container
2025-08-08 20:09:02,127:INFO:Uploading model into container now
2025-08-08 20:09:02,128:INFO:_master_model_container: 13
2025-08-08 20:09:02,128:INFO:_display_container: 2
2025-08-08 20:09:02,129:INFO:XGBClassifier(base_score=None, booster='gbtree', callbacks=None,
              colsample_bylevel=None, colsample_bynode=None,
              colsample_bytree=None, device='cpu', early_stopping_rounds=None,
              enable_categorical=False, eval_metric=None, feature_types=None,
              feature_weights=None, gamma=None, grow_policy=None,
              importance_type=None, interaction_constraints=None,
              learning_rate=None, max_bin=None, max_cat_threshold=None,
              max_cat_to_onehot=None, max_delta_step=None, max_depth=None,
              max_leaves=None, min_child_weight=None, missing=nan,
              monotone_constraints=None, multi_strategy=None, n_estimators=None,
              n_jobs=-1, num_parallel_tree=None, ...)
2025-08-08 20:09:02,129:INFO:create_model() successfully completed......................................
2025-08-08 20:09:02,329:INFO:SubProcess create_model() end ==================================
2025-08-08 20:09:02,329:INFO:Creating metrics dataframe
2025-08-08 20:09:02,343:INFO:Initializing Light Gradient Boosting Machine
2025-08-08 20:09:02,343:INFO:Total runtime is 0.6828758398691813 minutes
2025-08-08 20:09:02,348:INFO:SubProcess create_model() called ==================================
2025-08-08 20:09:02,348:INFO:Initializing create_model()
2025-08-08 20:09:02,348:INFO:create_model(self=<pycaret.classification.oop.ClassificationExperiment object at 0x7bdcd0784450>, estimator=lightgbm, fold=StratifiedKFold(n_splits=10, random_state=None, shuffle=False), round=4, cross_validation=True, predict=True, fit_kwargs={}, groups=None, refit=False, probability_threshold=None, experiment_custom_tags=None, verbose=False, system=False, add_to_model_list=True, metrics=None, display=<pycaret.internal.display.display.CommonDisplay object at 0x7bdc9b2a5d10>, model_only=True, return_train_score=False, error_score=0.0, kwargs={})
2025-08-08 20:09:02,348:INFO:Checking exceptions
2025-08-08 20:09:02,348:INFO:Importing libraries
2025-08-08 20:09:02,348:INFO:Copying training dataset
2025-08-08 20:09:02,358:INFO:Defining folds
2025-08-08 20:09:02,359:INFO:Declaring metric variables
2025-08-08 20:09:02,366:INFO:Importing untrained model
2025-08-08 20:09:02,371:INFO:Light Gradient Boosting Machine Imported successfully
2025-08-08 20:09:02,381:INFO:Starting cross validation
2025-08-08 20:09:02,389:INFO:Cross validating with StratifiedKFold(n_splits=10, random_state=None, shuffle=False), n_jobs=-1
2025-08-08 20:09:03,046:WARNING:/workspaces/TechCatalyst_DE_2025/pycaret_env/lib/python3.11/site-packages/sklearn/metrics/_classification.py:1561: UserWarning: Note that pos_label (set to 'Yes') is ignored when average != 'binary' (got 'weighted'). You may use labels=[pos_label] to specify a single positive class.
  warnings.warn(

2025-08-08 20:09:03,052:WARNING:/workspaces/TechCatalyst_DE_2025/pycaret_env/lib/python3.11/site-packages/sklearn/metrics/_classification.py:1561: UserWarning: Note that pos_label (set to 'Yes') is ignored when average != 'binary' (got 'weighted'). You may use labels=[pos_label] to specify a single positive class.
  warnings.warn(

2025-08-08 20:09:03,055:WARNING:/workspaces/TechCatalyst_DE_2025/pycaret_env/lib/python3.11/site-packages/sklearn/metrics/_classification.py:1509: UndefinedMetricWarning: Precision is ill-defined and being set to 0.0 in labels with no predicted samples. Use `zero_division` parameter to control this behavior.
  _warn_prf(average, modifier, f"{metric.capitalize()} is", len(result))

2025-08-08 20:09:03,058:WARNING:/workspaces/TechCatalyst_DE_2025/pycaret_env/lib/python3.11/site-packages/sklearn/metrics/_classification.py:1561: UserWarning: Note that pos_label (set to 'Yes') is ignored when average != 'binary' (got 'weighted'). You may use labels=[pos_label] to specify a single positive class.
  warnings.warn(

2025-08-08 20:09:03,111:WARNING:/workspaces/TechCatalyst_DE_2025/pycaret_env/lib/python3.11/site-packages/sklearn/metrics/_classification.py:1561: UserWarning: Note that pos_label (set to 'Yes') is ignored when average != 'binary' (got 'weighted'). You may use labels=[pos_label] to specify a single positive class.
  warnings.warn(

2025-08-08 20:09:03,117:WARNING:/workspaces/TechCatalyst_DE_2025/pycaret_env/lib/python3.11/site-packages/sklearn/metrics/_classification.py:1561: UserWarning: Note that pos_label (set to 'Yes') is ignored when average != 'binary' (got 'weighted'). You may use labels=[pos_label] to specify a single positive class.
  warnings.warn(

2025-08-08 20:09:03,120:WARNING:/workspaces/TechCatalyst_DE_2025/pycaret_env/lib/python3.11/site-packages/sklearn/metrics/_classification.py:1509: UndefinedMetricWarning: Precision is ill-defined and being set to 0.0 in labels with no predicted samples. Use `zero_division` parameter to control this behavior.
  _warn_prf(average, modifier, f"{metric.capitalize()} is", len(result))

2025-08-08 20:09:03,122:WARNING:/workspaces/TechCatalyst_DE_2025/pycaret_env/lib/python3.11/site-packages/sklearn/metrics/_classification.py:1561: UserWarning: Note that pos_label (set to 'Yes') is ignored when average != 'binary' (got 'weighted'). You may use labels=[pos_label] to specify a single positive class.
  warnings.warn(

2025-08-08 20:09:03,711:WARNING:/workspaces/TechCatalyst_DE_2025/pycaret_env/lib/python3.11/site-packages/sklearn/metrics/_classification.py:1561: UserWarning: Note that pos_label (set to 'Yes') is ignored when average != 'binary' (got 'weighted'). You may use labels=[pos_label] to specify a single positive class.
  warnings.warn(

2025-08-08 20:09:03,717:WARNING:/workspaces/TechCatalyst_DE_2025/pycaret_env/lib/python3.11/site-packages/sklearn/metrics/_classification.py:1561: UserWarning: Note that pos_label (set to 'Yes') is ignored when average != 'binary' (got 'weighted'). You may use labels=[pos_label] to specify a single positive class.
  warnings.warn(

2025-08-08 20:09:03,720:WARNING:/workspaces/TechCatalyst_DE_2025/pycaret_env/lib/python3.11/site-packages/sklearn/metrics/_classification.py:1509: UndefinedMetricWarning: Precision is ill-defined and being set to 0.0 in labels with no predicted samples. Use `zero_division` parameter to control this behavior.
  _warn_prf(average, modifier, f"{metric.capitalize()} is", len(result))

2025-08-08 20:09:03,723:WARNING:/workspaces/TechCatalyst_DE_2025/pycaret_env/lib/python3.11/site-packages/sklearn/metrics/_classification.py:1561: UserWarning: Note that pos_label (set to 'Yes') is ignored when average != 'binary' (got 'weighted'). You may use labels=[pos_label] to specify a single positive class.
  warnings.warn(

2025-08-08 20:09:03,749:WARNING:/workspaces/TechCatalyst_DE_2025/pycaret_env/lib/python3.11/site-packages/sklearn/metrics/_classification.py:1561: UserWarning: Note that pos_label (set to 'Yes') is ignored when average != 'binary' (got 'weighted'). You may use labels=[pos_label] to specify a single positive class.
  warnings.warn(

2025-08-08 20:09:03,754:WARNING:/workspaces/TechCatalyst_DE_2025/pycaret_env/lib/python3.11/site-packages/sklearn/metrics/_classification.py:1561: UserWarning: Note that pos_label (set to 'Yes') is ignored when average != 'binary' (got 'weighted'). You may use labels=[pos_label] to specify a single positive class.
  warnings.warn(

2025-08-08 20:09:03,757:WARNING:/workspaces/TechCatalyst_DE_2025/pycaret_env/lib/python3.11/site-packages/sklearn/metrics/_classification.py:1509: UndefinedMetricWarning: Precision is ill-defined and being set to 0.0 in labels with no predicted samples. Use `zero_division` parameter to control this behavior.
  _warn_prf(average, modifier, f"{metric.capitalize()} is", len(result))

2025-08-08 20:09:03,762:WARNING:/workspaces/TechCatalyst_DE_2025/pycaret_env/lib/python3.11/site-packages/sklearn/metrics/_classification.py:1561: UserWarning: Note that pos_label (set to 'Yes') is ignored when average != 'binary' (got 'weighted'). You may use labels=[pos_label] to specify a single positive class.
  warnings.warn(

2025-08-08 20:09:05,671:WARNING:/workspaces/TechCatalyst_DE_2025/pycaret_env/lib/python3.11/site-packages/sklearn/metrics/_classification.py:1561: UserWarning: Note that pos_label (set to 'Yes') is ignored when average != 'binary' (got 'weighted'). You may use labels=[pos_label] to specify a single positive class.
  warnings.warn(

2025-08-08 20:09:05,678:WARNING:/workspaces/TechCatalyst_DE_2025/pycaret_env/lib/python3.11/site-packages/sklearn/metrics/_classification.py:1561: UserWarning: Note that pos_label (set to 'Yes') is ignored when average != 'binary' (got 'weighted'). You may use labels=[pos_label] to specify a single positive class.
  warnings.warn(

2025-08-08 20:09:05,686:WARNING:/workspaces/TechCatalyst_DE_2025/pycaret_env/lib/python3.11/site-packages/sklearn/metrics/_classification.py:1509: UndefinedMetricWarning: Precision is ill-defined and being set to 0.0 in labels with no predicted samples. Use `zero_division` parameter to control this behavior.
  _warn_prf(average, modifier, f"{metric.capitalize()} is", len(result))

2025-08-08 20:09:05,691:WARNING:/workspaces/TechCatalyst_DE_2025/pycaret_env/lib/python3.11/site-packages/sklearn/metrics/_classification.py:1561: UserWarning: Note that pos_label (set to 'Yes') is ignored when average != 'binary' (got 'weighted'). You may use labels=[pos_label] to specify a single positive class.
  warnings.warn(

2025-08-08 20:09:05,719:WARNING:/workspaces/TechCatalyst_DE_2025/pycaret_env/lib/python3.11/site-packages/sklearn/metrics/_classification.py:1561: UserWarning: Note that pos_label (set to 'Yes') is ignored when average != 'binary' (got 'weighted'). You may use labels=[pos_label] to specify a single positive class.
  warnings.warn(

2025-08-08 20:09:05,736:WARNING:/workspaces/TechCatalyst_DE_2025/pycaret_env/lib/python3.11/site-packages/sklearn/metrics/_classification.py:1561: UserWarning: Note that pos_label (set to 'Yes') is ignored when average != 'binary' (got 'weighted'). You may use labels=[pos_label] to specify a single positive class.
  warnings.warn(

2025-08-08 20:09:05,743:WARNING:/workspaces/TechCatalyst_DE_2025/pycaret_env/lib/python3.11/site-packages/sklearn/metrics/_classification.py:1509: UndefinedMetricWarning: Precision is ill-defined and being set to 0.0 in labels with no predicted samples. Use `zero_division` parameter to control this behavior.
  _warn_prf(average, modifier, f"{metric.capitalize()} is", len(result))

2025-08-08 20:09:05,753:WARNING:/workspaces/TechCatalyst_DE_2025/pycaret_env/lib/python3.11/site-packages/sklearn/metrics/_classification.py:1561: UserWarning: Note that pos_label (set to 'Yes') is ignored when average != 'binary' (got 'weighted'). You may use labels=[pos_label] to specify a single positive class.
  warnings.warn(

2025-08-08 20:09:06,948:WARNING:/workspaces/TechCatalyst_DE_2025/pycaret_env/lib/python3.11/site-packages/sklearn/metrics/_classification.py:1561: UserWarning: Note that pos_label (set to 'Yes') is ignored when average != 'binary' (got 'weighted'). You may use labels=[pos_label] to specify a single positive class.
  warnings.warn(

2025-08-08 20:09:06,958:WARNING:/workspaces/TechCatalyst_DE_2025/pycaret_env/lib/python3.11/site-packages/sklearn/metrics/_classification.py:1561: UserWarning: Note that pos_label (set to 'Yes') is ignored when average != 'binary' (got 'weighted'). You may use labels=[pos_label] to specify a single positive class.
  warnings.warn(

2025-08-08 20:09:06,961:WARNING:/workspaces/TechCatalyst_DE_2025/pycaret_env/lib/python3.11/site-packages/sklearn/metrics/_classification.py:1509: UndefinedMetricWarning: Precision is ill-defined and being set to 0.0 in labels with no predicted samples. Use `zero_division` parameter to control this behavior.
  _warn_prf(average, modifier, f"{metric.capitalize()} is", len(result))

2025-08-08 20:09:06,964:WARNING:/workspaces/TechCatalyst_DE_2025/pycaret_env/lib/python3.11/site-packages/sklearn/metrics/_classification.py:1561: UserWarning: Note that pos_label (set to 'Yes') is ignored when average != 'binary' (got 'weighted'). You may use labels=[pos_label] to specify a single positive class.
  warnings.warn(

2025-08-08 20:09:06,969:WARNING:/workspaces/TechCatalyst_DE_2025/pycaret_env/lib/python3.11/site-packages/sklearn/metrics/_classification.py:1561: UserWarning: Note that pos_label (set to 'Yes') is ignored when average != 'binary' (got 'weighted'). You may use labels=[pos_label] to specify a single positive class.
  warnings.warn(

2025-08-08 20:09:06,978:WARNING:/workspaces/TechCatalyst_DE_2025/pycaret_env/lib/python3.11/site-packages/sklearn/metrics/_classification.py:1561: UserWarning: Note that pos_label (set to 'Yes') is ignored when average != 'binary' (got 'weighted'). You may use labels=[pos_label] to specify a single positive class.
  warnings.warn(

2025-08-08 20:09:06,981:WARNING:/workspaces/TechCatalyst_DE_2025/pycaret_env/lib/python3.11/site-packages/sklearn/metrics/_classification.py:1509: UndefinedMetricWarning: Precision is ill-defined and being set to 0.0 in labels with no predicted samples. Use `zero_division` parameter to control this behavior.
  _warn_prf(average, modifier, f"{metric.capitalize()} is", len(result))

2025-08-08 20:09:06,984:WARNING:/workspaces/TechCatalyst_DE_2025/pycaret_env/lib/python3.11/site-packages/sklearn/metrics/_classification.py:1561: UserWarning: Note that pos_label (set to 'Yes') is ignored when average != 'binary' (got 'weighted'). You may use labels=[pos_label] to specify a single positive class.
  warnings.warn(

2025-08-08 20:09:07,474:WARNING:/workspaces/TechCatalyst_DE_2025/pycaret_env/lib/python3.11/site-packages/sklearn/metrics/_classification.py:1561: UserWarning: Note that pos_label (set to 'Yes') is ignored when average != 'binary' (got 'weighted'). You may use labels=[pos_label] to specify a single positive class.
  warnings.warn(

2025-08-08 20:09:07,480:WARNING:/workspaces/TechCatalyst_DE_2025/pycaret_env/lib/python3.11/site-packages/sklearn/metrics/_classification.py:1561: UserWarning: Note that pos_label (set to 'Yes') is ignored when average != 'binary' (got 'weighted'). You may use labels=[pos_label] to specify a single positive class.
  warnings.warn(

2025-08-08 20:09:07,483:WARNING:/workspaces/TechCatalyst_DE_2025/pycaret_env/lib/python3.11/site-packages/sklearn/metrics/_classification.py:1509: UndefinedMetricWarning: Precision is ill-defined and being set to 0.0 in labels with no predicted samples. Use `zero_division` parameter to control this behavior.
  _warn_prf(average, modifier, f"{metric.capitalize()} is", len(result))

2025-08-08 20:09:07,485:WARNING:/workspaces/TechCatalyst_DE_2025/pycaret_env/lib/python3.11/site-packages/sklearn/metrics/_classification.py:1561: UserWarning: Note that pos_label (set to 'Yes') is ignored when average != 'binary' (got 'weighted'). You may use labels=[pos_label] to specify a single positive class.
  warnings.warn(

2025-08-08 20:09:07,525:WARNING:/workspaces/TechCatalyst_DE_2025/pycaret_env/lib/python3.11/site-packages/sklearn/metrics/_classification.py:1561: UserWarning: Note that pos_label (set to 'Yes') is ignored when average != 'binary' (got 'weighted'). You may use labels=[pos_label] to specify a single positive class.
  warnings.warn(

2025-08-08 20:09:07,530:WARNING:/workspaces/TechCatalyst_DE_2025/pycaret_env/lib/python3.11/site-packages/sklearn/metrics/_classification.py:1561: UserWarning: Note that pos_label (set to 'Yes') is ignored when average != 'binary' (got 'weighted'). You may use labels=[pos_label] to specify a single positive class.
  warnings.warn(

2025-08-08 20:09:07,532:WARNING:/workspaces/TechCatalyst_DE_2025/pycaret_env/lib/python3.11/site-packages/sklearn/metrics/_classification.py:1509: UndefinedMetricWarning: Precision is ill-defined and being set to 0.0 in labels with no predicted samples. Use `zero_division` parameter to control this behavior.
  _warn_prf(average, modifier, f"{metric.capitalize()} is", len(result))

2025-08-08 20:09:07,534:WARNING:/workspaces/TechCatalyst_DE_2025/pycaret_env/lib/python3.11/site-packages/sklearn/metrics/_classification.py:1561: UserWarning: Note that pos_label (set to 'Yes') is ignored when average != 'binary' (got 'weighted'). You may use labels=[pos_label] to specify a single positive class.
  warnings.warn(

2025-08-08 20:09:07,541:INFO:Calculating mean and std
2025-08-08 20:09:07,543:INFO:Creating metrics dataframe
2025-08-08 20:09:07,546:INFO:Uploading results into container
2025-08-08 20:09:07,546:INFO:Uploading model into container now
2025-08-08 20:09:07,547:INFO:_master_model_container: 14
2025-08-08 20:09:07,547:INFO:_display_container: 2
2025-08-08 20:09:07,547:INFO:LGBMClassifier(boosting_type='gbdt', class_weight=None, colsample_bytree=1.0,
               importance_type='split', learning_rate=0.1, max_depth=-1,
               min_child_samples=20, min_child_weight=0.001, min_split_gain=0.0,
               n_estimators=100, n_jobs=-1, num_leaves=31, objective=None,
               random_state=42, reg_alpha=0.0, reg_lambda=0.0, subsample=1.0,
               subsample_for_bin=200000, subsample_freq=0)
2025-08-08 20:09:07,547:INFO:create_model() successfully completed......................................
2025-08-08 20:09:07,743:INFO:SubProcess create_model() end ==================================
2025-08-08 20:09:07,744:INFO:Creating metrics dataframe
2025-08-08 20:09:07,756:INFO:Initializing CatBoost Classifier
2025-08-08 20:09:07,756:INFO:Total runtime is 0.773090664545695 minutes
2025-08-08 20:09:07,759:INFO:SubProcess create_model() called ==================================
2025-08-08 20:09:07,760:INFO:Initializing create_model()
2025-08-08 20:09:07,760:INFO:create_model(self=<pycaret.classification.oop.ClassificationExperiment object at 0x7bdcd0784450>, estimator=catboost, fold=StratifiedKFold(n_splits=10, random_state=None, shuffle=False), round=4, cross_validation=True, predict=True, fit_kwargs={}, groups=None, refit=False, probability_threshold=None, experiment_custom_tags=None, verbose=False, system=False, add_to_model_list=True, metrics=None, display=<pycaret.internal.display.display.CommonDisplay object at 0x7bdc9b2a5d10>, model_only=True, return_train_score=False, error_score=0.0, kwargs={})
2025-08-08 20:09:07,760:INFO:Checking exceptions
2025-08-08 20:09:07,760:INFO:Importing libraries
2025-08-08 20:09:07,760:INFO:Copying training dataset
2025-08-08 20:09:07,767:INFO:Defining folds
2025-08-08 20:09:07,768:INFO:Declaring metric variables
2025-08-08 20:09:07,772:INFO:Importing untrained model
2025-08-08 20:09:07,775:INFO:CatBoost Classifier Imported successfully
2025-08-08 20:09:07,782:INFO:Starting cross validation
2025-08-08 20:09:07,786:INFO:Cross validating with StratifiedKFold(n_splits=10, random_state=None, shuffle=False), n_jobs=-1
2025-08-08 20:09:14,785:WARNING:/workspaces/TechCatalyst_DE_2025/pycaret_env/lib/python3.11/site-packages/sklearn/metrics/_classification.py:1561: UserWarning: Note that pos_label (set to 'Yes') is ignored when average != 'binary' (got 'weighted'). You may use labels=[pos_label] to specify a single positive class.
  warnings.warn(

2025-08-08 20:09:14,791:WARNING:/workspaces/TechCatalyst_DE_2025/pycaret_env/lib/python3.11/site-packages/sklearn/metrics/_classification.py:1561: UserWarning: Note that pos_label (set to 'Yes') is ignored when average != 'binary' (got 'weighted'). You may use labels=[pos_label] to specify a single positive class.
  warnings.warn(

2025-08-08 20:09:14,794:WARNING:/workspaces/TechCatalyst_DE_2025/pycaret_env/lib/python3.11/site-packages/sklearn/metrics/_classification.py:1509: UndefinedMetricWarning: Precision is ill-defined and being set to 0.0 in labels with no predicted samples. Use `zero_division` parameter to control this behavior.
  _warn_prf(average, modifier, f"{metric.capitalize()} is", len(result))

2025-08-08 20:09:14,796:WARNING:/workspaces/TechCatalyst_DE_2025/pycaret_env/lib/python3.11/site-packages/sklearn/metrics/_classification.py:1561: UserWarning: Note that pos_label (set to 'Yes') is ignored when average != 'binary' (got 'weighted'). You may use labels=[pos_label] to specify a single positive class.
  warnings.warn(

2025-08-08 20:09:15,117:WARNING:/workspaces/TechCatalyst_DE_2025/pycaret_env/lib/python3.11/site-packages/sklearn/metrics/_classification.py:1561: UserWarning: Note that pos_label (set to 'Yes') is ignored when average != 'binary' (got 'weighted'). You may use labels=[pos_label] to specify a single positive class.
  warnings.warn(

2025-08-08 20:09:15,123:WARNING:/workspaces/TechCatalyst_DE_2025/pycaret_env/lib/python3.11/site-packages/sklearn/metrics/_classification.py:1561: UserWarning: Note that pos_label (set to 'Yes') is ignored when average != 'binary' (got 'weighted'). You may use labels=[pos_label] to specify a single positive class.
  warnings.warn(

2025-08-08 20:09:15,127:WARNING:/workspaces/TechCatalyst_DE_2025/pycaret_env/lib/python3.11/site-packages/sklearn/metrics/_classification.py:1509: UndefinedMetricWarning: Precision is ill-defined and being set to 0.0 in labels with no predicted samples. Use `zero_division` parameter to control this behavior.
  _warn_prf(average, modifier, f"{metric.capitalize()} is", len(result))

2025-08-08 20:09:15,129:WARNING:/workspaces/TechCatalyst_DE_2025/pycaret_env/lib/python3.11/site-packages/sklearn/metrics/_classification.py:1561: UserWarning: Note that pos_label (set to 'Yes') is ignored when average != 'binary' (got 'weighted'). You may use labels=[pos_label] to specify a single positive class.
  warnings.warn(

2025-08-08 20:09:22,076:WARNING:/workspaces/TechCatalyst_DE_2025/pycaret_env/lib/python3.11/site-packages/sklearn/metrics/_classification.py:1561: UserWarning: Note that pos_label (set to 'Yes') is ignored when average != 'binary' (got 'weighted'). You may use labels=[pos_label] to specify a single positive class.
  warnings.warn(

2025-08-08 20:09:22,085:WARNING:/workspaces/TechCatalyst_DE_2025/pycaret_env/lib/python3.11/site-packages/sklearn/metrics/_classification.py:1561: UserWarning: Note that pos_label (set to 'Yes') is ignored when average != 'binary' (got 'weighted'). You may use labels=[pos_label] to specify a single positive class.
  warnings.warn(

2025-08-08 20:09:22,094:WARNING:/workspaces/TechCatalyst_DE_2025/pycaret_env/lib/python3.11/site-packages/sklearn/metrics/_classification.py:1509: UndefinedMetricWarning: Precision is ill-defined and being set to 0.0 in labels with no predicted samples. Use `zero_division` parameter to control this behavior.
  _warn_prf(average, modifier, f"{metric.capitalize()} is", len(result))

2025-08-08 20:09:22,098:WARNING:/workspaces/TechCatalyst_DE_2025/pycaret_env/lib/python3.11/site-packages/sklearn/metrics/_classification.py:1561: UserWarning: Note that pos_label (set to 'Yes') is ignored when average != 'binary' (got 'weighted'). You may use labels=[pos_label] to specify a single positive class.
  warnings.warn(

2025-08-08 20:09:22,569:WARNING:/workspaces/TechCatalyst_DE_2025/pycaret_env/lib/python3.11/site-packages/sklearn/metrics/_classification.py:1561: UserWarning: Note that pos_label (set to 'Yes') is ignored when average != 'binary' (got 'weighted'). You may use labels=[pos_label] to specify a single positive class.
  warnings.warn(

2025-08-08 20:09:22,575:WARNING:/workspaces/TechCatalyst_DE_2025/pycaret_env/lib/python3.11/site-packages/sklearn/metrics/_classification.py:1561: UserWarning: Note that pos_label (set to 'Yes') is ignored when average != 'binary' (got 'weighted'). You may use labels=[pos_label] to specify a single positive class.
  warnings.warn(

2025-08-08 20:09:22,578:WARNING:/workspaces/TechCatalyst_DE_2025/pycaret_env/lib/python3.11/site-packages/sklearn/metrics/_classification.py:1509: UndefinedMetricWarning: Precision is ill-defined and being set to 0.0 in labels with no predicted samples. Use `zero_division` parameter to control this behavior.
  _warn_prf(average, modifier, f"{metric.capitalize()} is", len(result))

2025-08-08 20:09:22,581:WARNING:/workspaces/TechCatalyst_DE_2025/pycaret_env/lib/python3.11/site-packages/sklearn/metrics/_classification.py:1561: UserWarning: Note that pos_label (set to 'Yes') is ignored when average != 'binary' (got 'weighted'). You may use labels=[pos_label] to specify a single positive class.
  warnings.warn(

2025-08-08 20:09:29,218:WARNING:/workspaces/TechCatalyst_DE_2025/pycaret_env/lib/python3.11/site-packages/sklearn/metrics/_classification.py:1561: UserWarning: Note that pos_label (set to 'Yes') is ignored when average != 'binary' (got 'weighted'). You may use labels=[pos_label] to specify a single positive class.
  warnings.warn(

2025-08-08 20:09:29,224:WARNING:/workspaces/TechCatalyst_DE_2025/pycaret_env/lib/python3.11/site-packages/sklearn/metrics/_classification.py:1561: UserWarning: Note that pos_label (set to 'Yes') is ignored when average != 'binary' (got 'weighted'). You may use labels=[pos_label] to specify a single positive class.
  warnings.warn(

2025-08-08 20:09:29,226:WARNING:/workspaces/TechCatalyst_DE_2025/pycaret_env/lib/python3.11/site-packages/sklearn/metrics/_classification.py:1509: UndefinedMetricWarning: Precision is ill-defined and being set to 0.0 in labels with no predicted samples. Use `zero_division` parameter to control this behavior.
  _warn_prf(average, modifier, f"{metric.capitalize()} is", len(result))

2025-08-08 20:09:29,230:WARNING:/workspaces/TechCatalyst_DE_2025/pycaret_env/lib/python3.11/site-packages/sklearn/metrics/_classification.py:1561: UserWarning: Note that pos_label (set to 'Yes') is ignored when average != 'binary' (got 'weighted'). You may use labels=[pos_label] to specify a single positive class.
  warnings.warn(

2025-08-08 20:09:29,643:WARNING:/workspaces/TechCatalyst_DE_2025/pycaret_env/lib/python3.11/site-packages/sklearn/metrics/_classification.py:1561: UserWarning: Note that pos_label (set to 'Yes') is ignored when average != 'binary' (got 'weighted'). You may use labels=[pos_label] to specify a single positive class.
  warnings.warn(

2025-08-08 20:09:29,651:WARNING:/workspaces/TechCatalyst_DE_2025/pycaret_env/lib/python3.11/site-packages/sklearn/metrics/_classification.py:1561: UserWarning: Note that pos_label (set to 'Yes') is ignored when average != 'binary' (got 'weighted'). You may use labels=[pos_label] to specify a single positive class.
  warnings.warn(

2025-08-08 20:09:29,659:WARNING:/workspaces/TechCatalyst_DE_2025/pycaret_env/lib/python3.11/site-packages/sklearn/metrics/_classification.py:1509: UndefinedMetricWarning: Precision is ill-defined and being set to 0.0 in labels with no predicted samples. Use `zero_division` parameter to control this behavior.
  _warn_prf(average, modifier, f"{metric.capitalize()} is", len(result))

2025-08-08 20:09:29,667:WARNING:/workspaces/TechCatalyst_DE_2025/pycaret_env/lib/python3.11/site-packages/sklearn/metrics/_classification.py:1561: UserWarning: Note that pos_label (set to 'Yes') is ignored when average != 'binary' (got 'weighted'). You may use labels=[pos_label] to specify a single positive class.
  warnings.warn(

2025-08-08 20:09:35,991:WARNING:/workspaces/TechCatalyst_DE_2025/pycaret_env/lib/python3.11/site-packages/sklearn/metrics/_classification.py:1561: UserWarning: Note that pos_label (set to 'Yes') is ignored when average != 'binary' (got 'weighted'). You may use labels=[pos_label] to specify a single positive class.
  warnings.warn(

2025-08-08 20:09:35,997:WARNING:/workspaces/TechCatalyst_DE_2025/pycaret_env/lib/python3.11/site-packages/sklearn/metrics/_classification.py:1561: UserWarning: Note that pos_label (set to 'Yes') is ignored when average != 'binary' (got 'weighted'). You may use labels=[pos_label] to specify a single positive class.
  warnings.warn(

2025-08-08 20:09:36,001:WARNING:/workspaces/TechCatalyst_DE_2025/pycaret_env/lib/python3.11/site-packages/sklearn/metrics/_classification.py:1509: UndefinedMetricWarning: Precision is ill-defined and being set to 0.0 in labels with no predicted samples. Use `zero_division` parameter to control this behavior.
  _warn_prf(average, modifier, f"{metric.capitalize()} is", len(result))

2025-08-08 20:09:36,006:WARNING:/workspaces/TechCatalyst_DE_2025/pycaret_env/lib/python3.11/site-packages/sklearn/metrics/_classification.py:1561: UserWarning: Note that pos_label (set to 'Yes') is ignored when average != 'binary' (got 'weighted'). You may use labels=[pos_label] to specify a single positive class.
  warnings.warn(

2025-08-08 20:09:36,748:WARNING:/workspaces/TechCatalyst_DE_2025/pycaret_env/lib/python3.11/site-packages/sklearn/metrics/_classification.py:1561: UserWarning: Note that pos_label (set to 'Yes') is ignored when average != 'binary' (got 'weighted'). You may use labels=[pos_label] to specify a single positive class.
  warnings.warn(

2025-08-08 20:09:36,760:WARNING:/workspaces/TechCatalyst_DE_2025/pycaret_env/lib/python3.11/site-packages/sklearn/metrics/_classification.py:1561: UserWarning: Note that pos_label (set to 'Yes') is ignored when average != 'binary' (got 'weighted'). You may use labels=[pos_label] to specify a single positive class.
  warnings.warn(

2025-08-08 20:09:36,764:WARNING:/workspaces/TechCatalyst_DE_2025/pycaret_env/lib/python3.11/site-packages/sklearn/metrics/_classification.py:1509: UndefinedMetricWarning: Precision is ill-defined and being set to 0.0 in labels with no predicted samples. Use `zero_division` parameter to control this behavior.
  _warn_prf(average, modifier, f"{metric.capitalize()} is", len(result))

2025-08-08 20:09:36,767:WARNING:/workspaces/TechCatalyst_DE_2025/pycaret_env/lib/python3.11/site-packages/sklearn/metrics/_classification.py:1561: UserWarning: Note that pos_label (set to 'Yes') is ignored when average != 'binary' (got 'weighted'). You may use labels=[pos_label] to specify a single positive class.
  warnings.warn(

2025-08-08 20:09:42,525:WARNING:/workspaces/TechCatalyst_DE_2025/pycaret_env/lib/python3.11/site-packages/sklearn/metrics/_classification.py:1561: UserWarning: Note that pos_label (set to 'Yes') is ignored when average != 'binary' (got 'weighted'). You may use labels=[pos_label] to specify a single positive class.
  warnings.warn(

2025-08-08 20:09:42,531:WARNING:/workspaces/TechCatalyst_DE_2025/pycaret_env/lib/python3.11/site-packages/sklearn/metrics/_classification.py:1561: UserWarning: Note that pos_label (set to 'Yes') is ignored when average != 'binary' (got 'weighted'). You may use labels=[pos_label] to specify a single positive class.
  warnings.warn(

2025-08-08 20:09:42,534:WARNING:/workspaces/TechCatalyst_DE_2025/pycaret_env/lib/python3.11/site-packages/sklearn/metrics/_classification.py:1509: UndefinedMetricWarning: Precision is ill-defined and being set to 0.0 in labels with no predicted samples. Use `zero_division` parameter to control this behavior.
  _warn_prf(average, modifier, f"{metric.capitalize()} is", len(result))

2025-08-08 20:09:42,537:WARNING:/workspaces/TechCatalyst_DE_2025/pycaret_env/lib/python3.11/site-packages/sklearn/metrics/_classification.py:1561: UserWarning: Note that pos_label (set to 'Yes') is ignored when average != 'binary' (got 'weighted'). You may use labels=[pos_label] to specify a single positive class.
  warnings.warn(

2025-08-08 20:09:43,103:WARNING:/workspaces/TechCatalyst_DE_2025/pycaret_env/lib/python3.11/site-packages/sklearn/metrics/_classification.py:1561: UserWarning: Note that pos_label (set to 'Yes') is ignored when average != 'binary' (got 'weighted'). You may use labels=[pos_label] to specify a single positive class.
  warnings.warn(

2025-08-08 20:09:43,107:WARNING:/workspaces/TechCatalyst_DE_2025/pycaret_env/lib/python3.11/site-packages/sklearn/metrics/_classification.py:1561: UserWarning: Note that pos_label (set to 'Yes') is ignored when average != 'binary' (got 'weighted'). You may use labels=[pos_label] to specify a single positive class.
  warnings.warn(

2025-08-08 20:09:43,109:WARNING:/workspaces/TechCatalyst_DE_2025/pycaret_env/lib/python3.11/site-packages/sklearn/metrics/_classification.py:1509: UndefinedMetricWarning: Precision is ill-defined and being set to 0.0 in labels with no predicted samples. Use `zero_division` parameter to control this behavior.
  _warn_prf(average, modifier, f"{metric.capitalize()} is", len(result))

2025-08-08 20:09:43,110:WARNING:/workspaces/TechCatalyst_DE_2025/pycaret_env/lib/python3.11/site-packages/sklearn/metrics/_classification.py:1561: UserWarning: Note that pos_label (set to 'Yes') is ignored when average != 'binary' (got 'weighted'). You may use labels=[pos_label] to specify a single positive class.
  warnings.warn(

2025-08-08 20:09:43,118:INFO:Calculating mean and std
2025-08-08 20:09:43,119:INFO:Creating metrics dataframe
2025-08-08 20:09:43,120:INFO:Uploading results into container
2025-08-08 20:09:43,121:INFO:Uploading model into container now
2025-08-08 20:09:43,121:INFO:_master_model_container: 15
2025-08-08 20:09:43,121:INFO:_display_container: 2
2025-08-08 20:09:43,122:INFO:<catboost.core.CatBoostClassifier object at 0x7bdc9afc4cd0>
2025-08-08 20:09:43,122:INFO:create_model() successfully completed......................................
2025-08-08 20:09:43,316:INFO:SubProcess create_model() end ==================================
2025-08-08 20:09:43,316:INFO:Creating metrics dataframe
2025-08-08 20:09:43,325:INFO:Initializing Dummy Classifier
2025-08-08 20:09:43,325:INFO:Total runtime is 1.3659147063891093 minutes
2025-08-08 20:09:43,329:INFO:SubProcess create_model() called ==================================
2025-08-08 20:09:43,329:INFO:Initializing create_model()
2025-08-08 20:09:43,329:INFO:create_model(self=<pycaret.classification.oop.ClassificationExperiment object at 0x7bdcd0784450>, estimator=dummy, fold=StratifiedKFold(n_splits=10, random_state=None, shuffle=False), round=4, cross_validation=True, predict=True, fit_kwargs={}, groups=None, refit=False, probability_threshold=None, experiment_custom_tags=None, verbose=False, system=False, add_to_model_list=True, metrics=None, display=<pycaret.internal.display.display.CommonDisplay object at 0x7bdc9b2a5d10>, model_only=True, return_train_score=False, error_score=0.0, kwargs={})
2025-08-08 20:09:43,329:INFO:Checking exceptions
2025-08-08 20:09:43,330:INFO:Importing libraries
2025-08-08 20:09:43,330:INFO:Copying training dataset
2025-08-08 20:09:43,338:INFO:Defining folds
2025-08-08 20:09:43,338:INFO:Declaring metric variables
2025-08-08 20:09:43,342:INFO:Importing untrained model
2025-08-08 20:09:43,345:INFO:Dummy Classifier Imported successfully
2025-08-08 20:09:43,352:INFO:Starting cross validation
2025-08-08 20:09:43,356:INFO:Cross validating with StratifiedKFold(n_splits=10, random_state=None, shuffle=False), n_jobs=-1
2025-08-08 20:09:43,845:WARNING:/workspaces/TechCatalyst_DE_2025/pycaret_env/lib/python3.11/site-packages/sklearn/metrics/_classification.py:1561: UserWarning: Note that pos_label (set to 'Yes') is ignored when average != 'binary' (got 'weighted'). You may use labels=[pos_label] to specify a single positive class.
  warnings.warn(

2025-08-08 20:09:43,849:WARNING:/workspaces/TechCatalyst_DE_2025/pycaret_env/lib/python3.11/site-packages/sklearn/metrics/_classification.py:1561: UserWarning: Note that pos_label (set to 'Yes') is ignored when average != 'binary' (got 'weighted'). You may use labels=[pos_label] to specify a single positive class.
  warnings.warn(

2025-08-08 20:09:43,855:WARNING:/workspaces/TechCatalyst_DE_2025/pycaret_env/lib/python3.11/site-packages/sklearn/metrics/_classification.py:1561: UserWarning: Note that pos_label (set to 'Yes') is ignored when average != 'binary' (got 'weighted'). You may use labels=[pos_label] to specify a single positive class.
  warnings.warn(

2025-08-08 20:09:43,856:WARNING:/workspaces/TechCatalyst_DE_2025/pycaret_env/lib/python3.11/site-packages/sklearn/metrics/_classification.py:1561: UserWarning: Note that pos_label (set to 'Yes') is ignored when average != 'binary' (got 'weighted'). You may use labels=[pos_label] to specify a single positive class.
  warnings.warn(

2025-08-08 20:09:43,858:WARNING:/workspaces/TechCatalyst_DE_2025/pycaret_env/lib/python3.11/site-packages/sklearn/metrics/_classification.py:1509: UndefinedMetricWarning: Precision is ill-defined and being set to 0.0 in labels with no predicted samples. Use `zero_division` parameter to control this behavior.
  _warn_prf(average, modifier, f"{metric.capitalize()} is", len(result))

2025-08-08 20:09:43,860:WARNING:/workspaces/TechCatalyst_DE_2025/pycaret_env/lib/python3.11/site-packages/sklearn/metrics/_classification.py:1561: UserWarning: Note that pos_label (set to 'Yes') is ignored when average != 'binary' (got 'weighted'). You may use labels=[pos_label] to specify a single positive class.
  warnings.warn(

2025-08-08 20:09:43,862:WARNING:/workspaces/TechCatalyst_DE_2025/pycaret_env/lib/python3.11/site-packages/sklearn/metrics/_classification.py:1509: UndefinedMetricWarning: Precision is ill-defined and being set to 0.0 in labels with no predicted samples. Use `zero_division` parameter to control this behavior.
  _warn_prf(average, modifier, f"{metric.capitalize()} is", len(result))

2025-08-08 20:09:43,865:WARNING:/workspaces/TechCatalyst_DE_2025/pycaret_env/lib/python3.11/site-packages/sklearn/metrics/_classification.py:1561: UserWarning: Note that pos_label (set to 'Yes') is ignored when average != 'binary' (got 'weighted'). You may use labels=[pos_label] to specify a single positive class.
  warnings.warn(

2025-08-08 20:09:44,483:WARNING:/workspaces/TechCatalyst_DE_2025/pycaret_env/lib/python3.11/site-packages/sklearn/metrics/_classification.py:1561: UserWarning: Note that pos_label (set to 'Yes') is ignored when average != 'binary' (got 'weighted'). You may use labels=[pos_label] to specify a single positive class.
  warnings.warn(

2025-08-08 20:09:44,490:WARNING:/workspaces/TechCatalyst_DE_2025/pycaret_env/lib/python3.11/site-packages/sklearn/metrics/_classification.py:1561: UserWarning: Note that pos_label (set to 'Yes') is ignored when average != 'binary' (got 'weighted'). You may use labels=[pos_label] to specify a single positive class.
  warnings.warn(

2025-08-08 20:09:44,493:WARNING:/workspaces/TechCatalyst_DE_2025/pycaret_env/lib/python3.11/site-packages/sklearn/metrics/_classification.py:1509: UndefinedMetricWarning: Precision is ill-defined and being set to 0.0 in labels with no predicted samples. Use `zero_division` parameter to control this behavior.
  _warn_prf(average, modifier, f"{metric.capitalize()} is", len(result))

2025-08-08 20:09:44,496:WARNING:/workspaces/TechCatalyst_DE_2025/pycaret_env/lib/python3.11/site-packages/sklearn/metrics/_classification.py:1561: UserWarning: Note that pos_label (set to 'Yes') is ignored when average != 'binary' (got 'weighted'). You may use labels=[pos_label] to specify a single positive class.
  warnings.warn(

2025-08-08 20:09:44,524:WARNING:/workspaces/TechCatalyst_DE_2025/pycaret_env/lib/python3.11/site-packages/sklearn/metrics/_classification.py:1561: UserWarning: Note that pos_label (set to 'Yes') is ignored when average != 'binary' (got 'weighted'). You may use labels=[pos_label] to specify a single positive class.
  warnings.warn(

2025-08-08 20:09:44,530:WARNING:/workspaces/TechCatalyst_DE_2025/pycaret_env/lib/python3.11/site-packages/sklearn/metrics/_classification.py:1561: UserWarning: Note that pos_label (set to 'Yes') is ignored when average != 'binary' (got 'weighted'). You may use labels=[pos_label] to specify a single positive class.
  warnings.warn(

2025-08-08 20:09:44,534:WARNING:/workspaces/TechCatalyst_DE_2025/pycaret_env/lib/python3.11/site-packages/sklearn/metrics/_classification.py:1509: UndefinedMetricWarning: Precision is ill-defined and being set to 0.0 in labels with no predicted samples. Use `zero_division` parameter to control this behavior.
  _warn_prf(average, modifier, f"{metric.capitalize()} is", len(result))

2025-08-08 20:09:44,536:WARNING:/workspaces/TechCatalyst_DE_2025/pycaret_env/lib/python3.11/site-packages/sklearn/metrics/_classification.py:1561: UserWarning: Note that pos_label (set to 'Yes') is ignored when average != 'binary' (got 'weighted'). You may use labels=[pos_label] to specify a single positive class.
  warnings.warn(

2025-08-08 20:09:44,851:WARNING:/workspaces/TechCatalyst_DE_2025/pycaret_env/lib/python3.11/site-packages/sklearn/metrics/_classification.py:1561: UserWarning: Note that pos_label (set to 'Yes') is ignored when average != 'binary' (got 'weighted'). You may use labels=[pos_label] to specify a single positive class.
  warnings.warn(

2025-08-08 20:09:44,857:WARNING:/workspaces/TechCatalyst_DE_2025/pycaret_env/lib/python3.11/site-packages/sklearn/metrics/_classification.py:1561: UserWarning: Note that pos_label (set to 'Yes') is ignored when average != 'binary' (got 'weighted'). You may use labels=[pos_label] to specify a single positive class.
  warnings.warn(

2025-08-08 20:09:44,861:WARNING:/workspaces/TechCatalyst_DE_2025/pycaret_env/lib/python3.11/site-packages/sklearn/metrics/_classification.py:1509: UndefinedMetricWarning: Precision is ill-defined and being set to 0.0 in labels with no predicted samples. Use `zero_division` parameter to control this behavior.
  _warn_prf(average, modifier, f"{metric.capitalize()} is", len(result))

2025-08-08 20:09:44,864:WARNING:/workspaces/TechCatalyst_DE_2025/pycaret_env/lib/python3.11/site-packages/sklearn/metrics/_classification.py:1561: UserWarning: Note that pos_label (set to 'Yes') is ignored when average != 'binary' (got 'weighted'). You may use labels=[pos_label] to specify a single positive class.
  warnings.warn(

2025-08-08 20:09:44,951:WARNING:/workspaces/TechCatalyst_DE_2025/pycaret_env/lib/python3.11/site-packages/sklearn/metrics/_classification.py:1561: UserWarning: Note that pos_label (set to 'Yes') is ignored when average != 'binary' (got 'weighted'). You may use labels=[pos_label] to specify a single positive class.
  warnings.warn(

2025-08-08 20:09:44,957:WARNING:/workspaces/TechCatalyst_DE_2025/pycaret_env/lib/python3.11/site-packages/sklearn/metrics/_classification.py:1561: UserWarning: Note that pos_label (set to 'Yes') is ignored when average != 'binary' (got 'weighted'). You may use labels=[pos_label] to specify a single positive class.
  warnings.warn(

2025-08-08 20:09:44,960:WARNING:/workspaces/TechCatalyst_DE_2025/pycaret_env/lib/python3.11/site-packages/sklearn/metrics/_classification.py:1509: UndefinedMetricWarning: Precision is ill-defined and being set to 0.0 in labels with no predicted samples. Use `zero_division` parameter to control this behavior.
  _warn_prf(average, modifier, f"{metric.capitalize()} is", len(result))

2025-08-08 20:09:44,963:WARNING:/workspaces/TechCatalyst_DE_2025/pycaret_env/lib/python3.11/site-packages/sklearn/metrics/_classification.py:1561: UserWarning: Note that pos_label (set to 'Yes') is ignored when average != 'binary' (got 'weighted'). You may use labels=[pos_label] to specify a single positive class.
  warnings.warn(

2025-08-08 20:09:45,240:WARNING:/workspaces/TechCatalyst_DE_2025/pycaret_env/lib/python3.11/site-packages/sklearn/metrics/_classification.py:1561: UserWarning: Note that pos_label (set to 'Yes') is ignored when average != 'binary' (got 'weighted'). You may use labels=[pos_label] to specify a single positive class.
  warnings.warn(

2025-08-08 20:09:45,248:WARNING:/workspaces/TechCatalyst_DE_2025/pycaret_env/lib/python3.11/site-packages/sklearn/metrics/_classification.py:1561: UserWarning: Note that pos_label (set to 'Yes') is ignored when average != 'binary' (got 'weighted'). You may use labels=[pos_label] to specify a single positive class.
  warnings.warn(

2025-08-08 20:09:45,251:WARNING:/workspaces/TechCatalyst_DE_2025/pycaret_env/lib/python3.11/site-packages/sklearn/metrics/_classification.py:1509: UndefinedMetricWarning: Precision is ill-defined and being set to 0.0 in labels with no predicted samples. Use `zero_division` parameter to control this behavior.
  _warn_prf(average, modifier, f"{metric.capitalize()} is", len(result))

2025-08-08 20:09:45,254:WARNING:/workspaces/TechCatalyst_DE_2025/pycaret_env/lib/python3.11/site-packages/sklearn/metrics/_classification.py:1561: UserWarning: Note that pos_label (set to 'Yes') is ignored when average != 'binary' (got 'weighted'). You may use labels=[pos_label] to specify a single positive class.
  warnings.warn(

2025-08-08 20:09:45,357:WARNING:/workspaces/TechCatalyst_DE_2025/pycaret_env/lib/python3.11/site-packages/sklearn/metrics/_classification.py:1561: UserWarning: Note that pos_label (set to 'Yes') is ignored when average != 'binary' (got 'weighted'). You may use labels=[pos_label] to specify a single positive class.
  warnings.warn(

2025-08-08 20:09:45,363:WARNING:/workspaces/TechCatalyst_DE_2025/pycaret_env/lib/python3.11/site-packages/sklearn/metrics/_classification.py:1561: UserWarning: Note that pos_label (set to 'Yes') is ignored when average != 'binary' (got 'weighted'). You may use labels=[pos_label] to specify a single positive class.
  warnings.warn(

2025-08-08 20:09:45,366:WARNING:/workspaces/TechCatalyst_DE_2025/pycaret_env/lib/python3.11/site-packages/sklearn/metrics/_classification.py:1509: UndefinedMetricWarning: Precision is ill-defined and being set to 0.0 in labels with no predicted samples. Use `zero_division` parameter to control this behavior.
  _warn_prf(average, modifier, f"{metric.capitalize()} is", len(result))

2025-08-08 20:09:45,369:WARNING:/workspaces/TechCatalyst_DE_2025/pycaret_env/lib/python3.11/site-packages/sklearn/metrics/_classification.py:1561: UserWarning: Note that pos_label (set to 'Yes') is ignored when average != 'binary' (got 'weighted'). You may use labels=[pos_label] to specify a single positive class.
  warnings.warn(

2025-08-08 20:09:45,650:WARNING:/workspaces/TechCatalyst_DE_2025/pycaret_env/lib/python3.11/site-packages/sklearn/metrics/_classification.py:1561: UserWarning: Note that pos_label (set to 'Yes') is ignored when average != 'binary' (got 'weighted'). You may use labels=[pos_label] to specify a single positive class.
  warnings.warn(

2025-08-08 20:09:45,656:WARNING:/workspaces/TechCatalyst_DE_2025/pycaret_env/lib/python3.11/site-packages/sklearn/metrics/_classification.py:1561: UserWarning: Note that pos_label (set to 'Yes') is ignored when average != 'binary' (got 'weighted'). You may use labels=[pos_label] to specify a single positive class.
  warnings.warn(

2025-08-08 20:09:45,659:WARNING:/workspaces/TechCatalyst_DE_2025/pycaret_env/lib/python3.11/site-packages/sklearn/metrics/_classification.py:1509: UndefinedMetricWarning: Precision is ill-defined and being set to 0.0 in labels with no predicted samples. Use `zero_division` parameter to control this behavior.
  _warn_prf(average, modifier, f"{metric.capitalize()} is", len(result))

2025-08-08 20:09:45,662:WARNING:/workspaces/TechCatalyst_DE_2025/pycaret_env/lib/python3.11/site-packages/sklearn/metrics/_classification.py:1561: UserWarning: Note that pos_label (set to 'Yes') is ignored when average != 'binary' (got 'weighted'). You may use labels=[pos_label] to specify a single positive class.
  warnings.warn(

2025-08-08 20:09:45,703:WARNING:/workspaces/TechCatalyst_DE_2025/pycaret_env/lib/python3.11/site-packages/sklearn/metrics/_classification.py:1561: UserWarning: Note that pos_label (set to 'Yes') is ignored when average != 'binary' (got 'weighted'). You may use labels=[pos_label] to specify a single positive class.
  warnings.warn(

2025-08-08 20:09:45,706:WARNING:/workspaces/TechCatalyst_DE_2025/pycaret_env/lib/python3.11/site-packages/sklearn/metrics/_classification.py:1561: UserWarning: Note that pos_label (set to 'Yes') is ignored when average != 'binary' (got 'weighted'). You may use labels=[pos_label] to specify a single positive class.
  warnings.warn(

2025-08-08 20:09:45,708:WARNING:/workspaces/TechCatalyst_DE_2025/pycaret_env/lib/python3.11/site-packages/sklearn/metrics/_classification.py:1509: UndefinedMetricWarning: Precision is ill-defined and being set to 0.0 in labels with no predicted samples. Use `zero_division` parameter to control this behavior.
  _warn_prf(average, modifier, f"{metric.capitalize()} is", len(result))

2025-08-08 20:09:45,710:WARNING:/workspaces/TechCatalyst_DE_2025/pycaret_env/lib/python3.11/site-packages/sklearn/metrics/_classification.py:1561: UserWarning: Note that pos_label (set to 'Yes') is ignored when average != 'binary' (got 'weighted'). You may use labels=[pos_label] to specify a single positive class.
  warnings.warn(

2025-08-08 20:09:45,717:INFO:Calculating mean and std
2025-08-08 20:09:45,718:INFO:Creating metrics dataframe
2025-08-08 20:09:45,720:INFO:Uploading results into container
2025-08-08 20:09:45,720:INFO:Uploading model into container now
2025-08-08 20:09:45,720:INFO:_master_model_container: 16
2025-08-08 20:09:45,721:INFO:_display_container: 2
2025-08-08 20:09:45,721:INFO:DummyClassifier(constant=None, random_state=42, strategy='prior')
2025-08-08 20:09:45,721:INFO:create_model() successfully completed......................................
2025-08-08 20:09:45,953:INFO:SubProcess create_model() end ==================================
2025-08-08 20:09:45,953:INFO:Creating metrics dataframe
2025-08-08 20:09:45,971:WARNING:/workspaces/TechCatalyst_DE_2025/pycaret_env/lib/python3.11/site-packages/pycaret/internal/pycaret_experiment/supervised_experiment.py:339: FutureWarning: Styler.applymap has been deprecated. Use Styler.map instead.
  .applymap(highlight_cols, subset=["TT (Sec)"])

2025-08-08 20:09:45,982:INFO:Initializing create_model()
2025-08-08 20:09:45,982:INFO:create_model(self=<pycaret.classification.oop.ClassificationExperiment object at 0x7bdcd0784450>, estimator=KNeighborsClassifier(algorithm='auto', leaf_size=30, metric='minkowski',
                     metric_params=None, n_jobs=-1, n_neighbors=5, p=2,
                     weights='uniform'), fold=StratifiedKFold(n_splits=10, random_state=None, shuffle=False), round=4, cross_validation=False, predict=False, fit_kwargs={}, groups=None, refit=True, probability_threshold=None, experiment_custom_tags=None, verbose=False, system=False, add_to_model_list=True, metrics=None, display=None, model_only=True, return_train_score=False, error_score=0.0, kwargs={})
2025-08-08 20:09:45,982:INFO:Checking exceptions
2025-08-08 20:09:45,984:INFO:Importing libraries
2025-08-08 20:09:45,984:INFO:Copying training dataset
2025-08-08 20:09:45,990:INFO:Defining folds
2025-08-08 20:09:45,990:INFO:Declaring metric variables
2025-08-08 20:09:45,990:INFO:Importing untrained model
2025-08-08 20:09:45,991:INFO:Declaring custom model
2025-08-08 20:09:45,991:INFO:K Neighbors Classifier Imported successfully
2025-08-08 20:09:45,997:INFO:Cross validation set to False
2025-08-08 20:09:45,997:INFO:Fitting Model
2025-08-08 20:09:46,225:INFO:KNeighborsClassifier(algorithm='auto', leaf_size=30, metric='minkowski',
                     metric_params=None, n_jobs=-1, n_neighbors=5, p=2,
                     weights='uniform')
2025-08-08 20:09:46,225:INFO:create_model() successfully completed......................................
2025-08-08 20:09:46,439:INFO:Initializing create_model()
2025-08-08 20:09:46,439:INFO:create_model(self=<pycaret.classification.oop.ClassificationExperiment object at 0x7bdcd0784450>, estimator=LogisticRegression(C=1.0, class_weight=None, dual=False, fit_intercept=True,
                   intercept_scaling=1, l1_ratio=None, max_iter=1000,
                   multi_class='auto', n_jobs=None, penalty='l2',
                   random_state=42, solver='lbfgs', tol=0.0001, verbose=0,
                   warm_start=False), fold=StratifiedKFold(n_splits=10, random_state=None, shuffle=False), round=4, cross_validation=False, predict=False, fit_kwargs={}, groups=None, refit=True, probability_threshold=None, experiment_custom_tags=None, verbose=False, system=False, add_to_model_list=True, metrics=None, display=None, model_only=True, return_train_score=False, error_score=0.0, kwargs={})
2025-08-08 20:09:46,439:INFO:Checking exceptions
2025-08-08 20:09:46,440:INFO:Importing libraries
2025-08-08 20:09:46,441:INFO:Copying training dataset
2025-08-08 20:09:46,449:INFO:Defining folds
2025-08-08 20:09:46,449:INFO:Declaring metric variables
2025-08-08 20:09:46,450:INFO:Importing untrained model
2025-08-08 20:09:46,450:INFO:Declaring custom model
2025-08-08 20:09:46,450:INFO:Logistic Regression Imported successfully
2025-08-08 20:09:46,452:INFO:Cross validation set to False
2025-08-08 20:09:46,453:INFO:Fitting Model
2025-08-08 20:09:46,982:INFO:LogisticRegression(C=1.0, class_weight=None, dual=False, fit_intercept=True,
                   intercept_scaling=1, l1_ratio=None, max_iter=1000,
                   multi_class='auto', n_jobs=None, penalty='l2',
                   random_state=42, solver='lbfgs', tol=0.0001, verbose=0,
                   warm_start=False)
2025-08-08 20:09:46,982:INFO:create_model() successfully completed......................................
2025-08-08 20:09:47,193:INFO:Initializing create_model()
2025-08-08 20:09:47,193:INFO:create_model(self=<pycaret.classification.oop.ClassificationExperiment object at 0x7bdcd0784450>, estimator=RidgeClassifier(alpha=1.0, class_weight=None, copy_X=True, fit_intercept=True,
                max_iter=None, positive=False, random_state=42, solver='auto',
                tol=0.0001), fold=StratifiedKFold(n_splits=10, random_state=None, shuffle=False), round=4, cross_validation=False, predict=False, fit_kwargs={}, groups=None, refit=True, probability_threshold=None, experiment_custom_tags=None, verbose=False, system=False, add_to_model_list=True, metrics=None, display=None, model_only=True, return_train_score=False, error_score=0.0, kwargs={})
2025-08-08 20:09:47,193:INFO:Checking exceptions
2025-08-08 20:09:47,195:INFO:Importing libraries
2025-08-08 20:09:47,195:INFO:Copying training dataset
2025-08-08 20:09:47,202:INFO:Defining folds
2025-08-08 20:09:47,202:INFO:Declaring metric variables
2025-08-08 20:09:47,202:INFO:Importing untrained model
2025-08-08 20:09:47,202:INFO:Declaring custom model
2025-08-08 20:09:47,203:INFO:Ridge Classifier Imported successfully
2025-08-08 20:09:47,205:INFO:Cross validation set to False
2025-08-08 20:09:47,205:INFO:Fitting Model
2025-08-08 20:09:47,411:INFO:RidgeClassifier(alpha=1.0, class_weight=None, copy_X=True, fit_intercept=True,
                max_iter=None, positive=False, random_state=42, solver='auto',
                tol=0.0001)
2025-08-08 20:09:47,411:INFO:create_model() successfully completed......................................
2025-08-08 20:09:47,646:INFO:_master_model_container: 16
2025-08-08 20:09:47,646:INFO:_display_container: 2
2025-08-08 20:09:47,647:INFO:[KNeighborsClassifier(algorithm='auto', leaf_size=30, metric='minkowski',
                     metric_params=None, n_jobs=-1, n_neighbors=5, p=2,
                     weights='uniform'), LogisticRegression(C=1.0, class_weight=None, dual=False, fit_intercept=True,
                   intercept_scaling=1, l1_ratio=None, max_iter=1000,
                   multi_class='auto', n_jobs=None, penalty='l2',
                   random_state=42, solver='lbfgs', tol=0.0001, verbose=0,
                   warm_start=False), RidgeClassifier(alpha=1.0, class_weight=None, copy_X=True, fit_intercept=True,
                max_iter=None, positive=False, random_state=42, solver='auto',
                tol=0.0001)]
2025-08-08 20:09:47,647:INFO:compare_models() successfully completed......................................
2025-08-08 20:10:30,501:INFO:Initializing plot_model()
2025-08-08 20:10:30,501:INFO:plot_model(self=<pycaret.classification.oop.ClassificationExperiment object at 0x7bdcd0784450>, estimator=KNeighborsClassifier(algorithm='auto', leaf_size=30, metric='minkowski',
                     metric_params=None, n_jobs=-1, n_neighbors=5, p=2,
                     weights='uniform'), plot=confusion_matrix, scale=1, save=False, fold=None, fit_kwargs=None, plot_kwargs=None, groups=None, feature_name=None, label=False, verbose=True, system=True, display=None, display_format=None)
2025-08-08 20:10:30,502:INFO:Checking exceptions
2025-08-08 20:10:30,508:INFO:Preloading libraries
2025-08-08 20:10:30,509:INFO:Copying training dataset
2025-08-08 20:10:30,509:INFO:Plot type: confusion_matrix
2025-08-08 20:10:30,719:INFO:Fitting Model
2025-08-08 20:10:30,719:WARNING:/workspaces/TechCatalyst_DE_2025/pycaret_env/lib/python3.11/site-packages/sklearn/base.py:493: UserWarning: X does not have valid feature names, but KNeighborsClassifier was fitted with feature names
  warnings.warn(

2025-08-08 20:10:30,720:INFO:Scoring test/hold-out set
2025-08-08 20:10:30,877:WARNING:findfont: Generic family 'sans-serif' not found because none of the following families were found: Arial, Liberation Sans, Bitstream Vera Sans, sans-serif
2025-08-08 20:10:30,880:WARNING:findfont: Generic family 'sans-serif' not found because none of the following families were found: Arial, Liberation Sans, Bitstream Vera Sans, sans-serif
2025-08-08 20:10:30,881:WARNING:findfont: Generic family 'sans-serif' not found because none of the following families were found: Arial, Liberation Sans, Bitstream Vera Sans, sans-serif
2025-08-08 20:10:30,882:WARNING:findfont: Generic family 'sans-serif' not found because none of the following families were found: Arial, Liberation Sans, Bitstream Vera Sans, sans-serif
2025-08-08 20:10:30,883:WARNING:findfont: Generic family 'sans-serif' not found because none of the following families were found: Arial, Liberation Sans, Bitstream Vera Sans, sans-serif
2025-08-08 20:10:30,884:WARNING:findfont: Generic family 'sans-serif' not found because none of the following families were found: Arial, Liberation Sans, Bitstream Vera Sans, sans-serif
2025-08-08 20:10:30,887:WARNING:findfont: Generic family 'sans-serif' not found because none of the following families were found: Arial, Liberation Sans, Bitstream Vera Sans, sans-serif
2025-08-08 20:10:30,887:WARNING:findfont: Generic family 'sans-serif' not found because none of the following families were found: Arial, Liberation Sans, Bitstream Vera Sans, sans-serif
2025-08-08 20:10:30,889:WARNING:findfont: Generic family 'sans-serif' not found because none of the following families were found: Arial, Liberation Sans, Bitstream Vera Sans, sans-serif
2025-08-08 20:10:30,890:WARNING:findfont: Generic family 'sans-serif' not found because none of the following families were found: Arial, Liberation Sans, Bitstream Vera Sans, sans-serif
2025-08-08 20:10:30,890:WARNING:findfont: Generic family 'sans-serif' not found because none of the following families were found: Arial, Liberation Sans, Bitstream Vera Sans, sans-serif
2025-08-08 20:10:30,890:WARNING:findfont: Generic family 'sans-serif' not found because none of the following families were found: Arial, Liberation Sans, Bitstream Vera Sans, sans-serif
2025-08-08 20:10:30,923:WARNING:findfont: Generic family 'sans-serif' not found because none of the following families were found: Arial, Liberation Sans, Bitstream Vera Sans, sans-serif
2025-08-08 20:10:30,923:WARNING:findfont: Generic family 'sans-serif' not found because none of the following families were found: Arial, Liberation Sans, Bitstream Vera Sans, sans-serif
2025-08-08 20:10:30,923:WARNING:findfont: Generic family 'sans-serif' not found because none of the following families were found: Arial, Liberation Sans, Bitstream Vera Sans, sans-serif
2025-08-08 20:10:30,925:WARNING:findfont: Generic family 'sans-serif' not found because none of the following families were found: Arial, Liberation Sans, Bitstream Vera Sans, sans-serif
2025-08-08 20:10:30,925:WARNING:findfont: Generic family 'sans-serif' not found because none of the following families were found: Arial, Liberation Sans, Bitstream Vera Sans, sans-serif
2025-08-08 20:10:30,925:WARNING:findfont: Generic family 'sans-serif' not found because none of the following families were found: Arial, Liberation Sans, Bitstream Vera Sans, sans-serif
2025-08-08 20:10:30,926:WARNING:findfont: Generic family 'sans-serif' not found because none of the following families were found: Arial, Liberation Sans, Bitstream Vera Sans, sans-serif
2025-08-08 20:10:30,929:WARNING:findfont: Generic family 'sans-serif' not found because none of the following families were found: Arial, Liberation Sans, Bitstream Vera Sans, sans-serif
2025-08-08 20:10:30,930:WARNING:findfont: Generic family 'sans-serif' not found because none of the following families were found: Arial, Liberation Sans, Bitstream Vera Sans, sans-serif
2025-08-08 20:10:30,931:WARNING:findfont: Generic family 'sans-serif' not found because none of the following families were found: Arial, Liberation Sans, Bitstream Vera Sans, sans-serif
2025-08-08 20:10:30,932:WARNING:findfont: Generic family 'sans-serif' not found because none of the following families were found: Arial, Liberation Sans, Bitstream Vera Sans, sans-serif
2025-08-08 20:10:30,934:WARNING:findfont: Generic family 'sans-serif' not found because none of the following families were found: Arial, Liberation Sans, Bitstream Vera Sans, sans-serif
2025-08-08 20:10:30,934:WARNING:findfont: Generic family 'sans-serif' not found because none of the following families were found: Arial, Liberation Sans, Bitstream Vera Sans, sans-serif
2025-08-08 20:10:30,936:WARNING:findfont: Generic family 'sans-serif' not found because none of the following families were found: Arial, Liberation Sans, Bitstream Vera Sans, sans-serif
2025-08-08 20:10:30,938:WARNING:findfont: Generic family 'sans-serif' not found because none of the following families were found: Arial, Liberation Sans, Bitstream Vera Sans, sans-serif
2025-08-08 20:10:30,938:WARNING:findfont: Generic family 'sans-serif' not found because none of the following families were found: Arial, Liberation Sans, Bitstream Vera Sans, sans-serif
2025-08-08 20:10:30,939:WARNING:findfont: Generic family 'sans-serif' not found because none of the following families were found: Arial, Liberation Sans, Bitstream Vera Sans, sans-serif
2025-08-08 20:10:30,939:WARNING:findfont: Generic family 'sans-serif' not found because none of the following families were found: Arial, Liberation Sans, Bitstream Vera Sans, sans-serif
2025-08-08 20:10:30,939:WARNING:findfont: Generic family 'sans-serif' not found because none of the following families were found: Arial, Liberation Sans, Bitstream Vera Sans, sans-serif
2025-08-08 20:10:30,940:WARNING:findfont: Generic family 'sans-serif' not found because none of the following families were found: Arial, Liberation Sans, Bitstream Vera Sans, sans-serif
2025-08-08 20:10:30,940:WARNING:findfont: Generic family 'sans-serif' not found because none of the following families were found: Arial, Liberation Sans, Bitstream Vera Sans, sans-serif
2025-08-08 20:10:30,940:WARNING:findfont: Generic family 'sans-serif' not found because none of the following families were found: Arial, Liberation Sans, Bitstream Vera Sans, sans-serif
2025-08-08 20:10:30,941:WARNING:findfont: Generic family 'sans-serif' not found because none of the following families were found: Arial, Liberation Sans, Bitstream Vera Sans, sans-serif
2025-08-08 20:10:30,987:INFO:Visual Rendered Successfully
2025-08-08 20:10:31,186:INFO:plot_model() successfully completed......................................
2025-08-08 20:10:35,997:INFO:Initializing plot_model()
2025-08-08 20:10:35,998:INFO:plot_model(self=<pycaret.classification.oop.ClassificationExperiment object at 0x7bdcd0784450>, estimator=KNeighborsClassifier(algorithm='auto', leaf_size=30, metric='minkowski',
                     metric_params=None, n_jobs=-1, n_neighbors=5, p=2,
                     weights='uniform'), plot=feature, scale=1, save=False, fold=None, fit_kwargs=None, plot_kwargs=None, groups=None, feature_name=None, label=False, verbose=True, system=True, display=None, display_format=None)
2025-08-08 20:10:36,000:INFO:Checking exceptions
2025-08-08 20:10:40,666:INFO:Initializing plot_model()
2025-08-08 20:10:40,667:INFO:plot_model(self=<pycaret.classification.oop.ClassificationExperiment object at 0x7bdcd0784450>, estimator=LogisticRegression(C=1.0, class_weight=None, dual=False, fit_intercept=True,
                   intercept_scaling=1, l1_ratio=None, max_iter=1000,
                   multi_class='auto', n_jobs=None, penalty='l2',
                   random_state=42, solver='lbfgs', tol=0.0001, verbose=0,
                   warm_start=False), plot=feature, scale=1, save=False, fold=None, fit_kwargs=None, plot_kwargs=None, groups=None, feature_name=None, label=False, verbose=True, system=True, display=None, display_format=None)
2025-08-08 20:10:40,667:INFO:Checking exceptions
2025-08-08 20:10:40,676:INFO:Preloading libraries
2025-08-08 20:10:40,679:INFO:Copying training dataset
2025-08-08 20:10:40,679:INFO:Plot type: feature
2025-08-08 20:10:40,835:WARNING:findfont: Generic family 'sans-serif' not found because none of the following families were found: Arial, Liberation Sans, Bitstream Vera Sans, sans-serif
2025-08-08 20:10:40,835:WARNING:findfont: Generic family 'sans-serif' not found because none of the following families were found: Arial, Liberation Sans, Bitstream Vera Sans, sans-serif
2025-08-08 20:10:40,837:WARNING:findfont: Generic family 'sans-serif' not found because none of the following families were found: Arial, Liberation Sans, Bitstream Vera Sans, sans-serif
2025-08-08 20:10:40,837:WARNING:findfont: Generic family 'sans-serif' not found because none of the following families were found: Arial, Liberation Sans, Bitstream Vera Sans, sans-serif
2025-08-08 20:10:40,838:WARNING:findfont: Generic family 'sans-serif' not found because none of the following families were found: Arial, Liberation Sans, Bitstream Vera Sans, sans-serif
2025-08-08 20:10:40,838:WARNING:findfont: Generic family 'sans-serif' not found because none of the following families were found: Arial, Liberation Sans, Bitstream Vera Sans, sans-serif
2025-08-08 20:10:40,839:WARNING:findfont: Generic family 'sans-serif' not found because none of the following families were found: Arial, Liberation Sans, Bitstream Vera Sans, sans-serif
2025-08-08 20:10:40,839:WARNING:findfont: Generic family 'sans-serif' not found because none of the following families were found: Arial, Liberation Sans, Bitstream Vera Sans, sans-serif
2025-08-08 20:10:40,840:WARNING:findfont: Generic family 'sans-serif' not found because none of the following families were found: Arial, Liberation Sans, Bitstream Vera Sans, sans-serif
2025-08-08 20:10:40,841:WARNING:findfont: Generic family 'sans-serif' not found because none of the following families were found: Arial, Liberation Sans, Bitstream Vera Sans, sans-serif
2025-08-08 20:10:40,841:WARNING:findfont: Generic family 'sans-serif' not found because none of the following families were found: Arial, Liberation Sans, Bitstream Vera Sans, sans-serif
2025-08-08 20:10:40,844:WARNING:findfont: Generic family 'sans-serif' not found because none of the following families were found: Arial, Liberation Sans, Bitstream Vera Sans, sans-serif
2025-08-08 20:10:40,845:WARNING:findfont: Generic family 'sans-serif' not found because none of the following families were found: Arial, Liberation Sans, Bitstream Vera Sans, sans-serif
2025-08-08 20:10:40,846:WARNING:findfont: Generic family 'sans-serif' not found because none of the following families were found: Arial, Liberation Sans, Bitstream Vera Sans, sans-serif
2025-08-08 20:10:40,846:WARNING:findfont: Generic family 'sans-serif' not found because none of the following families were found: Arial, Liberation Sans, Bitstream Vera Sans, sans-serif
2025-08-08 20:10:40,871:WARNING:findfont: Generic family 'sans-serif' not found because none of the following families were found: Arial, Liberation Sans, Bitstream Vera Sans, sans-serif
2025-08-08 20:10:40,871:WARNING:findfont: Generic family 'sans-serif' not found because none of the following families were found: Arial, Liberation Sans, Bitstream Vera Sans, sans-serif
2025-08-08 20:10:40,872:WARNING:findfont: Generic family 'sans-serif' not found because none of the following families were found: Arial, Liberation Sans, Bitstream Vera Sans, sans-serif
2025-08-08 20:10:40,872:WARNING:findfont: Generic family 'sans-serif' not found because none of the following families were found: Arial, Liberation Sans, Bitstream Vera Sans, sans-serif
2025-08-08 20:10:40,872:WARNING:findfont: Generic family 'sans-serif' not found because none of the following families were found: Arial, Liberation Sans, Bitstream Vera Sans, sans-serif
2025-08-08 20:10:40,873:WARNING:findfont: Generic family 'sans-serif' not found because none of the following families were found: Arial, Liberation Sans, Bitstream Vera Sans, sans-serif
2025-08-08 20:10:40,873:WARNING:findfont: Generic family 'sans-serif' not found because none of the following families were found: Arial, Liberation Sans, Bitstream Vera Sans, sans-serif
2025-08-08 20:10:40,874:WARNING:findfont: Generic family 'sans-serif' not found because none of the following families were found: Arial, Liberation Sans, Bitstream Vera Sans, sans-serif
2025-08-08 20:10:40,874:WARNING:findfont: Generic family 'sans-serif' not found because none of the following families were found: Arial, Liberation Sans, Bitstream Vera Sans, sans-serif
2025-08-08 20:10:40,881:WARNING:findfont: Generic family 'sans-serif' not found because none of the following families were found: Arial, Liberation Sans, Bitstream Vera Sans, sans-serif
2025-08-08 20:10:40,942:WARNING:findfont: Generic family 'sans-serif' not found because none of the following families were found: Arial, Liberation Sans, Bitstream Vera Sans, sans-serif
2025-08-08 20:10:40,942:WARNING:findfont: Generic family 'sans-serif' not found because none of the following families were found: Arial, Liberation Sans, Bitstream Vera Sans, sans-serif
2025-08-08 20:10:40,944:WARNING:findfont: Generic family 'sans-serif' not found because none of the following families were found: Arial, Liberation Sans, Bitstream Vera Sans, sans-serif
2025-08-08 20:10:40,944:WARNING:findfont: Generic family 'sans-serif' not found because none of the following families were found: Arial, Liberation Sans, Bitstream Vera Sans, sans-serif
2025-08-08 20:10:40,945:WARNING:findfont: Generic family 'sans-serif' not found because none of the following families were found: Arial, Liberation Sans, Bitstream Vera Sans, sans-serif
2025-08-08 20:10:40,947:WARNING:findfont: Generic family 'sans-serif' not found because none of the following families were found: Arial, Liberation Sans, Bitstream Vera Sans, sans-serif
2025-08-08 20:10:40,948:WARNING:findfont: Generic family 'sans-serif' not found because none of the following families were found: Arial, Liberation Sans, Bitstream Vera Sans, sans-serif
2025-08-08 20:10:40,949:WARNING:findfont: Generic family 'sans-serif' not found because none of the following families were found: Arial, Liberation Sans, Bitstream Vera Sans, sans-serif
2025-08-08 20:10:40,950:WARNING:findfont: Generic family 'sans-serif' not found because none of the following families were found: Arial, Liberation Sans, Bitstream Vera Sans, sans-serif
2025-08-08 20:10:40,952:WARNING:findfont: Generic family 'sans-serif' not found because none of the following families were found: Arial, Liberation Sans, Bitstream Vera Sans, sans-serif
2025-08-08 20:10:40,953:WARNING:findfont: Generic family 'sans-serif' not found because none of the following families were found: Arial, Liberation Sans, Bitstream Vera Sans, sans-serif
2025-08-08 20:10:40,958:WARNING:findfont: Generic family 'sans-serif' not found because none of the following families were found: Arial, Liberation Sans, Bitstream Vera Sans, sans-serif
2025-08-08 20:10:40,958:WARNING:findfont: Generic family 'sans-serif' not found because none of the following families were found: Arial, Liberation Sans, Bitstream Vera Sans, sans-serif
2025-08-08 20:10:40,959:WARNING:findfont: Generic family 'sans-serif' not found because none of the following families were found: Arial, Liberation Sans, Bitstream Vera Sans, sans-serif
2025-08-08 20:10:40,959:WARNING:findfont: Generic family 'sans-serif' not found because none of the following families were found: Arial, Liberation Sans, Bitstream Vera Sans, sans-serif
2025-08-08 20:10:40,962:WARNING:findfont: Generic family 'sans-serif' not found because none of the following families were found: Arial, Liberation Sans, Bitstream Vera Sans, sans-serif
2025-08-08 20:10:40,962:WARNING:findfont: Generic family 'sans-serif' not found because none of the following families were found: Arial, Liberation Sans, Bitstream Vera Sans, sans-serif
2025-08-08 20:10:40,962:WARNING:findfont: Generic family 'sans-serif' not found because none of the following families were found: Arial, Liberation Sans, Bitstream Vera Sans, sans-serif
2025-08-08 20:10:40,963:WARNING:findfont: Generic family 'sans-serif' not found because none of the following families were found: Arial, Liberation Sans, Bitstream Vera Sans, sans-serif
2025-08-08 20:10:40,963:WARNING:findfont: Generic family 'sans-serif' not found because none of the following families were found: Arial, Liberation Sans, Bitstream Vera Sans, sans-serif
2025-08-08 20:10:40,963:WARNING:findfont: Generic family 'sans-serif' not found because none of the following families were found: Arial, Liberation Sans, Bitstream Vera Sans, sans-serif
2025-08-08 20:10:40,964:WARNING:findfont: Generic family 'sans-serif' not found because none of the following families were found: Arial, Liberation Sans, Bitstream Vera Sans, sans-serif
2025-08-08 20:10:40,964:WARNING:findfont: Generic family 'sans-serif' not found because none of the following families were found: Arial, Liberation Sans, Bitstream Vera Sans, sans-serif
2025-08-08 20:10:40,964:WARNING:findfont: Generic family 'sans-serif' not found because none of the following families were found: Arial, Liberation Sans, Bitstream Vera Sans, sans-serif
2025-08-08 20:10:40,965:WARNING:findfont: Generic family 'sans-serif' not found because none of the following families were found: Arial, Liberation Sans, Bitstream Vera Sans, sans-serif
2025-08-08 20:10:40,966:WARNING:findfont: Generic family 'sans-serif' not found because none of the following families were found: Arial, Liberation Sans, Bitstream Vera Sans, sans-serif
2025-08-08 20:10:40,966:WARNING:findfont: Generic family 'sans-serif' not found because none of the following families were found: Arial, Liberation Sans, Bitstream Vera Sans, sans-serif
2025-08-08 20:10:40,967:WARNING:findfont: Generic family 'sans-serif' not found because none of the following families were found: Arial, Liberation Sans, Bitstream Vera Sans, sans-serif
2025-08-08 20:10:40,968:WARNING:findfont: Generic family 'sans-serif' not found because none of the following families were found: Arial, Liberation Sans, Bitstream Vera Sans, sans-serif
2025-08-08 20:10:40,968:WARNING:findfont: Generic family 'sans-serif' not found because none of the following families were found: Arial, Liberation Sans, Bitstream Vera Sans, sans-serif
2025-08-08 20:10:40,969:WARNING:findfont: Generic family 'sans-serif' not found because none of the following families were found: Arial, Liberation Sans, Bitstream Vera Sans, sans-serif
2025-08-08 20:10:40,969:WARNING:findfont: Generic family 'sans-serif' not found because none of the following families were found: Arial, Liberation Sans, Bitstream Vera Sans, sans-serif
2025-08-08 20:10:40,970:WARNING:findfont: Generic family 'sans-serif' not found because none of the following families were found: Arial, Liberation Sans, Bitstream Vera Sans, sans-serif
2025-08-08 20:10:40,973:WARNING:findfont: Generic family 'sans-serif' not found because none of the following families were found: Arial, Liberation Sans, Bitstream Vera Sans, sans-serif
2025-08-08 20:10:40,973:WARNING:findfont: Generic family 'sans-serif' not found because none of the following families were found: Arial, Liberation Sans, Bitstream Vera Sans, sans-serif
2025-08-08 20:10:40,975:WARNING:findfont: Generic family 'sans-serif' not found because none of the following families were found: Arial, Liberation Sans, Bitstream Vera Sans, sans-serif
2025-08-08 20:10:40,979:WARNING:findfont: Generic family 'sans-serif' not found because none of the following families were found: Arial, Liberation Sans, Bitstream Vera Sans, sans-serif
2025-08-08 20:10:40,980:WARNING:findfont: Generic family 'sans-serif' not found because none of the following families were found: Arial, Liberation Sans, Bitstream Vera Sans, sans-serif
2025-08-08 20:10:40,982:WARNING:findfont: Generic family 'sans-serif' not found because none of the following families were found: Arial, Liberation Sans, Bitstream Vera Sans, sans-serif
2025-08-08 20:10:40,983:WARNING:findfont: Generic family 'sans-serif' not found because none of the following families were found: Arial, Liberation Sans, Bitstream Vera Sans, sans-serif
2025-08-08 20:10:40,984:WARNING:findfont: Generic family 'sans-serif' not found because none of the following families were found: Arial, Liberation Sans, Bitstream Vera Sans, sans-serif
2025-08-08 20:10:40,985:WARNING:findfont: Generic family 'sans-serif' not found because none of the following families were found: Arial, Liberation Sans, Bitstream Vera Sans, sans-serif
2025-08-08 20:10:40,986:WARNING:findfont: Generic family 'sans-serif' not found because none of the following families were found: Arial, Liberation Sans, Bitstream Vera Sans, sans-serif
2025-08-08 20:10:40,987:WARNING:findfont: Generic family 'sans-serif' not found because none of the following families were found: Arial, Liberation Sans, Bitstream Vera Sans, sans-serif
2025-08-08 20:10:40,988:WARNING:findfont: Generic family 'sans-serif' not found because none of the following families were found: Arial, Liberation Sans, Bitstream Vera Sans, sans-serif
2025-08-08 20:10:40,990:WARNING:findfont: Generic family 'sans-serif' not found because none of the following families were found: Arial, Liberation Sans, Bitstream Vera Sans, sans-serif
2025-08-08 20:10:40,993:WARNING:findfont: Generic family 'sans-serif' not found because none of the following families were found: Arial, Liberation Sans, Bitstream Vera Sans, sans-serif
2025-08-08 20:10:41,014:INFO:Visual Rendered Successfully
2025-08-08 20:10:41,225:INFO:plot_model() successfully completed......................................
2025-08-08 20:11:46,080:INFO:Initializing predict_model()
2025-08-08 20:11:46,081:INFO:predict_model(self=<pycaret.classification.oop.ClassificationExperiment object at 0x7bdcd0784450>, estimator=KNeighborsClassifier(algorithm='auto', leaf_size=30, metric='minkowski',
                     metric_params=None, n_jobs=-1, n_neighbors=5, p=2,
                     weights='uniform'), probability_threshold=None, encoded_labels=False, raw_score=False, round=4, verbose=True, ml_usecase=None, preprocess=True, encode_labels=<function _SupervisedExperiment.predict_model.<locals>.encode_labels at 0x7bdc9b2cfc40>)
2025-08-08 20:11:46,081:INFO:Checking exceptions
2025-08-08 20:11:46,081:INFO:Preloading libraries
2025-08-08 20:11:46,086:INFO:Set up data.
2025-08-08 20:11:46,099:INFO:Set up index.
2025-08-08 20:11:46,667:WARNING:/workspaces/TechCatalyst_DE_2025/pycaret_env/lib/python3.11/site-packages/sklearn/metrics/_classification.py:1561: UserWarning: Note that pos_label (set to 'Yes') is ignored when average != 'binary' (got 'weighted'). You may use labels=[pos_label] to specify a single positive class.
  warnings.warn(

2025-08-08 20:11:46,677:WARNING:/workspaces/TechCatalyst_DE_2025/pycaret_env/lib/python3.11/site-packages/sklearn/metrics/_classification.py:1561: UserWarning: Note that pos_label (set to 'Yes') is ignored when average != 'binary' (got 'weighted'). You may use labels=[pos_label] to specify a single positive class.
  warnings.warn(

2025-08-08 20:11:46,686:WARNING:/workspaces/TechCatalyst_DE_2025/pycaret_env/lib/python3.11/site-packages/sklearn/metrics/_classification.py:1561: UserWarning: Note that pos_label (set to 'Yes') is ignored when average != 'binary' (got 'weighted'). You may use labels=[pos_label] to specify a single positive class.
  warnings.warn(

